# WaveFront *.obj file (generated by Autodesk ATF)

mtllib Final.mtl

g Aleta

v 0.027373 -21.700001 -152.499832
v 0.057193 -21.700001 -152.284729
v 0.009013 -21.700001 -152.499832
v -0.020807 -21.700001 -152.284729
v -0.064306 -21.700001 -151.961395
v 0.100692 -21.700001 -151.961395
v 0.199456 -21.700001 -151.164337
v 0.297576 -21.700001 -150.240967
v -0.261190 -21.700001 -150.240967
v -0.163071 -21.700001 -151.164337
v -0.349134 -21.700001 -149.233353
v 0.385520 -21.700001 -149.233353
v -0.478440 -21.700001 -147.057816
v 0.514826 -21.700001 -147.057816
v -0.539212 -21.700001 -144.773651
v 0.575598 -21.700001 -144.773651
v -0.539852 -21.700001 -142.491623
v 0.576239 -21.700001 -142.491623
v 0.505136 -21.700001 -140.328659
v -0.468748 -21.700001 -140.328659
v 0.436585 -21.700001 -139.335068
v -0.400198 -21.700001 -139.335068
v -0.304974 -21.700001 -138.434006
v 0.341361 -21.700001 -138.434006
v 0.212180 -21.700001 -137.671448
v 0.130116 -21.700001 -137.374313
v -0.093729 -21.700001 -137.374313
v -0.175793 -21.700001 -137.671448
v -0.043311 -21.700001 -137.261261
v 0.079698 -21.700001 -137.261261
v 0.050496 -21.700001 -137.220291
v 0.034979 -21.700001 -137.205902
v 0.026759 -21.700001 -137.201553
v 0.022503 -21.700001 -137.200378
v 0.018194 -21.700001 -137.199982
v 0.013884 -21.700001 -137.200378
v 0.009628 -21.700001 -137.201553
v 0.001408 -21.700001 -137.205902
v -0.014109 -21.700001 -137.220291
v 0.036360 -8.700000 -156.500000
v 0.000000 -8.700000 -156.500000
v 0.060228 -8.700000 -156.328232
v -0.023868 -8.700000 -156.328232
v -0.059701 -8.700000 -156.069275
v 0.096062 -8.700000 -156.069275
v -0.146101 -8.700000 -155.426880
v 0.182464 -8.700000 -155.426880
v -0.242328 -8.700000 -154.675583
v 0.278691 -8.700000 -154.675583
v -0.341804 -8.700000 -153.846497
v 0.378167 -8.700000 -153.846497
v -0.535979 -8.700000 -152.017654
v 0.572345 -8.700000 -152.017654
v -0.709908 -8.700000 -150.022949
v 0.746277 -8.700000 -150.022949
v -0.854839 -8.700000 -147.911392
v 0.891210 -8.700000 -147.911392
v -0.965554 -8.700000 -145.717804
v 1.001929 -8.700000 -145.717804
v -1.085704 -8.700000 -141.198685
v 1.122085 -8.700000 -141.198685
v -1.087029 -8.700000 -136.683807
v 1.123419 -8.700000 -136.683807
v -1.037076 -8.700000 -134.498672
v 1.073469 -8.700000 -134.498672
v -0.946553 -8.700000 -132.403458
v 0.982948 -8.700000 -132.403458
v -0.811084 -8.700000 -130.436401
v 0.847480 -8.700000 -130.436401
v -0.622821 -8.700000 -128.651535
v 0.659221 -8.700000 -128.651535
v -0.505265 -8.700000 -127.853073
v 0.541667 -8.700000 -127.853073
v 0.403586 -8.700000 -127.139313
v -0.367186 -8.700000 -127.139313
v -0.204717 -8.700000 -126.548592
v 0.241119 -8.700000 -126.548592
v -0.104624 -8.700000 -126.323135
v 0.141027 -8.700000 -126.323135
v 0.082910 -8.700000 -126.241051
v -0.046508 -8.700000 -126.241051
v -0.015498 -8.700000 -126.212044
v 0.000981 -8.700000 -126.203201
v 0.009534 -8.700000 -126.200821
v 0.018201 -8.700000 -126.200012
v 0.026869 -8.700000 -126.200821
v 0.035421 -8.700000 -126.203201
v 0.051901 -8.700000 -126.212044
v 0.031866 -15.200000 -154.499908
v 0.058338 -14.116667 -154.648178
v 0.056226 -15.200000 -154.324646
v 0.096647 -14.116667 -154.369431
v 0.092532 -15.200000 -154.060486
v 0.206089 -14.116667 -153.534210
v 0.196271 -15.200000 -153.268784
v 0.324697 -14.116667 -152.545990
v 0.308714 -15.200000 -152.331985
v 0.440420 -14.116667 -151.454880
v 0.418429 -15.200000 -151.297592
v 0.547905 -14.116667 -150.286362
v 0.520334 -15.200000 -150.189789
v 0.724746 -14.116667 -147.785660
v 0.688003 -15.200000 -147.818954
v 0.840549 -14.116667 -145.145309
v 0.797801 -15.200000 -145.315689
v 0.906371 -14.116667 -140.485168
v 0.860206 -15.200000 -140.897446
v 0.886315 -14.116667 -138.575073
v 0.841188 -15.200000 -139.086502
v 0.859805 -14.116667 -137.507446
v 0.816051 -15.200000 -138.074310
v 0.835721 -14.116667 -136.812820
v 0.793216 -15.200000 -137.415756
v 0.816829 -14.116667 -136.370453
v 0.775303 -15.200000 -136.996368
v 0.742165 -14.116667 -135.008926
v 0.704508 -15.200000 -135.705551
v 0.639000 -14.116667 -133.731293
v 0.606692 -15.200000 -134.494308
v 0.541439 -14.116667 -132.839645
v 0.514190 -15.200000 -133.649017
v 0.422835 -14.116667 -132.031219
v 0.401739 -15.200000 -132.882660
v 0.320991 -14.116667 -131.515350
v 0.305185 -15.200000 -132.393677
v 0.212460 -14.116667 -131.109024
v 0.202296 -15.200000 -132.008560
v 0.130582 -14.116667 -130.909958
v 0.124683 -15.200000 -131.819931
v 0.099590 -14.116667 -130.855835
v 0.095308 -15.200000 -131.768646
v 0.066146 -14.116667 -130.812134
v 0.063616 -15.200000 -131.727264
v 0.048218 -14.116667 -130.795547
v 0.046632 -15.200000 -131.711563
v 0.038929 -14.116667 -130.789474
v 0.037832 -15.200000 -131.705811
v 0.029456 -14.116667 -130.785339
v 0.028860 -15.200000 -131.701889
v 0.019826 -14.116667 -130.783478
v 0.019740 -15.200000 -131.700134
v 0.010064 -14.116667 -130.784241
v 0.010495 -15.200000 -131.700851
v 0.000434 -14.116667 -130.787613
v 0.001374 -15.200000 -131.704041
v -0.008877 -14.116667 -130.793121
v -0.007446 -15.200000 -131.709259
v -0.033877 -14.116667 -130.816483
v -0.031132 -15.200000 -131.731384
v -0.057869 -14.116667 -130.847214
v -0.053866 -15.200000 -131.760483
v -0.101343 -14.116667 -130.923645
v -0.095072 -15.200000 -131.832901
v -0.199303 -14.116667 -131.180679
v -0.187933 -15.200000 -132.076462
v -0.270942 -14.116667 -131.453003
v -0.255850 -15.200000 -132.334579
v -0.375734 -14.116667 -131.971893
v -0.355197 -15.200000 -132.826431
v -0.466939 -14.116667 -132.553665
v -0.441668 -15.200000 -133.377930
v -0.580709 -14.116667 -133.504227
v -0.549536 -15.200000 -134.279053
v -0.671243 -14.116667 -134.536606
v -0.635377 -15.200000 -135.257767
v -0.783140 -14.116667 -136.424698
v -0.741474 -15.200000 -137.047775
v -0.847103 -14.116667 -138.434662
v -0.802124 -15.200000 -138.953384
v -0.867589 -14.116667 -141.689728
v -0.821550 -15.200000 -142.039474
v -0.808666 -14.116667 -144.989395
v -0.765684 -15.200000 -145.167862
v -0.700182 -14.116667 -147.568604
v -0.662825 -15.200000 -147.613174
v -0.533595 -14.116667 -150.021759
v -0.504879 -15.200000 -149.938934
v -0.431310 -14.116667 -151.174927
v -0.407901 -15.200000 -151.032196
v -0.320030 -14.116667 -152.259354
v -0.302398 -15.200000 -152.060257
v -0.204685 -14.116667 -153.253860
v -0.193047 -15.200000 -153.003036
v -0.093683 -14.116667 -154.121658
v -0.087822 -15.200000 -153.825638
v -0.024792 -14.116667 -154.627808
v -0.022530 -15.200000 -154.305328
v 0.004506 -15.200000 -154.499908
v -0.020833 -16.012501 -154.063477
v -0.019136 -16.825001 -153.821625
v -0.079032 -16.825001 -153.381592
v -0.076834 -17.231251 -153.270584
v -0.171224 -17.231251 -152.532745
v -0.166859 -17.637501 -152.438690
v -0.262727 -17.637501 -151.612289
v -0.249503 -18.450001 -151.462967
v -0.337677 -18.450001 -150.603989
v -0.314268 -19.533333 -150.461258
v -0.390011 -19.533333 -149.607635
v -0.361294 -20.616667 -149.524811
v -0.476042 -20.616667 -147.836014
v 0.066786 -9.783333 -155.942337
v 0.064674 -10.866667 -155.618805
v 0.062562 -11.950000 -155.295258
v 0.108994 -10.866667 -155.296295
v 0.104878 -11.950000 -154.987335
v 0.235544 -10.866667 -154.330444
v 0.225726 -11.950000 -154.065033
v 0.372648 -10.866667 -153.187988
v 0.356664 -11.950000 -152.973984
v 0.506394 -10.866667 -151.926712
v 0.484402 -11.950000 -151.769440
v 0.630616 -10.866667 -150.576065
v 0.603046 -11.950000 -150.479492
v 0.834976 -10.866667 -147.685776
v 0.798233 -11.950000 -147.719070
v 0.968792 -10.866667 -144.634201
v 0.926044 -11.950000 -144.804565
v 1.044863 -10.866667 -139.248352
v 0.998699 -11.950000 -139.660629
v 1.021694 -10.866667 -137.040771
v 0.976568 -11.950000 -137.552216
v 0.991064 -10.866667 -135.806870
v 0.947311 -11.950000 -136.373718
v 0.963238 -10.866667 -135.004028
v 0.920732 -11.950000 -135.606964
v 0.941407 -10.866667 -134.492752
v 0.899881 -11.950000 -135.118652
v 0.855135 -10.866667 -132.919052
v 0.817478 -11.950000 -133.615677
v 0.735923 -10.866667 -131.442261
v 0.703615 -11.950000 -132.205276
v 0.623186 -10.866667 -130.411514
v 0.595937 -11.950000 -131.220886
v 0.486121 -10.866667 -129.476883
v 0.465026 -11.950000 -130.328323
v 0.368407 -10.866667 -128.880386
v 0.352602 -11.950000 -129.758713
v 0.242952 -10.866667 -128.410400
v 0.232788 -11.950000 -129.309937
v 0.148279 -10.866667 -128.180054
v 0.142380 -11.950000 -129.090027
v 0.112436 -10.866667 -128.117371
v 0.108154 -11.950000 -129.030197
v 0.073737 -10.866667 -128.066757
v 0.071206 -11.950000 -128.981888
v 0.052978 -10.866667 -128.047516
v 0.051391 -11.950000 -128.963531
v 0.042218 -10.866667 -128.040466
v 0.041122 -11.950000 -128.956802
v 0.031244 -10.866667 -128.035660
v 0.030648 -11.950000 -128.952225
v 0.020086 -10.866667 -128.033493
v 0.019999 -11.950000 -128.950150
v 0.008773 -10.866667 -128.034393
v 0.009204 -11.950000 -128.951004
v -0.002385 -10.866667 -128.038315
v -0.001446 -11.950000 -128.954742
v -0.013170 -10.866667 -128.044708
v -0.011739 -11.950000 -128.960846
v -0.042114 -10.866667 -128.071793
v -0.039368 -11.950000 -128.986694
v -0.069876 -10.866667 -128.107391
v -0.065874 -11.950000 -129.020660
v -0.120154 -10.866667 -128.195892
v -0.113883 -11.950000 -129.105148
v -0.233414 -10.866667 -128.493286
v -0.222044 -11.950000 -129.389084
v -0.316217 -10.866667 -128.808273
v -0.301125 -11.950000 -129.689850
v -0.437343 -10.866667 -129.408295
v -0.416807 -11.950000 -130.262833
v -0.542753 -10.866667 -130.080917
v -0.517482 -11.950000 -130.905167
v -0.674225 -10.866667 -131.179779
v -0.643053 -11.950000 -131.954590
v -0.778838 -10.866667 -132.373108
v -0.742973 -11.950000 -133.094269
v -0.908138 -10.866667 -134.555435
v -0.866472 -11.950000 -135.178513
v -0.982043 -10.866667 -136.878494
v -0.937063 -11.950000 -137.397217
v -1.005705 -10.866667 -140.640488
v -0.959666 -11.950000 -140.990234
v -0.937611 -10.866667 -144.453995
v -0.894629 -11.950000 -144.632462
v -0.812252 -10.866667 -147.434906
v -0.774895 -11.950000 -147.479462
v -0.619746 -10.866667 -150.270248
v -0.591029 -11.950000 -150.187408
v -0.501534 -10.866667 -151.603119
v -0.478126 -11.950000 -151.460388
v -0.372925 -10.866667 -152.856628
v -0.355293 -11.950000 -152.657547
v -0.239602 -10.866667 -154.006332
v -0.227963 -11.950000 -153.755508
v -0.111264 -10.866667 -155.009720
v -0.105404 -11.950000 -154.713699
v -0.031580 -10.866667 -155.595215
v -0.029317 -11.950000 -155.272736
v 0.113110 -9.783333 -155.605240
v 0.245362 -9.783333 -154.595856
v 0.388632 -9.783333 -153.401993
v 0.528385 -9.783333 -152.084000
v 0.658186 -9.783333 -150.672638
v 0.871719 -9.783333 -147.652481
v 1.011540 -9.783333 -144.463821
v 1.091027 -9.783333 -138.836075
v 1.066820 -9.783333 -136.529343
v 1.034818 -9.783333 -135.240005
v 1.005743 -9.783333 -134.401108
v 0.982933 -9.783333 -133.866852
v 0.892791 -9.783333 -132.222427
v 0.768230 -9.783333 -130.679245
v 0.650435 -9.783333 -129.602127
v 0.507217 -9.783333 -128.625427
v 0.384213 -9.783333 -128.002060
v 0.253116 -9.783333 -127.510857
v 0.154178 -9.783333 -127.270088
v 0.116717 -9.783333 -127.204552
v 0.076267 -9.783333 -127.151627
v 0.054565 -9.783333 -127.131508
v 0.043315 -9.783333 -127.124130
v 0.031840 -9.783333 -127.119102
v 0.020172 -9.783333 -127.116844
v 0.008343 -9.783333 -127.117767
v -0.003325 -9.783333 -127.121880
v -0.014601 -9.783333 -127.128571
v -0.044859 -9.783333 -127.156898
v -0.073879 -9.783333 -127.194107
v -0.126424 -9.783333 -127.286644
v -0.244785 -9.783333 -127.597496
v -0.331308 -9.783333 -127.926697
v -0.457880 -9.783333 -128.553757
v -0.568025 -9.783333 -129.256668
v -0.705398 -9.783333 -130.404953
v -0.814703 -9.783333 -131.651947
v -0.949804 -9.783333 -133.932343
v -1.027022 -9.783333 -136.359772
v -1.051744 -9.783333 -140.290741
v -0.980593 -9.783333 -144.275528
v -0.849609 -9.783333 -147.390335
v -0.648463 -9.783333 -150.353073
v -0.390557 -9.783333 -153.055725
v -0.524943 -9.783333 -151.745865
v -0.251241 -9.783333 -154.257156
v -0.117124 -9.783333 -155.305740
v -0.033842 -9.783333 -155.917679
v -0.015742 -18.450001 -153.337921
v -0.017439 -17.637501 -153.579773
v -0.018288 -17.231251 -153.700699
v -0.074637 -17.637501 -153.159576
v -0.011217 -20.616667 -152.692978
v -0.013480 -19.533333 -153.015442
v -0.064381 -19.533333 -152.641541
v -0.070241 -18.450001 -152.937561
v -0.146492 -19.533333 -151.999741
v -0.158130 -18.450001 -152.250565
v -0.231872 -19.533333 -151.263870
v -0.058520 -20.616667 -152.345520
v -0.134853 -20.616667 -151.748932
v -0.214240 -20.616667 -151.064774
v -0.290860 -20.616667 -150.318527
v -0.550776 -20.616667 -146.060181
v -0.591356 -20.616667 -143.788193
v -0.577225 -20.616667 -141.546982
v -0.533145 -20.616667 -140.163223
v -0.622205 -19.533333 -141.028259
v -0.574811 -19.533333 -139.540131
v -0.667184 -18.450001 -140.509537
v -0.616477 -18.450001 -138.917038
v -0.700919 -17.637501 -140.120499
v -0.647726 -17.637501 -138.449722
v -0.717787 -17.231251 -139.925980
v -0.663351 -17.231251 -138.216064
v -0.734654 -16.825001 -139.731461
v -0.678976 -16.825001 -137.982407
v -0.768389 -16.012501 -139.342422
v -0.710225 -16.012501 -137.515091
v -0.456051 -20.616667 -138.863586
v -0.491917 -19.533333 -138.142426
v -0.527782 -18.450001 -137.421249
v -0.554681 -17.637501 -136.880386
v -0.568130 -17.231251 -136.609940
v -0.581580 -16.825001 -136.339508
v -0.608479 -16.012501 -135.798645
v -0.393675 -20.616667 -138.153152
v -0.424847 -19.533333 -137.378326
v -0.456019 -18.450001 -136.603516
v -0.479399 -17.637501 -136.022400
v -0.491088 -17.231251 -135.731842
v -0.502778 -16.825001 -135.441284
v -0.526157 -16.012501 -134.860168
v -0.315311 -20.616667 -137.499191
v -0.340582 -19.533333 -136.674927
v -0.365853 -18.450001 -135.850677
v -0.384807 -17.637501 -135.232498
v -0.394284 -17.231251 -134.923401
v -0.403761 -16.825001 -134.614304
v -0.422714 -16.012501 -133.996109
v -0.252515 -20.616667 -137.099106
v -0.180392 -20.616667 -136.742447
v -0.131081 -20.616667 -136.555435
v -0.195484 -19.533333 -135.860870
v -0.142451 -19.533333 -135.659637
v -0.210575 -18.450001 -134.979294
v -0.153821 -18.450001 -134.763855
v -0.221894 -17.637501 -134.318115
v -0.162349 -17.637501 -134.092010
v -0.227553 -17.231251 -133.987534
v -0.166613 -17.231251 -133.756088
v -0.233213 -16.825001 -133.656937
v -0.170877 -16.825001 -133.420151
v -0.244531 -16.012501 -132.995758
v -0.179405 -16.012501 -132.748306
v -0.063720 -20.616667 -136.379150
v -0.069991 -19.533333 -135.469910
v -0.076261 -18.450001 -134.560654
v -0.080964 -17.637501 -133.878708
v -0.083315 -17.231251 -133.537750
v -0.085667 -16.825001 -133.196777
v -0.090369 -16.012501 -132.514832
v -0.033854 -20.616667 -136.326859
v -0.037857 -19.533333 -135.413574
v -0.041859 -18.450001 -134.500305
v -0.044861 -17.637501 -133.815353
v -0.046362 -17.231251 -133.472870
v -0.047863 -16.825001 -133.130386
v -0.050865 -16.012501 -132.445435
v -0.017404 -20.616667 -136.305862
v -0.020150 -19.533333 -135.390961
v -0.022895 -18.450001 -134.476074
v -0.024955 -17.637501 -133.789902
v -0.025984 -17.231251 -133.446808
v -0.027014 -16.825001 -133.103729
v -0.029073 -16.012501 -132.417557
v -0.000290 -20.616667 -136.289963
v 0.006073 -20.616667 -136.286209
v 0.012647 -20.616667 -136.283936
v 0.019307 -20.616667 -136.283417
v 0.025881 -20.616667 -136.284668
v 0.032350 -20.616667 -136.287476
v 0.038699 -20.616667 -136.291611
v 0.050965 -20.616667 -136.302902
v 0.073899 -20.616667 -136.332733
v 0.053495 -19.533333 -135.387772
v 0.078181 -19.533333 -135.419922
v 0.056026 -18.450001 -134.472641
v 0.082462 -18.450001 -134.507095
v 0.057923 -17.637501 -133.786301
v 0.085674 -17.637501 -133.822495
v 0.058872 -17.231251 -133.443130
v 0.087280 -17.231251 -133.480179
v 0.059821 -16.825001 -133.099960
v 0.088885 -16.825001 -133.137878
v 0.061718 -16.012501 -132.413605
v 0.092097 -16.012501 -132.453262
v 0.095188 -20.616667 -136.369781
v 0.101087 -19.533333 -135.459808
v 0.106986 -18.450001 -134.549835
v 0.111410 -17.637501 -133.867371
v 0.113622 -17.231251 -133.526123
v 0.115834 -16.825001 -133.184891
v 0.120258 -16.012501 -132.502411
v 0.151476 -20.616667 -136.506271
v 0.161640 -19.533333 -135.606720
v 0.171804 -18.450001 -134.707184
v 0.179427 -17.637501 -134.032532
v 0.183239 -17.231251 -133.695206
v 0.187050 -16.825001 -133.357880
v 0.194673 -16.012501 -132.683212
v 0.226157 -20.616667 -136.785294
v 0.241963 -19.533333 -135.906967
v 0.257768 -18.450001 -135.028641
v 0.269623 -17.637501 -134.369904
v 0.275550 -17.231251 -134.040527
v 0.281477 -16.825001 -133.711166
v 0.293331 -16.012501 -133.052414
v 0.296262 -20.616667 -137.139893
v 0.377946 -20.616667 -137.695908
v 0.445154 -20.616667 -138.309387
v 0.405195 -19.533333 -136.886520
v 0.477461 -19.533333 -137.546371
v 0.432444 -18.450001 -136.077148
v 0.509769 -18.450001 -136.783356
v 0.452880 -17.637501 -135.470108
v 0.534000 -17.637501 -136.211090
v 0.463099 -17.231251 -135.166595
v 0.546115 -17.231251 -135.924957
v 0.473317 -16.825001 -134.863083
v 0.558231 -16.825001 -135.638840
v 0.493754 -16.012501 -134.256042
v 0.582461 -16.012501 -135.066574
v 0.516225 -20.616667 -139.188675
v 0.553882 -19.533333 -138.492050
v 0.591538 -18.450001 -137.795425
v 0.619781 -17.637501 -137.272949
v 0.633902 -17.231251 -137.011719
v 0.648023 -16.825001 -136.750488
v 0.676266 -16.012501 -136.228012
v 0.567673 -20.616667 -140.125885
v 0.609199 -19.533333 -139.499985
v 0.650725 -18.450001 -138.874069
v 0.681869 -17.637501 -138.404648
v 0.697442 -17.231251 -138.169937
v 0.713014 -16.825001 -137.935226
v 0.744158 -16.012501 -137.465790
v 0.597285 -20.616667 -140.908615
v 0.580688 -20.616667 -140.430420
v 0.629385 -20.616667 -142.958801
v 0.615556 -20.616667 -141.643661
v 0.641038 -19.533333 -140.341766
v 0.623193 -19.533333 -139.827484
v 0.665699 -18.450001 -139.224548
v 0.584063 -20.616667 -146.167542
v 0.626810 -19.533333 -145.997177
v 0.675549 -19.533333 -142.546524
v 0.721714 -18.450001 -142.134262
v 0.705809 -18.450001 -140.620789
v 0.739654 -17.637501 -140.237228
v 0.717606 -17.637501 -139.349747
v 0.734014 -17.231251 -139.137177
v 0.713518 -17.231251 -138.546249
v 0.729457 -16.825001 -138.320160
v 0.504286 -20.616667 -147.985443
v 0.382482 -20.616667 -149.706940
v 0.308473 -20.616667 -150.511185
v 0.228796 -20.616667 -151.261978
v 0.330464 -19.533333 -150.668472
v 0.244779 -19.533333 -151.475983
v 0.352455 -18.450001 -150.825745
v 0.260763 -18.450001 -151.689987
v 0.368949 -17.637501 -150.943710
v 0.272751 -17.637501 -151.850479
v 0.377196 -17.231251 -151.002686
v 0.278745 -17.231251 -151.930740
v 0.385442 -16.825001 -151.061676
v 0.284738 -16.825001 -152.010986
v 0.401936 -16.012501 -151.179626
v 0.296726 -16.012501 -152.171478
v 0.147181 -20.616667 -151.941711
v 0.156999 -19.533333 -152.207138
v 0.166817 -18.450001 -152.472549
v 0.174181 -17.637501 -152.671600
v 0.177862 -17.231251 -152.771133
v 0.181544 -16.825001 -152.870667
v 0.188908 -16.012501 -153.069733
v 0.071954 -20.616667 -152.515717
v 0.076070 -19.533333 -152.824661
v 0.080185 -18.450001 -153.133621
v 0.083272 -17.637501 -153.365326
v 0.084815 -17.231251 -153.481186
v 0.086358 -16.825001 -153.597046
v 0.089445 -16.012501 -153.828766
v 0.045665 -20.616667 -152.706940
v 0.047777 -19.533333 -153.030487
v 0.049889 -18.450001 -153.354019
v 0.051474 -17.637501 -153.596680
v 0.052266 -17.231251 -153.718002
v 0.053058 -16.825001 -153.839340
v 0.054642 -16.012501 -154.081985
v 0.060450 -13.033333 -154.971725
v 0.100763 -13.033333 -154.678391
v 0.215907 -13.033333 -153.799622
v 0.340681 -13.033333 -152.759979
v 0.462411 -13.033333 -151.612152
v 0.575475 -13.033333 -150.382935
v 0.761490 -13.033333 -147.752365
v 0.883297 -13.033333 -144.974945
v 0.952535 -13.033333 -140.072891
v 0.931441 -13.033333 -138.063644
v 0.903558 -13.033333 -136.940582
v 0.878227 -13.033333 -136.209900
v 0.858355 -13.033333 -135.744553
v 0.779821 -13.033333 -134.312302
v 0.671307 -13.033333 -132.968277
v 0.568688 -13.033333 -132.030258
v 0.443930 -13.033333 -131.179779
v 0.336796 -13.033333 -130.637024
v 0.222624 -13.033333 -130.209488
v 0.136481 -13.033333 -130.000000
v 0.103872 -13.033333 -129.943008
v 0.068676 -13.033333 -129.897003
v 0.049805 -13.033333 -129.879532
v 0.040025 -13.033333 -129.873138
v 0.030052 -13.033333 -129.868774
v 0.019913 -13.033333 -129.866821
v 0.009634 -13.033333 -129.867615
v -0.000506 -13.033333 -129.871185
v -0.010308 -13.033333 -129.876984
v -0.036623 -13.033333 -129.901581
v -0.061871 -13.033333 -129.933929
v -0.107613 -13.033333 -130.014404
v -0.210673 -13.033333 -130.284882
v -0.286033 -13.033333 -130.571426
v -0.396270 -13.033333 -131.117371
v -0.492211 -13.033333 -131.729416
v -0.611881 -13.033333 -132.729416
v -0.707108 -13.033333 -133.815445
v -0.824806 -13.033333 -135.801605
v -0.892083 -13.033333 -137.915939
v -0.913628 -13.033333 -141.339981
v -0.851648 -13.033333 -144.810928
v -0.737539 -13.033333 -147.524033
v -0.562312 -13.033333 -150.104584
v -0.454718 -13.033333 -151.317657
v -0.337662 -13.033333 -152.458450
v -0.216324 -13.033333 -153.504684
v -0.099543 -13.033333 -154.417679
v -0.027055 -13.033333 -154.950272
v -0.083427 -16.012501 -153.603607
v -0.184318 -16.012501 -152.814926
v -0.175588 -16.825001 -152.626801
v -0.289175 -16.012501 -151.910934
v -0.275951 -16.825001 -151.761612
v -0.269339 -17.231251 -151.686951
v -0.390345 -16.012501 -150.925140
v -0.372789 -16.825001 -150.818085
v -0.364011 -17.231251 -150.764557
v -0.355233 -17.637501 -150.711044
v -0.483341 -16.012501 -149.876816
v -0.461803 -16.825001 -149.814697
v -0.451034 -17.231251 -149.783646
v -0.440266 -17.637501 -149.752579
v -0.418728 -18.450001 -149.690460
v -0.634808 -16.012501 -147.646591
v -0.606790 -16.825001 -147.680023
v -0.592781 -17.231251 -147.696732
v -0.578773 -17.637501 -147.713440
v -0.550755 -18.450001 -147.746872
v -0.513399 -19.533333 -147.791443
v -0.733448 -16.012501 -145.301712
v -0.701212 -16.825001 -145.435562
v -0.685094 -17.231251 -145.502487
v -0.668975 -17.637501 -145.569412
v -0.636739 -18.450001 -145.703262
v -0.593758 -19.533333 -145.881714
v -0.787021 -16.012501 -142.301773
v -0.752492 -16.825001 -142.564087
v -0.735227 -17.231251 -142.695236
v -0.717962 -17.637501 -142.826401
v -0.683433 -18.450001 -143.088699
v -0.637394 -19.533333 -143.438446
v -0.339795 -16.012501 -133.467331
v -0.324393 -16.825001 -134.108231
v -0.316691 -17.231251 -134.428680
v -0.308990 -17.637501 -134.749130
v -0.293588 -18.450001 -135.390030
v -0.273051 -19.533333 -136.244568
v -0.006373 -16.012501 -132.396362
v -0.005299 -16.825001 -133.083466
v -0.004763 -17.231251 -133.427032
v -0.004226 -17.637501 -133.770584
v -0.003153 -18.450001 -134.457687
v -0.001722 -19.533333 -135.373825
v 0.002079 -16.012501 -132.391373
v 0.002784 -16.825001 -133.078705
v 0.003136 -17.231251 -133.422363
v 0.003489 -17.637501 -133.766022
v 0.004194 -18.450001 -134.453354
v 0.005134 -19.533333 -135.369781
v 0.010818 -16.012501 -132.388306
v 0.011141 -16.825001 -133.075775
v 0.011302 -17.231251 -133.419510
v 0.011463 -17.637501 -133.763229
v 0.011786 -18.450001 -134.450699
v 0.012217 -19.533333 -135.367310
v 0.019675 -16.012501 -132.387619
v 0.019610 -16.825001 -133.075119
v 0.019578 -17.231251 -133.418854
v 0.019545 -17.637501 -133.762604
v 0.019480 -18.450001 -134.450104
v 0.019394 -19.533333 -135.366760
v 0.028413 -16.012501 -132.389313
v 0.027967 -16.825001 -133.076721
v 0.027743 -17.231251 -133.420425
v 0.027520 -17.637501 -133.764145
v 0.027073 -18.450001 -134.451553
v 0.026477 -19.533333 -135.368118
v 0.037010 -16.012501 -132.393051
v 0.036188 -16.825001 -133.080307
v 0.035777 -17.231251 -133.423935
v 0.035365 -17.637501 -133.767563
v 0.034543 -18.450001 -134.454803
v 0.033447 -19.533333 -135.371140
v 0.045442 -16.012501 -132.398560
v 0.044252 -16.825001 -133.085571
v 0.043657 -17.231251 -133.429077
v 0.043062 -17.637501 -133.772583
v 0.041872 -18.450001 -134.459579
v 0.040285 -19.533333 -135.375595
v 0.385918 -16.012501 -133.521255
v 0.370096 -16.825001 -134.159836
v 0.362185 -17.231251 -134.479126
v 0.354274 -17.637501 -134.798416
v 0.338453 -18.450001 -135.436996
v 0.317357 -19.533333 -136.288452
v 0.761336 -16.012501 -137.867950
v 0.783236 -16.012501 -138.499451
v 0.750421 -16.825001 -138.924606
v 0.807344 -16.012501 -139.470078
v 0.773499 -16.825001 -139.853653
v 0.756576 -17.231251 -140.045441
v 0.825583 -16.012501 -141.206650
v 0.790960 -16.825001 -141.515854
v 0.773648 -17.231251 -141.670456
v 0.756337 -17.637501 -141.825058
v 0.765740 -16.012501 -145.443466
v 0.733680 -16.825001 -145.571243
v 0.717649 -17.231251 -145.635132
v 0.701619 -17.637501 -145.699020
v 0.669558 -18.450001 -145.826797
v 0.660445 -16.012501 -147.843933
v 0.632888 -16.825001 -147.868912
v 0.619109 -17.231251 -147.881393
v 0.605330 -17.637501 -147.893875
v 0.577773 -18.450001 -147.918854
v 0.541030 -19.533333 -147.952148
v 0.499656 -16.012501 -150.117355
v 0.478979 -16.825001 -150.044937
v 0.468640 -17.231251 -150.008713
v 0.458301 -17.637501 -149.972504
v 0.437623 -18.450001 -149.900070
v 0.410052 -19.533333 -149.803513
v 0.660683 -19.533333 -141.132233
v 0.697578 -17.637501 -138.772354
v 0.684791 -18.450001 -139.774902
usemtl 248,247,237
f 1 2 3
f 3 2 4
f 4 2 5
f 5 2 6
f 5 6 7
f 8 9 7
f 7 9 10
f 7 10 5
f 9 8 11
f 11 8 12
f 11 12 13
f 13 12 14
f 13 14 15
f 15 14 16
f 15 16 17
f 17 16 18
f 17 18 19
f 17 19 20
f 20 19 21
f 20 21 22
f 22 21 23
f 23 21 24
f 23 24 25
f 26 27 25
f 25 27 28
f 25 28 23
f 27 26 29
f 29 26 30
f 29 30 31
f 32 33 31
f 31 33 34
f 31 34 35
f 35 36 31
f 31 36 37
f 31 37 38
f 38 39 31
f 31 39 29
f 40 41 42
f 42 41 43
f 42 43 44
f 42 44 45
f 45 44 46
f 45 46 47
f 47 46 48
f 47 48 49
f 49 48 50
f 49 50 51
f 51 50 52
f 51 52 53
f 53 52 54
f 53 54 55
f 55 54 56
f 55 56 57
f 57 56 58
f 57 58 59
f 59 58 60
f 59 60 61
f 61 60 62
f 61 62 63
f 63 62 64
f 63 64 65
f 65 64 66
f 65 66 67
f 67 66 68
f 67 68 69
f 69 68 70
f 69 70 71
f 71 70 72
f 71 72 73
f 73 72 74
f 74 72 75
f 74 75 76
f 74 76 77
f 77 76 78
f 77 78 79
f 79 78 80
f 80 78 81
f 80 81 82
f 82 83 80
f 80 83 84
f 80 84 85
f 85 86 80
f 80 86 87
f 80 87 88
f 40 42 89
f 89 42 90
f 89 90 91
f 91 90 92
f 91 92 93
f 93 92 94
f 93 94 95
f 95 94 96
f 95 96 97
f 97 96 98
f 97 98 99
f 99 98 100
f 99 100 101
f 101 100 102
f 101 102 103
f 103 102 104
f 103 104 105
f 105 104 106
f 105 106 107
f 107 106 108
f 107 108 109
f 109 108 110
f 109 110 111
f 111 110 112
f 111 112 113
f 113 112 114
f 113 114 115
f 115 114 116
f 115 116 117
f 117 116 118
f 117 118 119
f 119 118 120
f 119 120 121
f 121 120 122
f 121 122 123
f 123 122 124
f 123 124 125
f 125 124 126
f 125 126 127
f 127 126 128
f 127 128 129
f 129 128 130
f 129 130 131
f 131 130 132
f 131 132 133
f 133 132 134
f 133 134 135
f 135 134 136
f 135 136 137
f 137 136 138
f 137 138 139
f 139 138 140
f 139 140 141
f 141 140 142
f 141 142 143
f 143 142 144
f 143 144 145
f 145 144 146
f 145 146 147
f 147 146 148
f 147 148 149
f 149 148 150
f 149 150 151
f 151 150 152
f 151 152 153
f 153 152 154
f 153 154 155
f 155 154 156
f 155 156 157
f 157 156 158
f 157 158 159
f 159 158 160
f 159 160 161
f 161 160 162
f 161 162 163
f 163 162 164
f 163 164 165
f 165 164 166
f 165 166 167
f 167 166 168
f 167 168 169
f 169 168 170
f 169 170 171
f 171 170 172
f 171 172 173
f 173 172 174
f 173 174 175
f 175 174 176
f 175 176 177
f 177 176 178
f 177 178 179
f 179 178 180
f 179 180 181
f 181 180 182
f 181 182 183
f 183 182 184
f 183 184 185
f 185 184 186
f 185 186 187
f 187 186 188
f 187 188 189
f 189 188 190
f 189 190 191
f 191 190 192
f 191 192 193
f 193 192 194
f 193 194 195
f 195 194 196
f 195 196 197
f 197 196 198
f 197 198 199
f 199 198 200
f 199 200 201
f 201 200 11
f 201 11 13
f 45 202 42
f 42 202 203
f 42 203 204
f 204 203 205
f 204 205 206
f 206 205 207
f 206 207 208
f 208 207 209
f 208 209 210
f 210 209 211
f 210 211 212
f 212 211 213
f 212 213 214
f 214 213 215
f 214 215 216
f 216 215 217
f 216 217 218
f 218 217 219
f 218 219 220
f 220 219 221
f 220 221 222
f 222 221 223
f 222 223 224
f 224 223 225
f 224 225 226
f 226 225 227
f 226 227 228
f 228 227 229
f 228 229 230
f 230 229 231
f 230 231 232
f 232 231 233
f 232 233 234
f 234 233 235
f 234 235 236
f 236 235 237
f 236 237 238
f 238 237 239
f 238 239 240
f 240 239 241
f 240 241 242
f 242 241 243
f 242 243 244
f 244 243 245
f 244 245 246
f 246 245 247
f 246 247 248
f 248 247 249
f 248 249 250
f 250 249 251
f 250 251 252
f 252 251 253
f 252 253 254
f 254 253 255
f 254 255 256
f 256 255 257
f 256 257 258
f 258 257 259
f 258 259 260
f 260 259 261
f 260 261 262
f 262 261 263
f 262 263 264
f 264 263 265
f 264 265 266
f 266 265 267
f 266 267 268
f 268 267 269
f 268 269 270
f 270 269 271
f 270 271 272
f 272 271 273
f 272 273 274
f 274 273 275
f 274 275 276
f 276 275 277
f 276 277 278
f 278 277 279
f 278 279 280
f 280 279 281
f 280 281 282
f 282 281 283
f 282 283 284
f 284 283 285
f 284 285 286
f 286 285 287
f 286 287 288
f 288 287 289
f 288 289 290
f 290 289 291
f 290 291 292
f 292 291 293
f 292 293 294
f 294 293 295
f 294 295 296
f 296 295 297
f 296 297 298
f 298 297 299
f 298 299 300
f 300 299 41
f 300 41 188
f 202 45 301
f 301 45 47
f 301 47 302
f 302 47 49
f 302 49 51
f 302 51 303
f 303 51 53
f 303 53 304
f 304 53 305
f 304 305 211
f 211 305 213
f 53 55 305
f 305 55 306
f 305 306 213
f 213 306 215
f 55 57 306
f 306 57 59
f 306 59 307
f 307 59 61
f 307 61 217
f 217 61 219
f 219 61 308
f 308 61 63
f 308 63 309
f 309 63 65
f 309 65 310
f 310 65 311
f 310 311 223
f 223 311 225
f 311 65 312
f 312 65 67
f 312 67 313
f 313 67 69
f 313 69 314
f 314 69 71
f 314 71 315
f 315 71 316
f 315 316 233
f 233 316 235
f 71 73 316
f 316 73 74
f 316 74 317
f 317 74 318
f 317 318 237
f 237 318 239
f 74 77 318
f 318 77 319
f 318 319 239
f 239 319 241
f 77 79 319
f 319 79 320
f 319 320 241
f 241 320 243
f 79 80 320
f 320 80 321
f 320 321 243
f 243 321 245
f 321 80 322
f 322 80 88
f 322 88 323
f 323 88 87
f 323 87 324
f 324 87 86
f 324 86 325
f 325 86 85
f 325 85 326
f 326 85 84
f 326 84 83
f 326 83 327
f 327 83 82
f 327 82 328
f 328 82 81
f 328 81 329
f 329 81 330
f 329 330 261
f 261 330 263
f 81 78 330
f 330 78 331
f 330 331 263
f 263 331 265
f 78 76 331
f 331 76 332
f 331 332 265
f 265 332 267
f 76 75 332
f 332 75 333
f 332 333 267
f 267 333 269
f 333 75 334
f 334 75 72
f 334 72 335
f 335 72 70
f 335 70 336
f 336 70 68
f 336 68 337
f 337 68 66
f 337 66 338
f 338 66 64
f 338 64 339
f 339 64 62
f 339 62 340
f 340 62 60
f 340 60 341
f 341 60 58
f 341 58 342
f 342 58 56
f 342 56 343
f 343 56 54
f 343 54 52
f 50 344 52
f 52 344 345
f 52 345 343
f 343 345 289
f 343 289 287
f 344 50 346
f 346 50 48
f 346 48 46
f 346 46 347
f 347 46 44
f 347 44 348
f 348 44 43
f 348 43 41
f 3 349 188
f 188 349 350
f 188 350 351
f 351 350 352
f 351 352 192
f 192 352 194
f 4 353 3
f 3 353 354
f 3 354 349
f 349 354 355
f 349 355 356
f 356 355 357
f 356 357 358
f 358 357 359
f 358 359 196
f 196 359 198
f 353 4 360
f 360 4 5
f 360 5 361
f 361 5 10
f 361 10 362
f 362 10 9
f 362 9 363
f 363 9 200
f 363 200 198
f 9 11 200
f 201 13 364
f 364 13 15
f 364 15 365
f 365 15 17
f 365 17 366
f 366 17 367
f 366 367 368
f 368 367 369
f 368 369 370
f 370 369 371
f 370 371 372
f 372 371 373
f 372 373 374
f 374 373 375
f 374 375 376
f 376 375 377
f 376 377 378
f 378 377 379
f 378 379 169
f 169 379 167
f 17 20 367
f 367 20 380
f 367 380 369
f 369 380 381
f 369 381 371
f 371 381 382
f 371 382 373
f 373 382 383
f 373 383 375
f 375 383 384
f 375 384 377
f 377 384 385
f 377 385 379
f 379 385 386
f 379 386 167
f 167 386 165
f 20 22 380
f 380 22 387
f 380 387 381
f 381 387 388
f 381 388 382
f 382 388 389
f 382 389 383
f 383 389 390
f 383 390 384
f 384 390 391
f 384 391 385
f 385 391 392
f 385 392 386
f 386 392 393
f 386 393 165
f 165 393 163
f 22 23 387
f 387 23 394
f 387 394 388
f 388 394 395
f 388 395 389
f 389 395 396
f 389 396 390
f 390 396 397
f 390 397 391
f 391 397 398
f 391 398 392
f 392 398 399
f 392 399 393
f 393 399 400
f 393 400 163
f 163 400 161
f 394 23 401
f 401 23 28
f 401 28 402
f 402 28 403
f 402 403 404
f 404 403 405
f 404 405 406
f 406 405 407
f 406 407 408
f 408 407 409
f 408 409 410
f 410 409 411
f 410 411 412
f 412 411 413
f 412 413 414
f 414 413 415
f 414 415 157
f 157 415 155
f 28 27 403
f 403 27 416
f 403 416 405
f 405 416 417
f 405 417 407
f 407 417 418
f 407 418 409
f 409 418 419
f 409 419 411
f 411 419 420
f 411 420 413
f 413 420 421
f 413 421 415
f 415 421 422
f 415 422 155
f 155 422 153
f 27 29 416
f 416 29 423
f 416 423 417
f 417 423 424
f 417 424 418
f 418 424 425
f 418 425 419
f 419 425 426
f 419 426 420
f 420 426 427
f 420 427 421
f 421 427 428
f 421 428 422
f 422 428 429
f 422 429 153
f 153 429 151
f 29 39 423
f 423 39 430
f 423 430 424
f 424 430 431
f 424 431 425
f 425 431 432
f 425 432 426
f 426 432 433
f 426 433 427
f 427 433 434
f 427 434 428
f 428 434 435
f 428 435 429
f 429 435 436
f 429 436 151
f 151 436 149
f 430 39 437
f 437 39 38
f 437 38 438
f 438 38 37
f 438 37 439
f 439 37 36
f 439 36 35
f 439 35 440
f 440 35 34
f 440 34 441
f 441 34 33
f 441 33 442
f 442 33 32
f 442 32 443
f 443 32 31
f 443 31 444
f 444 31 445
f 444 445 446
f 446 445 447
f 446 447 448
f 448 447 449
f 448 449 450
f 450 449 451
f 450 451 452
f 452 451 453
f 452 453 454
f 454 453 455
f 454 455 456
f 456 455 457
f 456 457 133
f 133 457 131
f 31 30 445
f 445 30 458
f 445 458 447
f 447 458 459
f 447 459 449
f 449 459 460
f 449 460 451
f 451 460 461
f 451 461 453
f 453 461 462
f 453 462 455
f 455 462 463
f 455 463 457
f 457 463 464
f 457 464 131
f 131 464 129
f 30 26 458
f 458 26 465
f 458 465 459
f 459 465 466
f 459 466 460
f 460 466 467
f 460 467 461
f 461 467 468
f 461 468 462
f 462 468 469
f 462 469 463
f 463 469 470
f 463 470 464
f 464 470 471
f 464 471 129
f 129 471 127
f 26 25 465
f 465 25 472
f 465 472 466
f 466 472 473
f 466 473 467
f 467 473 474
f 467 474 468
f 468 474 475
f 468 475 469
f 469 475 476
f 469 476 470
f 470 476 477
f 470 477 471
f 471 477 478
f 471 478 127
f 127 478 125
f 472 25 479
f 479 25 24
f 479 24 480
f 480 24 481
f 480 481 482
f 482 481 483
f 482 483 484
f 484 483 485
f 484 485 486
f 486 485 487
f 486 487 488
f 488 487 489
f 488 489 490
f 490 489 491
f 490 491 492
f 492 491 493
f 492 493 121
f 121 493 119
f 24 21 481
f 481 21 494
f 481 494 483
f 483 494 495
f 483 495 485
f 485 495 496
f 485 496 487
f 487 496 497
f 487 497 489
f 489 497 498
f 489 498 491
f 491 498 499
f 491 499 493
f 493 499 500
f 493 500 119
f 119 500 117
f 21 19 494
f 494 19 501
f 494 501 495
f 495 501 502
f 495 502 496
f 496 502 503
f 496 503 497
f 497 503 504
f 497 504 498
f 498 504 505
f 498 505 499
f 499 505 506
f 499 506 500
f 500 506 507
f 500 507 117
f 117 507 115
f 18 508 19
f 19 508 509
f 19 509 501
f 501 509 502
f 16 510 18
f 18 510 511
f 18 511 508
f 508 511 512
f 508 512 513
f 513 512 514
f 513 514 503
f 503 514 504
f 14 515 16
f 16 515 516
f 16 516 517
f 517 516 518
f 517 518 519
f 519 518 520
f 519 520 521
f 521 520 522
f 521 522 523
f 523 522 524
f 523 524 506
f 506 524 507
f 515 14 525
f 525 14 12
f 525 12 526
f 526 12 8
f 526 8 527
f 527 8 528
f 527 528 529
f 529 528 530
f 529 530 531
f 531 530 532
f 531 532 533
f 533 532 534
f 533 534 535
f 535 534 536
f 535 536 537
f 537 536 538
f 537 538 539
f 539 538 540
f 539 540 99
f 99 540 97
f 8 7 528
f 528 7 541
f 528 541 530
f 530 541 542
f 530 542 532
f 532 542 543
f 532 543 534
f 534 543 544
f 534 544 536
f 536 544 545
f 536 545 538
f 538 545 546
f 538 546 540
f 540 546 547
f 540 547 97
f 97 547 95
f 7 6 541
f 541 6 548
f 541 548 542
f 542 548 549
f 542 549 543
f 543 549 550
f 543 550 544
f 544 550 551
f 544 551 545
f 545 551 552
f 545 552 546
f 546 552 553
f 546 553 547
f 547 553 554
f 547 554 95
f 95 554 93
f 6 2 548
f 548 2 555
f 548 555 549
f 549 555 556
f 549 556 550
f 550 556 557
f 550 557 551
f 551 557 558
f 551 558 552
f 552 558 559
f 552 559 553
f 553 559 560
f 553 560 554
f 554 560 561
f 554 561 93
f 93 561 91
f 2 1 555
f 555 1 89
f 555 89 556
f 556 89 557
f 42 562 90
f 90 562 563
f 90 563 92
f 92 563 564
f 92 564 94
f 94 564 565
f 94 565 96
f 96 565 566
f 96 566 98
f 98 566 567
f 98 567 100
f 100 567 568
f 100 568 102
f 102 568 569
f 102 569 104
f 104 569 570
f 104 570 106
f 106 570 571
f 106 571 108
f 108 571 572
f 108 572 110
f 110 572 573
f 110 573 112
f 112 573 574
f 112 574 114
f 114 574 575
f 114 575 116
f 116 575 576
f 116 576 118
f 118 576 577
f 118 577 120
f 120 577 578
f 120 578 122
f 122 578 579
f 122 579 124
f 124 579 580
f 124 580 126
f 126 580 581
f 126 581 128
f 128 581 582
f 128 582 130
f 130 582 583
f 130 583 132
f 132 583 584
f 132 584 134
f 134 584 585
f 134 585 136
f 136 585 586
f 136 586 138
f 138 586 587
f 138 587 140
f 140 587 588
f 140 588 142
f 142 588 589
f 142 589 144
f 144 589 590
f 144 590 146
f 146 590 591
f 146 591 148
f 148 591 592
f 148 592 150
f 150 592 593
f 150 593 152
f 152 593 594
f 152 594 154
f 154 594 595
f 154 595 156
f 156 595 596
f 156 596 158
f 158 596 597
f 158 597 160
f 160 597 598
f 160 598 162
f 162 598 599
f 162 599 164
f 164 599 600
f 164 600 166
f 166 600 601
f 166 601 168
f 168 601 602
f 168 602 170
f 170 602 603
f 170 603 172
f 172 603 604
f 172 604 174
f 174 604 605
f 174 605 176
f 176 605 606
f 176 606 178
f 178 606 607
f 178 607 180
f 180 607 608
f 180 608 182
f 182 608 609
f 182 609 184
f 184 609 610
f 184 610 186
f 186 610 188
f 348 41 299
f 300 188 610
f 91 561 89
f 89 561 560
f 89 560 559
f 559 558 89
f 89 558 557
f 190 188 351
f 299 297 348
f 348 297 347
f 297 295 347
f 347 295 346
f 295 293 346
f 346 293 344
f 293 291 344
f 344 291 345
f 291 289 345
f 343 287 342
f 342 287 285
f 342 285 341
f 341 285 283
f 341 283 340
f 340 283 281
f 340 281 339
f 339 281 279
f 339 279 338
f 338 279 277
f 338 277 337
f 337 277 275
f 337 275 336
f 336 275 273
f 336 273 335
f 335 273 271
f 335 271 334
f 334 271 269
f 334 269 333
f 261 259 329
f 329 259 328
f 259 257 328
f 328 257 327
f 257 255 327
f 327 255 326
f 255 253 326
f 326 253 325
f 253 251 325
f 325 251 324
f 251 249 324
f 324 249 323
f 245 321 322
f 249 247 323
f 323 247 322
f 247 245 322
f 235 316 317
f 235 317 237
f 233 231 315
f 315 231 314
f 231 229 314
f 314 229 313
f 225 311 312
f 229 227 313
f 313 227 312
f 227 225 312
f 219 308 309
f 223 221 310
f 310 221 309
f 221 219 309
f 215 306 307
f 217 215 307
f 211 209 304
f 304 209 303
f 209 207 303
f 303 207 302
f 203 202 301
f 207 205 302
f 302 205 301
f 562 42 204
f 205 203 301
f 185 187 611
f 611 187 189
f 611 189 191
f 183 185 612
f 612 185 611
f 612 611 613
f 613 611 191
f 613 191 193
f 181 183 614
f 614 183 612
f 614 612 615
f 615 612 613
f 615 613 616
f 616 613 193
f 616 193 195
f 179 181 617
f 617 181 614
f 617 614 618
f 618 614 615
f 618 615 619
f 619 615 616
f 619 616 620
f 620 616 195
f 620 195 197
f 177 179 621
f 621 179 617
f 621 617 622
f 622 617 618
f 622 618 623
f 623 618 619
f 623 619 624
f 624 619 620
f 624 620 625
f 625 620 197
f 625 197 199
f 175 177 626
f 626 177 621
f 626 621 627
f 627 621 622
f 627 622 628
f 628 622 623
f 628 623 629
f 629 623 624
f 629 624 630
f 630 624 625
f 630 625 631
f 631 625 199
f 631 199 201
f 173 175 632
f 632 175 626
f 632 626 633
f 633 626 627
f 633 627 634
f 634 627 628
f 634 628 635
f 635 628 629
f 635 629 636
f 636 629 630
f 636 630 637
f 637 630 631
f 637 631 364
f 364 631 201
f 171 173 638
f 638 173 632
f 638 632 639
f 639 632 633
f 639 633 640
f 640 633 634
f 640 634 641
f 641 634 635
f 641 635 642
f 642 635 636
f 642 636 643
f 643 636 637
f 643 637 365
f 365 637 364
f 169 171 378
f 378 171 638
f 378 638 376
f 376 638 639
f 376 639 374
f 374 639 640
f 374 640 372
f 372 640 641
f 372 641 370
f 370 641 642
f 370 642 368
f 368 642 643
f 368 643 366
f 366 643 365
f 159 161 644
f 644 161 400
f 644 400 645
f 645 400 399
f 645 399 646
f 646 399 398
f 646 398 647
f 647 398 397
f 647 397 648
f 648 397 396
f 648 396 649
f 649 396 395
f 649 395 401
f 401 395 394
f 157 159 414
f 414 159 644
f 414 644 412
f 412 644 645
f 412 645 410
f 410 645 646
f 410 646 408
f 408 646 647
f 408 647 406
f 406 647 648
f 406 648 404
f 404 648 649
f 404 649 402
f 402 649 401
f 147 149 650
f 650 149 436
f 650 436 651
f 651 436 435
f 651 435 652
f 652 435 434
f 652 434 653
f 653 434 433
f 653 433 654
f 654 433 432
f 654 432 655
f 655 432 431
f 655 431 437
f 437 431 430
f 145 147 656
f 656 147 650
f 656 650 657
f 657 650 651
f 657 651 658
f 658 651 652
f 658 652 659
f 659 652 653
f 659 653 660
f 660 653 654
f 660 654 661
f 661 654 655
f 661 655 438
f 438 655 437
f 143 145 662
f 662 145 656
f 662 656 663
f 663 656 657
f 663 657 664
f 664 657 658
f 664 658 665
f 665 658 659
f 665 659 666
f 666 659 660
f 666 660 667
f 667 660 661
f 667 661 439
f 439 661 438
f 141 143 668
f 668 143 662
f 668 662 669
f 669 662 663
f 669 663 670
f 670 663 664
f 670 664 671
f 671 664 665
f 671 665 672
f 672 665 666
f 672 666 673
f 673 666 667
f 673 667 440
f 440 667 439
f 139 141 674
f 674 141 668
f 674 668 675
f 675 668 669
f 675 669 676
f 676 669 670
f 676 670 677
f 677 670 671
f 677 671 678
f 678 671 672
f 678 672 679
f 679 672 673
f 679 673 441
f 441 673 440
f 137 139 680
f 680 139 674
f 680 674 681
f 681 674 675
f 681 675 682
f 682 675 676
f 682 676 683
f 683 676 677
f 683 677 684
f 684 677 678
f 684 678 685
f 685 678 679
f 685 679 442
f 442 679 441
f 135 137 686
f 686 137 680
f 686 680 687
f 687 680 681
f 687 681 688
f 688 681 682
f 688 682 689
f 689 682 683
f 689 683 690
f 690 683 684
f 690 684 691
f 691 684 685
f 691 685 443
f 443 685 442
f 133 135 456
f 456 135 686
f 456 686 454
f 454 686 687
f 454 687 452
f 452 687 688
f 452 688 450
f 450 688 689
f 450 689 448
f 448 689 690
f 448 690 446
f 446 690 691
f 446 691 444
f 444 691 443
f 123 125 692
f 692 125 478
f 692 478 693
f 693 478 477
f 693 477 694
f 694 477 476
f 694 476 695
f 695 476 475
f 695 475 696
f 696 475 474
f 696 474 697
f 697 474 473
f 697 473 479
f 479 473 472
f 121 123 492
f 492 123 692
f 492 692 490
f 490 692 693
f 490 693 488
f 488 693 694
f 488 694 486
f 486 694 695
f 486 695 484
f 484 695 696
f 484 696 482
f 482 696 697
f 482 697 480
f 480 697 479
f 113 115 698
f 698 115 507
f 698 507 524
f 111 113 699
f 699 113 698
f 699 698 700
f 700 698 524
f 700 524 522
f 109 111 701
f 701 111 699
f 701 699 702
f 702 699 700
f 702 700 703
f 703 700 522
f 703 522 520
f 107 109 704
f 704 109 701
f 704 701 705
f 705 701 702
f 705 702 706
f 706 702 703
f 706 703 707
f 707 703 520
f 707 520 518
f 105 107 708
f 708 107 704
f 708 704 709
f 709 704 705
f 709 705 710
f 710 705 706
f 710 706 711
f 711 706 707
f 711 707 712
f 712 707 518
f 712 518 516
f 103 105 713
f 713 105 708
f 713 708 714
f 714 708 709
f 714 709 715
f 715 709 710
f 715 710 716
f 716 710 711
f 716 711 717
f 717 711 712
f 717 712 718
f 718 712 516
f 718 516 525
f 525 516 515
f 101 103 719
f 719 103 713
f 719 713 720
f 720 713 714
f 720 714 721
f 721 714 715
f 721 715 722
f 722 715 716
f 722 716 723
f 723 716 717
f 723 717 724
f 724 717 718
f 724 718 526
f 526 718 525
f 99 101 539
f 539 101 719
f 539 719 537
f 537 719 720
f 537 720 535
f 535 720 721
f 535 721 533
f 533 721 722
f 533 722 531
f 531 722 723
f 531 723 529
f 529 723 724
f 529 724 527
f 527 724 526
f 16 517 510
f 510 517 725
f 510 725 511
f 511 725 512
f 502 509 513
f 513 509 508
f 198 359 363
f 363 359 362
f 359 357 362
f 362 357 361
f 354 353 360
f 357 355 361
f 361 355 360
f 355 354 360
f 610 609 300
f 300 609 298
f 609 608 298
f 298 608 296
f 608 607 296
f 296 607 294
f 607 606 294
f 294 606 292
f 606 605 292
f 292 605 290
f 605 604 290
f 290 604 288
f 604 603 288
f 288 603 286
f 603 602 286
f 286 602 284
f 602 601 284
f 284 601 282
f 601 600 282
f 282 600 280
f 600 599 280
f 280 599 278
f 599 598 278
f 278 598 276
f 598 597 276
f 276 597 274
f 597 596 274
f 274 596 272
f 596 595 272
f 272 595 270
f 595 594 270
f 270 594 268
f 594 593 268
f 268 593 266
f 593 592 266
f 266 592 264
f 592 591 264
f 264 591 262
f 591 590 262
f 262 590 260
f 590 589 260
f 260 589 258
f 589 588 258
f 258 588 256
f 588 587 256
f 256 587 254
f 587 586 254
f 254 586 252
f 586 585 252
f 252 585 250
f 585 584 250
f 250 584 248
f 584 583 248
f 248 583 246
f 583 582 246
f 246 582 244
f 582 581 244
f 244 581 242
f 581 580 242
f 242 580 240
f 580 579 240
f 240 579 238
f 579 578 238
f 238 578 236
f 578 577 236
f 236 577 234
f 577 576 234
f 234 576 232
f 576 575 232
f 232 575 230
f 575 574 230
f 230 574 228
f 574 573 228
f 228 573 226
f 573 572 226
f 226 572 224
f 572 571 224
f 224 571 222
f 571 570 222
f 222 570 220
f 570 569 220
f 220 569 218
f 569 568 218
f 218 568 216
f 568 567 216
f 216 567 214
f 567 566 214
f 214 566 212
f 566 565 212
f 212 565 210
f 565 564 210
f 210 564 208
f 562 204 206
f 564 563 208
f 208 563 206
f 563 562 206
f 351 192 190
f 523 506 505
f 523 505 726
f 726 505 504
f 726 504 514
f 349 356 350
f 350 356 352
f 356 358 352
f 352 358 194
f 358 196 194
f 523 726 521
f 521 726 727
f 521 727 519
f 519 727 725
f 519 725 517
f 727 726 514
f 513 503 502
f 725 727 512
f 512 727 514
f 41 40 188
f 188 40 89
f 188 89 3
f 3 89 1
g 1

v 21.700001 0.027373 -152.499832
v 21.700001 0.057193 -152.284729
v 21.700001 0.009013 -152.499832
v 21.700001 -0.020807 -152.284729
v 21.700001 -0.064306 -151.961395
v 21.700001 0.100692 -151.961395
v 21.700001 0.199456 -151.164337
v 21.700001 0.297576 -150.240967
v 21.700001 -0.261190 -150.240967
v 21.700001 -0.163071 -151.164337
v 21.700001 -0.349134 -149.233353
v 21.700001 0.385520 -149.233353
v 21.700001 -0.478440 -147.057816
v 21.700001 0.514826 -147.057816
v 21.700001 -0.539212 -144.773651
v 21.700001 0.575598 -144.773651
v 21.700001 -0.539852 -142.491623
v 21.700001 0.576239 -142.491623
v 21.700001 0.505136 -140.328659
v 21.700001 -0.468748 -140.328659
v 21.700001 0.436585 -139.335068
v 21.700001 -0.400198 -139.335068
v 21.700001 -0.304974 -138.434006
v 21.700001 0.341361 -138.434006
v 21.700001 0.212180 -137.671448
v 21.700001 0.130116 -137.374313
v 21.700001 -0.093729 -137.374313
v 21.700001 -0.175793 -137.671448
v 21.700001 -0.043311 -137.261261
v 21.700001 0.079698 -137.261261
v 21.700001 0.050496 -137.220291
v 21.700001 0.034979 -137.205902
v 21.700001 0.026759 -137.201553
v 21.700001 0.022503 -137.200378
v 21.700001 0.018194 -137.199982
v 21.700001 0.013884 -137.200378
v 21.700001 0.009628 -137.201553
v 21.700001 0.001408 -137.205902
v 21.700001 -0.014109 -137.220291
v 8.700000 0.036360 -156.500000
v 8.700000 0.000000 -156.500000
v 8.700000 0.060228 -156.328232
v 8.700000 -0.023868 -156.328232
v 8.700000 -0.059701 -156.069275
v 8.700000 0.096062 -156.069275
v 8.700000 -0.146101 -155.426880
v 8.700000 0.182464 -155.426880
v 8.700000 -0.242328 -154.675583
v 8.700000 0.278691 -154.675583
v 8.700000 -0.341804 -153.846497
v 8.700000 0.378167 -153.846497
v 8.700000 -0.535979 -152.017654
v 8.700000 0.572345 -152.017654
v 8.700000 -0.709908 -150.022949
v 8.700000 0.746277 -150.022949
v 8.700000 -0.854839 -147.911392
v 8.700000 0.891210 -147.911392
v 8.700000 -0.965554 -145.717804
v 8.700000 1.001929 -145.717804
v 8.700000 -1.085704 -141.198685
v 8.700000 1.122085 -141.198685
v 8.700000 -1.087029 -136.683807
v 8.700000 1.123419 -136.683807
v 8.700000 -1.037076 -134.498672
v 8.700000 1.073469 -134.498672
v 8.700000 -0.946553 -132.403458
v 8.700000 0.982948 -132.403458
v 8.700000 -0.811084 -130.436401
v 8.700000 0.847480 -130.436401
v 8.700000 -0.622821 -128.651535
v 8.700000 0.659221 -128.651535
v 8.700000 -0.505265 -127.853073
v 8.700000 0.541667 -127.853073
v 8.700000 0.403586 -127.139313
v 8.700000 -0.367186 -127.139313
v 8.700000 -0.204717 -126.548592
v 8.700000 0.241119 -126.548592
v 8.700000 -0.104624 -126.323135
v 8.700000 0.141027 -126.323135
v 8.700000 0.082910 -126.241051
v 8.700000 -0.046508 -126.241051
v 8.700000 -0.015498 -126.212044
v 8.700000 0.000981 -126.203201
v 8.700000 0.009534 -126.200821
v 8.700000 0.018201 -126.200012
v 8.700000 0.026869 -126.200821
v 8.700000 0.035421 -126.203201
v 8.700000 0.051901 -126.212044
v 15.200000 0.031866 -154.499908
v 14.116667 0.058338 -154.648178
v 15.200000 0.056226 -154.324646
v 14.116667 0.096647 -154.369431
v 15.200000 0.092532 -154.060486
v 14.116667 0.206089 -153.534210
v 15.200000 0.196271 -153.268784
v 14.116667 0.324697 -152.545990
v 15.200000 0.308714 -152.331985
v 14.116667 0.440420 -151.454880
v 15.200000 0.418429 -151.297592
v 14.116667 0.547905 -150.286362
v 15.200000 0.520334 -150.189789
v 14.116667 0.724746 -147.785660
v 15.200000 0.688003 -147.818954
v 14.116667 0.840549 -145.145309
v 15.200000 0.797801 -145.315689
v 14.116667 0.906371 -140.485168
v 15.200000 0.860206 -140.897446
v 14.116667 0.886315 -138.575073
v 15.200000 0.841188 -139.086502
v 14.116667 0.859805 -137.507446
v 15.200000 0.816051 -138.074310
v 14.116667 0.835721 -136.812820
v 15.200000 0.793216 -137.415756
v 14.116667 0.816829 -136.370453
v 15.200000 0.775303 -136.996368
v 14.116667 0.742165 -135.008926
v 15.200000 0.704508 -135.705551
v 14.116667 0.639000 -133.731293
v 15.200000 0.606692 -134.494308
v 14.116667 0.541439 -132.839645
v 15.200000 0.514190 -133.649017
v 14.116667 0.422835 -132.031219
v 15.200000 0.401739 -132.882660
v 14.116667 0.320991 -131.515350
v 15.200000 0.305185 -132.393677
v 14.116667 0.212460 -131.109024
v 15.200000 0.202296 -132.008560
v 14.116667 0.130582 -130.909958
v 15.200000 0.124683 -131.819931
v 14.116667 0.099590 -130.855835
v 15.200000 0.095308 -131.768646
v 14.116667 0.066146 -130.812134
v 15.200000 0.063616 -131.727264
v 14.116667 0.048218 -130.795547
v 15.200000 0.046632 -131.711563
v 14.116667 0.038929 -130.789474
v 15.200000 0.037832 -131.705811
v 14.116667 0.029456 -130.785339
v 15.200000 0.028860 -131.701889
v 14.116667 0.019826 -130.783478
v 15.200000 0.019740 -131.700134
v 14.116667 0.010064 -130.784241
v 15.200000 0.010495 -131.700851
v 14.116667 0.000434 -130.787613
v 15.200000 0.001374 -131.704041
v 14.116667 -0.008877 -130.793121
v 15.200000 -0.007446 -131.709259
v 14.116667 -0.033877 -130.816483
v 15.200000 -0.031132 -131.731384
v 14.116667 -0.057869 -130.847214
v 15.200000 -0.053866 -131.760483
v 14.116667 -0.101343 -130.923645
v 15.200000 -0.095072 -131.832901
v 14.116667 -0.199303 -131.180679
v 15.200000 -0.187933 -132.076462
v 14.116667 -0.270942 -131.453003
v 15.200000 -0.255850 -132.334579
v 14.116667 -0.375734 -131.971893
v 15.200000 -0.355197 -132.826431
v 14.116667 -0.466939 -132.553665
v 15.200000 -0.441668 -133.377930
v 14.116667 -0.580709 -133.504227
v 15.200000 -0.549536 -134.279053
v 14.116667 -0.671243 -134.536606
v 15.200000 -0.635377 -135.257767
v 14.116667 -0.783140 -136.424698
v 15.200000 -0.741474 -137.047775
v 14.116667 -0.847103 -138.434662
v 15.200000 -0.802124 -138.953384
v 14.116667 -0.867589 -141.689728
v 15.200000 -0.821550 -142.039474
v 14.116667 -0.808666 -144.989395
v 15.200000 -0.765684 -145.167862
v 14.116667 -0.700182 -147.568604
v 15.200000 -0.662825 -147.613174
v 14.116667 -0.533595 -150.021759
v 15.200000 -0.504879 -149.938934
v 14.116667 -0.431310 -151.174927
v 15.200000 -0.407901 -151.032196
v 14.116667 -0.320030 -152.259354
v 15.200000 -0.302398 -152.060257
v 14.116667 -0.204685 -153.253860
v 15.200000 -0.193047 -153.003036
v 14.116667 -0.093683 -154.121658
v 15.200000 -0.087822 -153.825638
v 14.116667 -0.024792 -154.627808
v 15.200000 -0.022530 -154.305328
v 15.200000 0.004506 -154.499908
v 16.012501 -0.020833 -154.063477
v 16.825001 -0.019136 -153.821625
v 16.825001 -0.079032 -153.381592
v 17.231251 -0.076834 -153.270584
v 17.231251 -0.171224 -152.532745
v 17.637501 -0.166859 -152.438690
v 17.637501 -0.262727 -151.612289
v 18.450001 -0.249503 -151.462967
v 18.450001 -0.337677 -150.603989
v 19.533333 -0.314268 -150.461258
v 19.533333 -0.390011 -149.607635
v 20.616667 -0.361294 -149.524811
v 20.616667 -0.476042 -147.836014
v 9.783333 0.066786 -155.942337
v 10.866667 0.064674 -155.618805
v 11.950000 0.062562 -155.295258
v 10.866667 0.108994 -155.296295
v 11.950000 0.104878 -154.987335
v 10.866667 0.235544 -154.330444
v 11.950000 0.225726 -154.065033
v 10.866667 0.372648 -153.187988
v 11.950000 0.356664 -152.973984
v 10.866667 0.506394 -151.926712
v 11.950000 0.484402 -151.769440
v 10.866667 0.630616 -150.576065
v 11.950000 0.603046 -150.479492
v 10.866667 0.834976 -147.685776
v 11.950000 0.798233 -147.719070
v 10.866667 0.968792 -144.634201
v 11.950000 0.926044 -144.804565
v 10.866667 1.044863 -139.248352
v 11.950000 0.998699 -139.660629
v 10.866667 1.021694 -137.040771
v 11.950000 0.976568 -137.552216
v 10.866667 0.991064 -135.806870
v 11.950000 0.947311 -136.373718
v 10.866667 0.963238 -135.004028
v 11.950000 0.920732 -135.606964
v 10.866667 0.941407 -134.492752
v 11.950000 0.899881 -135.118652
v 10.866667 0.855135 -132.919052
v 11.950000 0.817478 -133.615677
v 10.866667 0.735923 -131.442261
v 11.950000 0.703615 -132.205276
v 10.866667 0.623186 -130.411514
v 11.950000 0.595937 -131.220886
v 10.866667 0.486121 -129.476883
v 11.950000 0.465026 -130.328323
v 10.866667 0.368407 -128.880386
v 11.950000 0.352602 -129.758713
v 10.866667 0.242952 -128.410400
v 11.950000 0.232788 -129.309937
v 10.866667 0.148279 -128.180054
v 11.950000 0.142380 -129.090027
v 10.866667 0.112436 -128.117371
v 11.950000 0.108154 -129.030197
v 10.866667 0.073737 -128.066757
v 11.950000 0.071206 -128.981888
v 10.866667 0.052978 -128.047516
v 11.950000 0.051391 -128.963531
v 10.866667 0.042218 -128.040466
v 11.950000 0.041122 -128.956802
v 10.866667 0.031244 -128.035660
v 11.950000 0.030648 -128.952225
v 10.866667 0.020086 -128.033493
v 11.950000 0.019999 -128.950150
v 10.866667 0.008773 -128.034393
v 11.950000 0.009204 -128.951004
v 10.866667 -0.002385 -128.038315
v 11.950000 -0.001446 -128.954742
v 10.866667 -0.013170 -128.044708
v 11.950000 -0.011739 -128.960846
v 10.866667 -0.042114 -128.071793
v 11.950000 -0.039368 -128.986694
v 10.866667 -0.069876 -128.107391
v 11.950000 -0.065874 -129.020660
v 10.866667 -0.120154 -128.195892
v 11.950000 -0.113883 -129.105148
v 10.866667 -0.233414 -128.493286
v 11.950000 -0.222044 -129.389084
v 10.866667 -0.316217 -128.808273
v 11.950000 -0.301125 -129.689850
v 10.866667 -0.437343 -129.408295
v 11.950000 -0.416807 -130.262833
v 10.866667 -0.542753 -130.080917
v 11.950000 -0.517482 -130.905167
v 10.866667 -0.674225 -131.179779
v 11.950000 -0.643053 -131.954590
v 10.866667 -0.778838 -132.373108
v 11.950000 -0.742973 -133.094269
v 10.866667 -0.908138 -134.555435
v 11.950000 -0.866472 -135.178513
v 10.866667 -0.982043 -136.878494
v 11.950000 -0.937063 -137.397217
v 10.866667 -1.005705 -140.640488
v 11.950000 -0.959666 -140.990234
v 10.866667 -0.937611 -144.453995
v 11.950000 -0.894629 -144.632462
v 10.866667 -0.812252 -147.434906
v 11.950000 -0.774895 -147.479462
v 10.866667 -0.619746 -150.270248
v 11.950000 -0.591029 -150.187408
v 10.866667 -0.501534 -151.603119
v 11.950000 -0.478126 -151.460388
v 10.866667 -0.372925 -152.856628
v 11.950000 -0.355293 -152.657547
v 10.866667 -0.239602 -154.006332
v 11.950000 -0.227963 -153.755508
v 10.866667 -0.111264 -155.009720
v 11.950000 -0.105404 -154.713699
v 10.866667 -0.031580 -155.595215
v 11.950000 -0.029317 -155.272736
v 9.783333 0.113110 -155.605240
v 9.783333 0.245362 -154.595856
v 9.783333 0.388632 -153.401993
v 9.783333 0.528385 -152.084000
v 9.783333 0.658186 -150.672638
v 9.783333 0.871719 -147.652481
v 9.783333 1.011540 -144.463821
v 9.783333 1.091027 -138.836075
v 9.783333 1.066820 -136.529343
v 9.783333 1.034818 -135.240005
v 9.783333 1.005743 -134.401108
v 9.783333 0.982933 -133.866852
v 9.783333 0.892791 -132.222427
v 9.783333 0.768230 -130.679245
v 9.783333 0.650435 -129.602127
v 9.783333 0.507217 -128.625427
v 9.783333 0.384213 -128.002060
v 9.783333 0.253116 -127.510857
v 9.783333 0.154178 -127.270088
v 9.783333 0.116717 -127.204552
v 9.783333 0.076267 -127.151627
v 9.783333 0.054565 -127.131508
v 9.783333 0.043315 -127.124130
v 9.783333 0.031840 -127.119102
v 9.783333 0.020172 -127.116844
v 9.783333 0.008343 -127.117767
v 9.783333 -0.003325 -127.121880
v 9.783333 -0.014601 -127.128571
v 9.783333 -0.044859 -127.156898
v 9.783333 -0.073879 -127.194107
v 9.783333 -0.126424 -127.286644
v 9.783333 -0.244785 -127.597496
v 9.783333 -0.331308 -127.926697
v 9.783333 -0.457880 -128.553757
v 9.783333 -0.568025 -129.256668
v 9.783333 -0.705398 -130.404953
v 9.783333 -0.814703 -131.651947
v 9.783333 -0.949804 -133.932343
v 9.783333 -1.027022 -136.359772
v 9.783333 -1.051744 -140.290741
v 9.783333 -0.980593 -144.275528
v 9.783333 -0.849609 -147.390335
v 9.783333 -0.648463 -150.353073
v 9.783333 -0.390557 -153.055725
v 9.783333 -0.524943 -151.745865
v 9.783333 -0.251241 -154.257156
v 9.783333 -0.117124 -155.305740
v 9.783333 -0.033842 -155.917679
v 18.450001 -0.015742 -153.337921
v 17.637501 -0.017439 -153.579773
v 17.231251 -0.018288 -153.700699
v 17.637501 -0.074637 -153.159576
v 20.616667 -0.011217 -152.692978
v 19.533333 -0.013480 -153.015442
v 19.533333 -0.064381 -152.641541
v 18.450001 -0.070241 -152.937561
v 19.533333 -0.146492 -151.999741
v 18.450001 -0.158130 -152.250565
v 19.533333 -0.231872 -151.263870
v 20.616667 -0.058520 -152.345520
v 20.616667 -0.134853 -151.748932
v 20.616667 -0.214240 -151.064774
v 20.616667 -0.290860 -150.318527
v 20.616667 -0.550776 -146.060181
v 20.616667 -0.591356 -143.788193
v 20.616667 -0.577225 -141.546982
v 20.616667 -0.533145 -140.163223
v 19.533333 -0.622205 -141.028259
v 19.533333 -0.574811 -139.540131
v 18.450001 -0.667184 -140.509537
v 18.450001 -0.616477 -138.917038
v 17.637501 -0.700919 -140.120499
v 17.637501 -0.647726 -138.449722
v 17.231251 -0.717787 -139.925980
v 17.231251 -0.663351 -138.216064
v 16.825001 -0.734654 -139.731461
v 16.825001 -0.678976 -137.982407
v 16.012501 -0.768389 -139.342422
v 16.012501 -0.710225 -137.515091
v 20.616667 -0.456051 -138.863586
v 19.533333 -0.491917 -138.142426
v 18.450001 -0.527782 -137.421249
v 17.637501 -0.554681 -136.880386
v 17.231251 -0.568130 -136.609940
v 16.825001 -0.581580 -136.339508
v 16.012501 -0.608479 -135.798645
v 20.616667 -0.393675 -138.153152
v 19.533333 -0.424847 -137.378326
v 18.450001 -0.456019 -136.603516
v 17.637501 -0.479399 -136.022400
v 17.231251 -0.491088 -135.731842
v 16.825001 -0.502778 -135.441284
v 16.012501 -0.526157 -134.860168
v 20.616667 -0.315311 -137.499191
v 19.533333 -0.340582 -136.674927
v 18.450001 -0.365853 -135.850677
v 17.637501 -0.384807 -135.232498
v 17.231251 -0.394284 -134.923401
v 16.825001 -0.403761 -134.614304
v 16.012501 -0.422714 -133.996109
v 20.616667 -0.252515 -137.099106
v 20.616667 -0.180392 -136.742447
v 20.616667 -0.131081 -136.555435
v 19.533333 -0.195484 -135.860870
v 19.533333 -0.142451 -135.659637
v 18.450001 -0.210575 -134.979294
v 18.450001 -0.153821 -134.763855
v 17.637501 -0.221894 -134.318115
v 17.637501 -0.162349 -134.092010
v 17.231251 -0.227553 -133.987534
v 17.231251 -0.166613 -133.756088
v 16.825001 -0.233213 -133.656937
v 16.825001 -0.170877 -133.420151
v 16.012501 -0.244531 -132.995758
v 16.012501 -0.179405 -132.748306
v 20.616667 -0.063720 -136.379150
v 19.533333 -0.069991 -135.469910
v 18.450001 -0.076261 -134.560654
v 17.637501 -0.080964 -133.878708
v 17.231251 -0.083315 -133.537750
v 16.825001 -0.085667 -133.196777
v 16.012501 -0.090369 -132.514832
v 20.616667 -0.033854 -136.326859
v 19.533333 -0.037857 -135.413574
v 18.450001 -0.041859 -134.500305
v 17.637501 -0.044861 -133.815353
v 17.231251 -0.046362 -133.472870
v 16.825001 -0.047863 -133.130386
v 16.012501 -0.050865 -132.445435
v 20.616667 -0.017404 -136.305862
v 19.533333 -0.020150 -135.390961
v 18.450001 -0.022895 -134.476074
v 17.637501 -0.024955 -133.789902
v 17.231251 -0.025984 -133.446808
v 16.825001 -0.027014 -133.103729
v 16.012501 -0.029073 -132.417557
v 20.616667 -0.000290 -136.289963
v 20.616667 0.006073 -136.286209
v 20.616667 0.012647 -136.283936
v 20.616667 0.019307 -136.283417
v 20.616667 0.025881 -136.284668
v 20.616667 0.032350 -136.287476
v 20.616667 0.038699 -136.291611
v 20.616667 0.050965 -136.302902
v 20.616667 0.073899 -136.332733
v 19.533333 0.053495 -135.387772
v 19.533333 0.078181 -135.419922
v 18.450001 0.056026 -134.472641
v 18.450001 0.082462 -134.507095
v 17.637501 0.057923 -133.786301
v 17.637501 0.085674 -133.822495
v 17.231251 0.058872 -133.443130
v 17.231251 0.087280 -133.480179
v 16.825001 0.059821 -133.099960
v 16.825001 0.088885 -133.137878
v 16.012501 0.061718 -132.413605
v 16.012501 0.092097 -132.453262
v 20.616667 0.095188 -136.369781
v 19.533333 0.101087 -135.459808
v 18.450001 0.106986 -134.549835
v 17.637501 0.111410 -133.867371
v 17.231251 0.113622 -133.526123
v 16.825001 0.115834 -133.184891
v 16.012501 0.120258 -132.502411
v 20.616667 0.151476 -136.506271
v 19.533333 0.161640 -135.606720
v 18.450001 0.171804 -134.707184
v 17.637501 0.179427 -134.032532
v 17.231251 0.183239 -133.695206
v 16.825001 0.187050 -133.357880
v 16.012501 0.194673 -132.683212
v 20.616667 0.226157 -136.785294
v 19.533333 0.241963 -135.906967
v 18.450001 0.257768 -135.028641
v 17.637501 0.269623 -134.369904
v 17.231251 0.275550 -134.040527
v 16.825001 0.281477 -133.711166
v 16.012501 0.293331 -133.052414
v 20.616667 0.296262 -137.139893
v 20.616667 0.377946 -137.695908
v 20.616667 0.445154 -138.309387
v 19.533333 0.405195 -136.886520
v 19.533333 0.477461 -137.546371
v 18.450001 0.432444 -136.077148
v 18.450001 0.509769 -136.783356
v 17.637501 0.452880 -135.470108
v 17.637501 0.534000 -136.211090
v 17.231251 0.463099 -135.166595
v 17.231251 0.546115 -135.924957
v 16.825001 0.473317 -134.863083
v 16.825001 0.558231 -135.638840
v 16.012501 0.493754 -134.256042
v 16.012501 0.582461 -135.066574
v 20.616667 0.516225 -139.188675
v 19.533333 0.553882 -138.492050
v 18.450001 0.591538 -137.795425
v 17.637501 0.619781 -137.272949
v 17.231251 0.633902 -137.011719
v 16.825001 0.648023 -136.750488
v 16.012501 0.676266 -136.228012
v 20.616667 0.567673 -140.125885
v 19.533333 0.609199 -139.499985
v 18.450001 0.650725 -138.874069
v 17.637501 0.681869 -138.404648
v 17.231251 0.697442 -138.169937
v 16.825001 0.713014 -137.935226
v 16.012501 0.744158 -137.465790
v 20.616667 0.597285 -140.908615
v 20.616667 0.580688 -140.430420
v 20.616667 0.629385 -142.958801
v 20.616667 0.615556 -141.643661
v 19.533333 0.641038 -140.341766
v 19.533333 0.623193 -139.827484
v 18.450001 0.665699 -139.224548
v 20.616667 0.584063 -146.167542
v 19.533333 0.626810 -145.997177
v 19.533333 0.675549 -142.546524
v 18.450001 0.721714 -142.134262
v 18.450001 0.705809 -140.620789
v 17.637501 0.739654 -140.237228
v 17.637501 0.717606 -139.349747
v 17.231251 0.734014 -139.137177
v 17.231251 0.713518 -138.546249
v 16.825001 0.729457 -138.320160
v 20.616667 0.504286 -147.985443
v 20.616667 0.382482 -149.706940
v 20.616667 0.308473 -150.511185
v 20.616667 0.228796 -151.261978
v 19.533333 0.330464 -150.668472
v 19.533333 0.244779 -151.475983
v 18.450001 0.352455 -150.825745
v 18.450001 0.260763 -151.689987
v 17.637501 0.368949 -150.943710
v 17.637501 0.272751 -151.850479
v 17.231251 0.377196 -151.002686
v 17.231251 0.278745 -151.930740
v 16.825001 0.385442 -151.061676
v 16.825001 0.284738 -152.010986
v 16.012501 0.401936 -151.179626
v 16.012501 0.296726 -152.171478
v 20.616667 0.147181 -151.941711
v 19.533333 0.156999 -152.207138
v 18.450001 0.166817 -152.472549
v 17.637501 0.174181 -152.671600
v 17.231251 0.177862 -152.771133
v 16.825001 0.181544 -152.870667
v 16.012501 0.188908 -153.069733
v 20.616667 0.071954 -152.515717
v 19.533333 0.076070 -152.824661
v 18.450001 0.080185 -153.133621
v 17.637501 0.083272 -153.365326
v 17.231251 0.084815 -153.481186
v 16.825001 0.086358 -153.597046
v 16.012501 0.089445 -153.828766
v 20.616667 0.045665 -152.706940
v 19.533333 0.047777 -153.030487
v 18.450001 0.049889 -153.354019
v 17.637501 0.051474 -153.596680
v 17.231251 0.052266 -153.718002
v 16.825001 0.053058 -153.839340
v 16.012501 0.054642 -154.081985
v 13.033333 0.060450 -154.971725
v 13.033333 0.100763 -154.678391
v 13.033333 0.215907 -153.799622
v 13.033333 0.340681 -152.759979
v 13.033333 0.462411 -151.612152
v 13.033333 0.575475 -150.382935
v 13.033333 0.761490 -147.752365
v 13.033333 0.883297 -144.974945
v 13.033333 0.952535 -140.072891
v 13.033333 0.931441 -138.063644
v 13.033333 0.903558 -136.940582
v 13.033333 0.878227 -136.209900
v 13.033333 0.858355 -135.744553
v 13.033333 0.779821 -134.312302
v 13.033333 0.671307 -132.968277
v 13.033333 0.568688 -132.030258
v 13.033333 0.443930 -131.179779
v 13.033333 0.336796 -130.637024
v 13.033333 0.222624 -130.209488
v 13.033333 0.136481 -130.000000
v 13.033333 0.103872 -129.943008
v 13.033333 0.068676 -129.897003
v 13.033333 0.049805 -129.879532
v 13.033333 0.040025 -129.873138
v 13.033333 0.030052 -129.868774
v 13.033333 0.019913 -129.866821
v 13.033333 0.009634 -129.867615
v 13.033333 -0.000506 -129.871185
v 13.033333 -0.010308 -129.876984
v 13.033333 -0.036623 -129.901581
v 13.033333 -0.061871 -129.933929
v 13.033333 -0.107613 -130.014404
v 13.033333 -0.210673 -130.284882
v 13.033333 -0.286033 -130.571426
v 13.033333 -0.396270 -131.117371
v 13.033333 -0.492211 -131.729416
v 13.033333 -0.611881 -132.729416
v 13.033333 -0.707108 -133.815445
v 13.033333 -0.824806 -135.801605
v 13.033333 -0.892083 -137.915939
v 13.033333 -0.913628 -141.339981
v 13.033333 -0.851648 -144.810928
v 13.033333 -0.737539 -147.524033
v 13.033333 -0.562312 -150.104584
v 13.033333 -0.454718 -151.317657
v 13.033333 -0.337662 -152.458450
v 13.033333 -0.216324 -153.504684
v 13.033333 -0.099543 -154.417679
v 13.033333 -0.027055 -154.950272
v 16.012501 -0.083427 -153.603607
v 16.012501 -0.184318 -152.814926
v 16.825001 -0.175588 -152.626801
v 16.012501 -0.289175 -151.910934
v 16.825001 -0.275951 -151.761612
v 17.231251 -0.269339 -151.686951
v 16.012501 -0.390345 -150.925140
v 16.825001 -0.372789 -150.818085
v 17.231251 -0.364011 -150.764557
v 17.637501 -0.355233 -150.711044
v 16.012501 -0.483341 -149.876816
v 16.825001 -0.461803 -149.814697
v 17.231251 -0.451034 -149.783646
v 17.637501 -0.440266 -149.752579
v 18.450001 -0.418728 -149.690460
v 16.012501 -0.634808 -147.646591
v 16.825001 -0.606790 -147.680023
v 17.231251 -0.592781 -147.696732
v 17.637501 -0.578773 -147.713440
v 18.450001 -0.550755 -147.746872
v 19.533333 -0.513399 -147.791443
v 16.012501 -0.733448 -145.301712
v 16.825001 -0.701212 -145.435562
v 17.231251 -0.685094 -145.502487
v 17.637501 -0.668975 -145.569412
v 18.450001 -0.636739 -145.703262
v 19.533333 -0.593758 -145.881714
v 16.012501 -0.787021 -142.301773
v 16.825001 -0.752492 -142.564087
v 17.231251 -0.735227 -142.695236
v 17.637501 -0.717962 -142.826401
v 18.450001 -0.683433 -143.088699
v 19.533333 -0.637394 -143.438446
v 16.012501 -0.339795 -133.467331
v 16.825001 -0.324393 -134.108231
v 17.231251 -0.316691 -134.428680
v 17.637501 -0.308990 -134.749130
v 18.450001 -0.293588 -135.390030
v 19.533333 -0.273051 -136.244568
v 16.012501 -0.006373 -132.396362
v 16.825001 -0.005299 -133.083466
v 17.231251 -0.004763 -133.427032
v 17.637501 -0.004226 -133.770584
v 18.450001 -0.003153 -134.457687
v 19.533333 -0.001722 -135.373825
v 16.012501 0.002079 -132.391373
v 16.825001 0.002784 -133.078705
v 17.231251 0.003136 -133.422363
v 17.637501 0.003489 -133.766022
v 18.450001 0.004194 -134.453354
v 19.533333 0.005134 -135.369781
v 16.012501 0.010818 -132.388306
v 16.825001 0.011141 -133.075775
v 17.231251 0.011302 -133.419510
v 17.637501 0.011463 -133.763229
v 18.450001 0.011786 -134.450699
v 19.533333 0.012217 -135.367310
v 16.012501 0.019675 -132.387619
v 16.825001 0.019610 -133.075119
v 17.231251 0.019578 -133.418854
v 17.637501 0.019545 -133.762604
v 18.450001 0.019480 -134.450104
v 19.533333 0.019394 -135.366760
v 16.012501 0.028413 -132.389313
v 16.825001 0.027967 -133.076721
v 17.231251 0.027743 -133.420425
v 17.637501 0.027520 -133.764145
v 18.450001 0.027073 -134.451553
v 19.533333 0.026477 -135.368118
v 16.012501 0.037010 -132.393051
v 16.825001 0.036188 -133.080307
v 17.231251 0.035777 -133.423935
v 17.637501 0.035365 -133.767563
v 18.450001 0.034543 -134.454803
v 19.533333 0.033447 -135.371140
v 16.012501 0.045442 -132.398560
v 16.825001 0.044252 -133.085571
v 17.231251 0.043657 -133.429077
v 17.637501 0.043062 -133.772583
v 18.450001 0.041872 -134.459579
v 19.533333 0.040285 -135.375595
v 16.012501 0.385918 -133.521255
v 16.825001 0.370096 -134.159836
v 17.231251 0.362185 -134.479126
v 17.637501 0.354274 -134.798416
v 18.450001 0.338453 -135.436996
v 19.533333 0.317357 -136.288452
v 16.012501 0.761336 -137.867950
v 16.012501 0.783236 -138.499451
v 16.825001 0.750421 -138.924606
v 16.012501 0.807344 -139.470078
v 16.825001 0.773499 -139.853653
v 17.231251 0.756576 -140.045441
v 16.012501 0.825583 -141.206650
v 16.825001 0.790960 -141.515854
v 17.231251 0.773648 -141.670456
v 17.637501 0.756337 -141.825058
v 16.012501 0.765740 -145.443466
v 16.825001 0.733680 -145.571243
v 17.231251 0.717649 -145.635132
v 17.637501 0.701619 -145.699020
v 18.450001 0.669558 -145.826797
v 16.012501 0.660445 -147.843933
v 16.825001 0.632888 -147.868912
v 17.231251 0.619109 -147.881393
v 17.637501 0.605330 -147.893875
v 18.450001 0.577773 -147.918854
v 19.533333 0.541030 -147.952148
v 16.012501 0.499656 -150.117355
v 16.825001 0.478979 -150.044937
v 17.231251 0.468640 -150.008713
v 17.637501 0.458301 -149.972504
v 18.450001 0.437623 -149.900070
v 19.533333 0.410052 -149.803513
v 19.533333 0.660683 -141.132233
v 17.637501 0.697578 -138.772354
v 18.450001 0.684791 -139.774902
f 728 729 730
f 730 729 731
f 731 729 732
f 732 729 733
f 732 733 734
f 735 736 734
f 734 736 737
f 734 737 732
f 736 735 738
f 738 735 739
f 738 739 740
f 740 739 741
f 740 741 742
f 742 741 743
f 742 743 744
f 744 743 745
f 744 745 746
f 744 746 747
f 747 746 748
f 747 748 749
f 749 748 750
f 750 748 751
f 750 751 752
f 753 754 752
f 752 754 755
f 752 755 750
f 754 753 756
f 756 753 757
f 756 757 758
f 759 760 758
f 758 760 761
f 758 761 762
f 762 763 758
f 758 763 764
f 758 764 765
f 765 766 758
f 758 766 756
f 767 768 769
f 769 768 770
f 769 770 771
f 769 771 772
f 772 771 773
f 772 773 774
f 774 773 775
f 774 775 776
f 776 775 777
f 776 777 778
f 778 777 779
f 778 779 780
f 780 779 781
f 780 781 782
f 782 781 783
f 782 783 784
f 784 783 785
f 784 785 786
f 786 785 787
f 786 787 788
f 788 787 789
f 788 789 790
f 790 789 791
f 790 791 792
f 792 791 793
f 792 793 794
f 794 793 795
f 794 795 796
f 796 795 797
f 796 797 798
f 798 797 799
f 798 799 800
f 800 799 801
f 801 799 802
f 801 802 803
f 801 803 804
f 804 803 805
f 804 805 806
f 806 805 807
f 807 805 808
f 807 808 809
f 809 810 807
f 807 810 811
f 807 811 812
f 812 813 807
f 807 813 814
f 807 814 815
f 767 769 816
f 816 769 817
f 816 817 818
f 818 817 819
f 818 819 820
f 820 819 821
f 820 821 822
f 822 821 823
f 822 823 824
f 824 823 825
f 824 825 826
f 826 825 827
f 826 827 828
f 828 827 829
f 828 829 830
f 830 829 831
f 830 831 832
f 832 831 833
f 832 833 834
f 834 833 835
f 834 835 836
f 836 835 837
f 836 837 838
f 838 837 839
f 838 839 840
f 840 839 841
f 840 841 842
f 842 841 843
f 842 843 844
f 844 843 845
f 844 845 846
f 846 845 847
f 846 847 848
f 848 847 849
f 848 849 850
f 850 849 851
f 850 851 852
f 852 851 853
f 852 853 854
f 854 853 855
f 854 855 856
f 856 855 857
f 856 857 858
f 858 857 859
f 858 859 860
f 860 859 861
f 860 861 862
f 862 861 863
f 862 863 864
f 864 863 865
f 864 865 866
f 866 865 867
f 866 867 868
f 868 867 869
f 868 869 870
f 870 869 871
f 870 871 872
f 872 871 873
f 872 873 874
f 874 873 875
f 874 875 876
f 876 875 877
f 876 877 878
f 878 877 879
f 878 879 880
f 880 879 881
f 880 881 882
f 882 881 883
f 882 883 884
f 884 883 885
f 884 885 886
f 886 885 887
f 886 887 888
f 888 887 889
f 888 889 890
f 890 889 891
f 890 891 892
f 892 891 893
f 892 893 894
f 894 893 895
f 894 895 896
f 896 895 897
f 896 897 898
f 898 897 899
f 898 899 900
f 900 899 901
f 900 901 902
f 902 901 903
f 902 903 904
f 904 903 905
f 904 905 906
f 906 905 907
f 906 907 908
f 908 907 909
f 908 909 910
f 910 909 911
f 910 911 912
f 912 911 913
f 912 913 914
f 914 913 915
f 914 915 916
f 916 915 917
f 916 917 918
f 918 917 919
f 918 919 920
f 920 919 921
f 920 921 922
f 922 921 923
f 922 923 924
f 924 923 925
f 924 925 926
f 926 925 927
f 926 927 928
f 928 927 738
f 928 738 740
f 772 929 769
f 769 929 930
f 769 930 931
f 931 930 932
f 931 932 933
f 933 932 934
f 933 934 935
f 935 934 936
f 935 936 937
f 937 936 938
f 937 938 939
f 939 938 940
f 939 940 941
f 941 940 942
f 941 942 943
f 943 942 944
f 943 944 945
f 945 944 946
f 945 946 947
f 947 946 948
f 947 948 949
f 949 948 950
f 949 950 951
f 951 950 952
f 951 952 953
f 953 952 954
f 953 954 955
f 955 954 956
f 955 956 957
f 957 956 958
f 957 958 959
f 959 958 960
f 959 960 961
f 961 960 962
f 961 962 963
f 963 962 964
f 963 964 965
f 965 964 966
f 965 966 967
f 967 966 968
f 967 968 969
f 969 968 970
f 969 970 971
f 971 970 972
f 971 972 973
f 973 972 974
f 973 974 975
f 975 974 976
f 975 976 977
f 977 976 978
f 977 978 979
f 979 978 980
f 979 980 981
f 981 980 982
f 981 982 983
f 983 982 984
f 983 984 985
f 985 984 986
f 985 986 987
f 987 986 988
f 987 988 989
f 989 988 990
f 989 990 991
f 991 990 992
f 991 992 993
f 993 992 994
f 993 994 995
f 995 994 996
f 995 996 997
f 997 996 998
f 997 998 999
f 999 998 1000
f 999 1000 1001
f 1001 1000 1002
f 1001 1002 1003
f 1003 1002 1004
f 1003 1004 1005
f 1005 1004 1006
f 1005 1006 1007
f 1007 1006 1008
f 1007 1008 1009
f 1009 1008 1010
f 1009 1010 1011
f 1011 1010 1012
f 1011 1012 1013
f 1013 1012 1014
f 1013 1014 1015
f 1015 1014 1016
f 1015 1016 1017
f 1017 1016 1018
f 1017 1018 1019
f 1019 1018 1020
f 1019 1020 1021
f 1021 1020 1022
f 1021 1022 1023
f 1023 1022 1024
f 1023 1024 1025
f 1025 1024 1026
f 1025 1026 1027
f 1027 1026 768
f 1027 768 915
f 929 772 1028
f 1028 772 774
f 1028 774 1029
f 1029 774 776
f 1029 776 778
f 1029 778 1030
f 1030 778 780
f 1030 780 1031
f 1031 780 1032
f 1031 1032 938
f 938 1032 940
f 780 782 1032
f 1032 782 1033
f 1032 1033 940
f 940 1033 942
f 782 784 1033
f 1033 784 786
f 1033 786 1034
f 1034 786 788
f 1034 788 944
f 944 788 946
f 946 788 1035
f 1035 788 790
f 1035 790 1036
f 1036 790 792
f 1036 792 1037
f 1037 792 1038
f 1037 1038 950
f 950 1038 952
f 1038 792 1039
f 1039 792 794
f 1039 794 1040
f 1040 794 796
f 1040 796 1041
f 1041 796 798
f 1041 798 1042
f 1042 798 1043
f 1042 1043 960
f 960 1043 962
f 798 800 1043
f 1043 800 801
f 1043 801 1044
f 1044 801 1045
f 1044 1045 964
f 964 1045 966
f 801 804 1045
f 1045 804 1046
f 1045 1046 966
f 966 1046 968
f 804 806 1046
f 1046 806 1047
f 1046 1047 968
f 968 1047 970
f 806 807 1047
f 1047 807 1048
f 1047 1048 970
f 970 1048 972
f 1048 807 1049
f 1049 807 815
f 1049 815 1050
f 1050 815 814
f 1050 814 1051
f 1051 814 813
f 1051 813 1052
f 1052 813 812
f 1052 812 1053
f 1053 812 811
f 1053 811 810
f 1053 810 1054
f 1054 810 809
f 1054 809 1055
f 1055 809 808
f 1055 808 1056
f 1056 808 1057
f 1056 1057 988
f 988 1057 990
f 808 805 1057
f 1057 805 1058
f 1057 1058 990
f 990 1058 992
f 805 803 1058
f 1058 803 1059
f 1058 1059 992
f 992 1059 994
f 803 802 1059
f 1059 802 1060
f 1059 1060 994
f 994 1060 996
f 1060 802 1061
f 1061 802 799
f 1061 799 1062
f 1062 799 797
f 1062 797 1063
f 1063 797 795
f 1063 795 1064
f 1064 795 793
f 1064 793 1065
f 1065 793 791
f 1065 791 1066
f 1066 791 789
f 1066 789 1067
f 1067 789 787
f 1067 787 1068
f 1068 787 785
f 1068 785 1069
f 1069 785 783
f 1069 783 1070
f 1070 783 781
f 1070 781 779
f 777 1071 779
f 779 1071 1072
f 779 1072 1070
f 1070 1072 1016
f 1070 1016 1014
f 1071 777 1073
f 1073 777 775
f 1073 775 773
f 1073 773 1074
f 1074 773 771
f 1074 771 1075
f 1075 771 770
f 1075 770 768
f 730 1076 915
f 915 1076 1077
f 915 1077 1078
f 1078 1077 1079
f 1078 1079 919
f 919 1079 921
f 731 1080 730
f 730 1080 1081
f 730 1081 1076
f 1076 1081 1082
f 1076 1082 1083
f 1083 1082 1084
f 1083 1084 1085
f 1085 1084 1086
f 1085 1086 923
f 923 1086 925
f 1080 731 1087
f 1087 731 732
f 1087 732 1088
f 1088 732 737
f 1088 737 1089
f 1089 737 736
f 1089 736 1090
f 1090 736 927
f 1090 927 925
f 736 738 927
f 928 740 1091
f 1091 740 742
f 1091 742 1092
f 1092 742 744
f 1092 744 1093
f 1093 744 1094
f 1093 1094 1095
f 1095 1094 1096
f 1095 1096 1097
f 1097 1096 1098
f 1097 1098 1099
f 1099 1098 1100
f 1099 1100 1101
f 1101 1100 1102
f 1101 1102 1103
f 1103 1102 1104
f 1103 1104 1105
f 1105 1104 1106
f 1105 1106 896
f 896 1106 894
f 744 747 1094
f 1094 747 1107
f 1094 1107 1096
f 1096 1107 1108
f 1096 1108 1098
f 1098 1108 1109
f 1098 1109 1100
f 1100 1109 1110
f 1100 1110 1102
f 1102 1110 1111
f 1102 1111 1104
f 1104 1111 1112
f 1104 1112 1106
f 1106 1112 1113
f 1106 1113 894
f 894 1113 892
f 747 749 1107
f 1107 749 1114
f 1107 1114 1108
f 1108 1114 1115
f 1108 1115 1109
f 1109 1115 1116
f 1109 1116 1110
f 1110 1116 1117
f 1110 1117 1111
f 1111 1117 1118
f 1111 1118 1112
f 1112 1118 1119
f 1112 1119 1113
f 1113 1119 1120
f 1113 1120 892
f 892 1120 890
f 749 750 1114
f 1114 750 1121
f 1114 1121 1115
f 1115 1121 1122
f 1115 1122 1116
f 1116 1122 1123
f 1116 1123 1117
f 1117 1123 1124
f 1117 1124 1118
f 1118 1124 1125
f 1118 1125 1119
f 1119 1125 1126
f 1119 1126 1120
f 1120 1126 1127
f 1120 1127 890
f 890 1127 888
f 1121 750 1128
f 1128 750 755
f 1128 755 1129
f 1129 755 1130
f 1129 1130 1131
f 1131 1130 1132
f 1131 1132 1133
f 1133 1132 1134
f 1133 1134 1135
f 1135 1134 1136
f 1135 1136 1137
f 1137 1136 1138
f 1137 1138 1139
f 1139 1138 1140
f 1139 1140 1141
f 1141 1140 1142
f 1141 1142 884
f 884 1142 882
f 755 754 1130
f 1130 754 1143
f 1130 1143 1132
f 1132 1143 1144
f 1132 1144 1134
f 1134 1144 1145
f 1134 1145 1136
f 1136 1145 1146
f 1136 1146 1138
f 1138 1146 1147
f 1138 1147 1140
f 1140 1147 1148
f 1140 1148 1142
f 1142 1148 1149
f 1142 1149 882
f 882 1149 880
f 754 756 1143
f 1143 756 1150
f 1143 1150 1144
f 1144 1150 1151
f 1144 1151 1145
f 1145 1151 1152
f 1145 1152 1146
f 1146 1152 1153
f 1146 1153 1147
f 1147 1153 1154
f 1147 1154 1148
f 1148 1154 1155
f 1148 1155 1149
f 1149 1155 1156
f 1149 1156 880
f 880 1156 878
f 756 766 1150
f 1150 766 1157
f 1150 1157 1151
f 1151 1157 1158
f 1151 1158 1152
f 1152 1158 1159
f 1152 1159 1153
f 1153 1159 1160
f 1153 1160 1154
f 1154 1160 1161
f 1154 1161 1155
f 1155 1161 1162
f 1155 1162 1156
f 1156 1162 1163
f 1156 1163 878
f 878 1163 876
f 1157 766 1164
f 1164 766 765
f 1164 765 1165
f 1165 765 764
f 1165 764 1166
f 1166 764 763
f 1166 763 762
f 1166 762 1167
f 1167 762 761
f 1167 761 1168
f 1168 761 760
f 1168 760 1169
f 1169 760 759
f 1169 759 1170
f 1170 759 758
f 1170 758 1171
f 1171 758 1172
f 1171 1172 1173
f 1173 1172 1174
f 1173 1174 1175
f 1175 1174 1176
f 1175 1176 1177
f 1177 1176 1178
f 1177 1178 1179
f 1179 1178 1180
f 1179 1180 1181
f 1181 1180 1182
f 1181 1182 1183
f 1183 1182 1184
f 1183 1184 860
f 860 1184 858
f 758 757 1172
f 1172 757 1185
f 1172 1185 1174
f 1174 1185 1186
f 1174 1186 1176
f 1176 1186 1187
f 1176 1187 1178
f 1178 1187 1188
f 1178 1188 1180
f 1180 1188 1189
f 1180 1189 1182
f 1182 1189 1190
f 1182 1190 1184
f 1184 1190 1191
f 1184 1191 858
f 858 1191 856
f 757 753 1185
f 1185 753 1192
f 1185 1192 1186
f 1186 1192 1193
f 1186 1193 1187
f 1187 1193 1194
f 1187 1194 1188
f 1188 1194 1195
f 1188 1195 1189
f 1189 1195 1196
f 1189 1196 1190
f 1190 1196 1197
f 1190 1197 1191
f 1191 1197 1198
f 1191 1198 856
f 856 1198 854
f 753 752 1192
f 1192 752 1199
f 1192 1199 1193
f 1193 1199 1200
f 1193 1200 1194
f 1194 1200 1201
f 1194 1201 1195
f 1195 1201 1202
f 1195 1202 1196
f 1196 1202 1203
f 1196 1203 1197
f 1197 1203 1204
f 1197 1204 1198
f 1198 1204 1205
f 1198 1205 854
f 854 1205 852
f 1199 752 1206
f 1206 752 751
f 1206 751 1207
f 1207 751 1208
f 1207 1208 1209
f 1209 1208 1210
f 1209 1210 1211
f 1211 1210 1212
f 1211 1212 1213
f 1213 1212 1214
f 1213 1214 1215
f 1215 1214 1216
f 1215 1216 1217
f 1217 1216 1218
f 1217 1218 1219
f 1219 1218 1220
f 1219 1220 848
f 848 1220 846
f 751 748 1208
f 1208 748 1221
f 1208 1221 1210
f 1210 1221 1222
f 1210 1222 1212
f 1212 1222 1223
f 1212 1223 1214
f 1214 1223 1224
f 1214 1224 1216
f 1216 1224 1225
f 1216 1225 1218
f 1218 1225 1226
f 1218 1226 1220
f 1220 1226 1227
f 1220 1227 846
f 846 1227 844
f 748 746 1221
f 1221 746 1228
f 1221 1228 1222
f 1222 1228 1229
f 1222 1229 1223
f 1223 1229 1230
f 1223 1230 1224
f 1224 1230 1231
f 1224 1231 1225
f 1225 1231 1232
f 1225 1232 1226
f 1226 1232 1233
f 1226 1233 1227
f 1227 1233 1234
f 1227 1234 844
f 844 1234 842
f 745 1235 746
f 746 1235 1236
f 746 1236 1228
f 1228 1236 1229
f 743 1237 745
f 745 1237 1238
f 745 1238 1235
f 1235 1238 1239
f 1235 1239 1240
f 1240 1239 1241
f 1240 1241 1230
f 1230 1241 1231
f 741 1242 743
f 743 1242 1243
f 743 1243 1244
f 1244 1243 1245
f 1244 1245 1246
f 1246 1245 1247
f 1246 1247 1248
f 1248 1247 1249
f 1248 1249 1250
f 1250 1249 1251
f 1250 1251 1233
f 1233 1251 1234
f 1242 741 1252
f 1252 741 739
f 1252 739 1253
f 1253 739 735
f 1253 735 1254
f 1254 735 1255
f 1254 1255 1256
f 1256 1255 1257
f 1256 1257 1258
f 1258 1257 1259
f 1258 1259 1260
f 1260 1259 1261
f 1260 1261 1262
f 1262 1261 1263
f 1262 1263 1264
f 1264 1263 1265
f 1264 1265 1266
f 1266 1265 1267
f 1266 1267 826
f 826 1267 824
f 735 734 1255
f 1255 734 1268
f 1255 1268 1257
f 1257 1268 1269
f 1257 1269 1259
f 1259 1269 1270
f 1259 1270 1261
f 1261 1270 1271
f 1261 1271 1263
f 1263 1271 1272
f 1263 1272 1265
f 1265 1272 1273
f 1265 1273 1267
f 1267 1273 1274
f 1267 1274 824
f 824 1274 822
f 734 733 1268
f 1268 733 1275
f 1268 1275 1269
f 1269 1275 1276
f 1269 1276 1270
f 1270 1276 1277
f 1270 1277 1271
f 1271 1277 1278
f 1271 1278 1272
f 1272 1278 1279
f 1272 1279 1273
f 1273 1279 1280
f 1273 1280 1274
f 1274 1280 1281
f 1274 1281 822
f 822 1281 820
f 733 729 1275
f 1275 729 1282
f 1275 1282 1276
f 1276 1282 1283
f 1276 1283 1277
f 1277 1283 1284
f 1277 1284 1278
f 1278 1284 1285
f 1278 1285 1279
f 1279 1285 1286
f 1279 1286 1280
f 1280 1286 1287
f 1280 1287 1281
f 1281 1287 1288
f 1281 1288 820
f 820 1288 818
f 729 728 1282
f 1282 728 816
f 1282 816 1283
f 1283 816 1284
f 769 1289 817
f 817 1289 1290
f 817 1290 819
f 819 1290 1291
f 819 1291 821
f 821 1291 1292
f 821 1292 823
f 823 1292 1293
f 823 1293 825
f 825 1293 1294
f 825 1294 827
f 827 1294 1295
f 827 1295 829
f 829 1295 1296
f 829 1296 831
f 831 1296 1297
f 831 1297 833
f 833 1297 1298
f 833 1298 835
f 835 1298 1299
f 835 1299 837
f 837 1299 1300
f 837 1300 839
f 839 1300 1301
f 839 1301 841
f 841 1301 1302
f 841 1302 843
f 843 1302 1303
f 843 1303 845
f 845 1303 1304
f 845 1304 847
f 847 1304 1305
f 847 1305 849
f 849 1305 1306
f 849 1306 851
f 851 1306 1307
f 851 1307 853
f 853 1307 1308
f 853 1308 855
f 855 1308 1309
f 855 1309 857
f 857 1309 1310
f 857 1310 859
f 859 1310 1311
f 859 1311 861
f 861 1311 1312
f 861 1312 863
f 863 1312 1313
f 863 1313 865
f 865 1313 1314
f 865 1314 867
f 867 1314 1315
f 867 1315 869
f 869 1315 1316
f 869 1316 871
f 871 1316 1317
f 871 1317 873
f 873 1317 1318
f 873 1318 875
f 875 1318 1319
f 875 1319 877
f 877 1319 1320
f 877 1320 879
f 879 1320 1321
f 879 1321 881
f 881 1321 1322
f 881 1322 883
f 883 1322 1323
f 883 1323 885
f 885 1323 1324
f 885 1324 887
f 887 1324 1325
f 887 1325 889
f 889 1325 1326
f 889 1326 891
f 891 1326 1327
f 891 1327 893
f 893 1327 1328
f 893 1328 895
f 895 1328 1329
f 895 1329 897
f 897 1329 1330
f 897 1330 899
f 899 1330 1331
f 899 1331 901
f 901 1331 1332
f 901 1332 903
f 903 1332 1333
f 903 1333 905
f 905 1333 1334
f 905 1334 907
f 907 1334 1335
f 907 1335 909
f 909 1335 1336
f 909 1336 911
f 911 1336 1337
f 911 1337 913
f 913 1337 915
f 1075 768 1026
f 1027 915 1337
f 818 1288 816
f 816 1288 1287
f 816 1287 1286
f 1286 1285 816
f 816 1285 1284
f 917 915 1078
f 1026 1024 1075
f 1075 1024 1074
f 1024 1022 1074
f 1074 1022 1073
f 1022 1020 1073
f 1073 1020 1071
f 1020 1018 1071
f 1071 1018 1072
f 1018 1016 1072
f 1070 1014 1069
f 1069 1014 1012
f 1069 1012 1068
f 1068 1012 1010
f 1068 1010 1067
f 1067 1010 1008
f 1067 1008 1066
f 1066 1008 1006
f 1066 1006 1065
f 1065 1006 1004
f 1065 1004 1064
f 1064 1004 1002
f 1064 1002 1063
f 1063 1002 1000
f 1063 1000 1062
f 1062 1000 998
f 1062 998 1061
f 1061 998 996
f 1061 996 1060
f 988 986 1056
f 1056 986 1055
f 986 984 1055
f 1055 984 1054
f 984 982 1054
f 1054 982 1053
f 982 980 1053
f 1053 980 1052
f 980 978 1052
f 1052 978 1051
f 978 976 1051
f 1051 976 1050
f 972 1048 1049
f 976 974 1050
f 1050 974 1049
f 974 972 1049
f 962 1043 1044
f 962 1044 964
f 960 958 1042
f 1042 958 1041
f 958 956 1041
f 1041 956 1040
f 952 1038 1039
f 956 954 1040
f 1040 954 1039
f 954 952 1039
f 946 1035 1036
f 950 948 1037
f 1037 948 1036
f 948 946 1036
f 942 1033 1034
f 944 942 1034
f 938 936 1031
f 1031 936 1030
f 936 934 1030
f 1030 934 1029
f 930 929 1028
f 934 932 1029
f 1029 932 1028
f 1289 769 931
f 932 930 1028
f 912 914 1338
f 1338 914 916
f 1338 916 918
f 910 912 1339
f 1339 912 1338
f 1339 1338 1340
f 1340 1338 918
f 1340 918 920
f 908 910 1341
f 1341 910 1339
f 1341 1339 1342
f 1342 1339 1340
f 1342 1340 1343
f 1343 1340 920
f 1343 920 922
f 906 908 1344
f 1344 908 1341
f 1344 1341 1345
f 1345 1341 1342
f 1345 1342 1346
f 1346 1342 1343
f 1346 1343 1347
f 1347 1343 922
f 1347 922 924
f 904 906 1348
f 1348 906 1344
f 1348 1344 1349
f 1349 1344 1345
f 1349 1345 1350
f 1350 1345 1346
f 1350 1346 1351
f 1351 1346 1347
f 1351 1347 1352
f 1352 1347 924
f 1352 924 926
f 902 904 1353
f 1353 904 1348
f 1353 1348 1354
f 1354 1348 1349
f 1354 1349 1355
f 1355 1349 1350
f 1355 1350 1356
f 1356 1350 1351
f 1356 1351 1357
f 1357 1351 1352
f 1357 1352 1358
f 1358 1352 926
f 1358 926 928
f 900 902 1359
f 1359 902 1353
f 1359 1353 1360
f 1360 1353 1354
f 1360 1354 1361
f 1361 1354 1355
f 1361 1355 1362
f 1362 1355 1356
f 1362 1356 1363
f 1363 1356 1357
f 1363 1357 1364
f 1364 1357 1358
f 1364 1358 1091
f 1091 1358 928
f 898 900 1365
f 1365 900 1359
f 1365 1359 1366
f 1366 1359 1360
f 1366 1360 1367
f 1367 1360 1361
f 1367 1361 1368
f 1368 1361 1362
f 1368 1362 1369
f 1369 1362 1363
f 1369 1363 1370
f 1370 1363 1364
f 1370 1364 1092
f 1092 1364 1091
f 896 898 1105
f 1105 898 1365
f 1105 1365 1103
f 1103 1365 1366
f 1103 1366 1101
f 1101 1366 1367
f 1101 1367 1099
f 1099 1367 1368
f 1099 1368 1097
f 1097 1368 1369
f 1097 1369 1095
f 1095 1369 1370
f 1095 1370 1093
f 1093 1370 1092
f 886 888 1371
f 1371 888 1127
f 1371 1127 1372
f 1372 1127 1126
f 1372 1126 1373
f 1373 1126 1125
f 1373 1125 1374
f 1374 1125 1124
f 1374 1124 1375
f 1375 1124 1123
f 1375 1123 1376
f 1376 1123 1122
f 1376 1122 1128
f 1128 1122 1121
f 884 886 1141
f 1141 886 1371
f 1141 1371 1139
f 1139 1371 1372
f 1139 1372 1137
f 1137 1372 1373
f 1137 1373 1135
f 1135 1373 1374
f 1135 1374 1133
f 1133 1374 1375
f 1133 1375 1131
f 1131 1375 1376
f 1131 1376 1129
f 1129 1376 1128
f 874 876 1377
f 1377 876 1163
f 1377 1163 1378
f 1378 1163 1162
f 1378 1162 1379
f 1379 1162 1161
f 1379 1161 1380
f 1380 1161 1160
f 1380 1160 1381
f 1381 1160 1159
f 1381 1159 1382
f 1382 1159 1158
f 1382 1158 1164
f 1164 1158 1157
f 872 874 1383
f 1383 874 1377
f 1383 1377 1384
f 1384 1377 1378
f 1384 1378 1385
f 1385 1378 1379
f 1385 1379 1386
f 1386 1379 1380
f 1386 1380 1387
f 1387 1380 1381
f 1387 1381 1388
f 1388 1381 1382
f 1388 1382 1165
f 1165 1382 1164
f 870 872 1389
f 1389 872 1383
f 1389 1383 1390
f 1390 1383 1384
f 1390 1384 1391
f 1391 1384 1385
f 1391 1385 1392
f 1392 1385 1386
f 1392 1386 1393
f 1393 1386 1387
f 1393 1387 1394
f 1394 1387 1388
f 1394 1388 1166
f 1166 1388 1165
f 868 870 1395
f 1395 870 1389
f 1395 1389 1396
f 1396 1389 1390
f 1396 1390 1397
f 1397 1390 1391
f 1397 1391 1398
f 1398 1391 1392
f 1398 1392 1399
f 1399 1392 1393
f 1399 1393 1400
f 1400 1393 1394
f 1400 1394 1167
f 1167 1394 1166
f 866 868 1401
f 1401 868 1395
f 1401 1395 1402
f 1402 1395 1396
f 1402 1396 1403
f 1403 1396 1397
f 1403 1397 1404
f 1404 1397 1398
f 1404 1398 1405
f 1405 1398 1399
f 1405 1399 1406
f 1406 1399 1400
f 1406 1400 1168
f 1168 1400 1167
f 864 866 1407
f 1407 866 1401
f 1407 1401 1408
f 1408 1401 1402
f 1408 1402 1409
f 1409 1402 1403
f 1409 1403 1410
f 1410 1403 1404
f 1410 1404 1411
f 1411 1404 1405
f 1411 1405 1412
f 1412 1405 1406
f 1412 1406 1169
f 1169 1406 1168
f 862 864 1413
f 1413 864 1407
f 1413 1407 1414
f 1414 1407 1408
f 1414 1408 1415
f 1415 1408 1409
f 1415 1409 1416
f 1416 1409 1410
f 1416 1410 1417
f 1417 1410 1411
f 1417 1411 1418
f 1418 1411 1412
f 1418 1412 1170
f 1170 1412 1169
f 860 862 1183
f 1183 862 1413
f 1183 1413 1181
f 1181 1413 1414
f 1181 1414 1179
f 1179 1414 1415
f 1179 1415 1177
f 1177 1415 1416
f 1177 1416 1175
f 1175 1416 1417
f 1175 1417 1173
f 1173 1417 1418
f 1173 1418 1171
f 1171 1418 1170
f 850 852 1419
f 1419 852 1205
f 1419 1205 1420
f 1420 1205 1204
f 1420 1204 1421
f 1421 1204 1203
f 1421 1203 1422
f 1422 1203 1202
f 1422 1202 1423
f 1423 1202 1201
f 1423 1201 1424
f 1424 1201 1200
f 1424 1200 1206
f 1206 1200 1199
f 848 850 1219
f 1219 850 1419
f 1219 1419 1217
f 1217 1419 1420
f 1217 1420 1215
f 1215 1420 1421
f 1215 1421 1213
f 1213 1421 1422
f 1213 1422 1211
f 1211 1422 1423
f 1211 1423 1209
f 1209 1423 1424
f 1209 1424 1207
f 1207 1424 1206
f 840 842 1425
f 1425 842 1234
f 1425 1234 1251
f 838 840 1426
f 1426 840 1425
f 1426 1425 1427
f 1427 1425 1251
f 1427 1251 1249
f 836 838 1428
f 1428 838 1426
f 1428 1426 1429
f 1429 1426 1427
f 1429 1427 1430
f 1430 1427 1249
f 1430 1249 1247
f 834 836 1431
f 1431 836 1428
f 1431 1428 1432
f 1432 1428 1429
f 1432 1429 1433
f 1433 1429 1430
f 1433 1430 1434
f 1434 1430 1247
f 1434 1247 1245
f 832 834 1435
f 1435 834 1431
f 1435 1431 1436
f 1436 1431 1432
f 1436 1432 1437
f 1437 1432 1433
f 1437 1433 1438
f 1438 1433 1434
f 1438 1434 1439
f 1439 1434 1245
f 1439 1245 1243
f 830 832 1440
f 1440 832 1435
f 1440 1435 1441
f 1441 1435 1436
f 1441 1436 1442
f 1442 1436 1437
f 1442 1437 1443
f 1443 1437 1438
f 1443 1438 1444
f 1444 1438 1439
f 1444 1439 1445
f 1445 1439 1243
f 1445 1243 1252
f 1252 1243 1242
f 828 830 1446
f 1446 830 1440
f 1446 1440 1447
f 1447 1440 1441
f 1447 1441 1448
f 1448 1441 1442
f 1448 1442 1449
f 1449 1442 1443
f 1449 1443 1450
f 1450 1443 1444
f 1450 1444 1451
f 1451 1444 1445
f 1451 1445 1253
f 1253 1445 1252
f 826 828 1266
f 1266 828 1446
f 1266 1446 1264
f 1264 1446 1447
f 1264 1447 1262
f 1262 1447 1448
f 1262 1448 1260
f 1260 1448 1449
f 1260 1449 1258
f 1258 1449 1450
f 1258 1450 1256
f 1256 1450 1451
f 1256 1451 1254
f 1254 1451 1253
f 743 1244 1237
f 1237 1244 1452
f 1237 1452 1238
f 1238 1452 1239
f 1229 1236 1240
f 1240 1236 1235
f 925 1086 1090
f 1090 1086 1089
f 1086 1084 1089
f 1089 1084 1088
f 1081 1080 1087
f 1084 1082 1088
f 1088 1082 1087
f 1082 1081 1087
f 1337 1336 1027
f 1027 1336 1025
f 1336 1335 1025
f 1025 1335 1023
f 1335 1334 1023
f 1023 1334 1021
f 1334 1333 1021
f 1021 1333 1019
f 1333 1332 1019
f 1019 1332 1017
f 1332 1331 1017
f 1017 1331 1015
f 1331 1330 1015
f 1015 1330 1013
f 1330 1329 1013
f 1013 1329 1011
f 1329 1328 1011
f 1011 1328 1009
f 1328 1327 1009
f 1009 1327 1007
f 1327 1326 1007
f 1007 1326 1005
f 1326 1325 1005
f 1005 1325 1003
f 1325 1324 1003
f 1003 1324 1001
f 1324 1323 1001
f 1001 1323 999
f 1323 1322 999
f 999 1322 997
f 1322 1321 997
f 997 1321 995
f 1321 1320 995
f 995 1320 993
f 1320 1319 993
f 993 1319 991
f 1319 1318 991
f 991 1318 989
f 1318 1317 989
f 989 1317 987
f 1317 1316 987
f 987 1316 985
f 1316 1315 985
f 985 1315 983
f 1315 1314 983
f 983 1314 981
f 1314 1313 981
f 981 1313 979
f 1313 1312 979
f 979 1312 977
f 1312 1311 977
f 977 1311 975
f 1311 1310 975
f 975 1310 973
f 1310 1309 973
f 973 1309 971
f 1309 1308 971
f 971 1308 969
f 1308 1307 969
f 969 1307 967
f 1307 1306 967
f 967 1306 965
f 1306 1305 965
f 965 1305 963
f 1305 1304 963
f 963 1304 961
f 1304 1303 961
f 961 1303 959
f 1303 1302 959
f 959 1302 957
f 1302 1301 957
f 957 1301 955
f 1301 1300 955
f 955 1300 953
f 1300 1299 953
f 953 1299 951
f 1299 1298 951
f 951 1298 949
f 1298 1297 949
f 949 1297 947
f 1297 1296 947
f 947 1296 945
f 1296 1295 945
f 945 1295 943
f 1295 1294 943
f 943 1294 941
f 1294 1293 941
f 941 1293 939
f 1293 1292 939
f 939 1292 937
f 1292 1291 937
f 937 1291 935
f 1289 931 933
f 1291 1290 935
f 935 1290 933
f 1290 1289 933
f 1078 919 917
f 1250 1233 1232
f 1250 1232 1453
f 1453 1232 1231
f 1453 1231 1241
f 1076 1083 1077
f 1077 1083 1079
f 1083 1085 1079
f 1079 1085 921
f 1085 923 921
f 1250 1453 1248
f 1248 1453 1454
f 1248 1454 1246
f 1246 1454 1452
f 1246 1452 1244
f 1454 1453 1241
f 1240 1230 1229
f 1452 1454 1239
f 1239 1454 1241
f 768 767 915
f 915 767 816
f 915 816 730
f 730 816 728
g 2

v -0.027373 21.700001 -152.499832
v -0.057193 21.700001 -152.284729
v -0.009013 21.700001 -152.499832
v 0.020807 21.700001 -152.284729
v 0.064306 21.700001 -151.961395
v -0.100692 21.700001 -151.961395
v -0.199456 21.700001 -151.164337
v -0.297576 21.700001 -150.240967
v 0.261190 21.700001 -150.240967
v 0.163071 21.700001 -151.164337
v 0.349134 21.700001 -149.233353
v -0.385520 21.700001 -149.233353
v 0.478440 21.700001 -147.057816
v -0.514826 21.700001 -147.057816
v 0.539212 21.700001 -144.773651
v -0.575598 21.700001 -144.773651
v 0.539852 21.700001 -142.491623
v -0.576239 21.700001 -142.491623
v -0.505136 21.700001 -140.328659
v 0.468748 21.700001 -140.328659
v -0.436585 21.700001 -139.335068
v 0.400198 21.700001 -139.335068
v 0.304974 21.700001 -138.434006
v -0.341361 21.700001 -138.434006
v -0.212180 21.700001 -137.671448
v -0.130116 21.700001 -137.374313
v 0.093729 21.700001 -137.374313
v 0.175793 21.700001 -137.671448
v 0.043311 21.700001 -137.261261
v -0.079698 21.700001 -137.261261
v -0.050496 21.700001 -137.220291
v -0.034979 21.700001 -137.205902
v -0.026759 21.700001 -137.201553
v -0.022503 21.700001 -137.200378
v -0.018194 21.700001 -137.199982
v -0.013884 21.700001 -137.200378
v -0.009628 21.700001 -137.201553
v -0.001408 21.700001 -137.205902
v 0.014109 21.700001 -137.220291
v -0.036360 8.700000 -156.500000
v 0.000000 8.700000 -156.500000
v -0.060228 8.700000 -156.328232
v 0.023868 8.700000 -156.328232
v 0.059701 8.700000 -156.069275
v -0.096062 8.700000 -156.069275
v 0.146101 8.700000 -155.426880
v -0.182464 8.700000 -155.426880
v 0.242328 8.700000 -154.675583
v -0.278691 8.700000 -154.675583
v 0.341804 8.700000 -153.846497
v -0.378167 8.700000 -153.846497
v 0.535979 8.700000 -152.017654
v -0.572345 8.700000 -152.017654
v 0.709908 8.700000 -150.022949
v -0.746277 8.700000 -150.022949
v 0.854839 8.700000 -147.911392
v -0.891210 8.700000 -147.911392
v 0.965554 8.700000 -145.717804
v -1.001929 8.700000 -145.717804
v 1.085704 8.700000 -141.198685
v -1.122085 8.700000 -141.198685
v 1.087029 8.700000 -136.683807
v -1.123419 8.700000 -136.683807
v 1.037076 8.700000 -134.498672
v -1.073469 8.700000 -134.498672
v 0.946553 8.700000 -132.403458
v -0.982948 8.700000 -132.403458
v 0.811084 8.700000 -130.436401
v -0.847480 8.700000 -130.436401
v 0.622821 8.700000 -128.651535
v -0.659221 8.700000 -128.651535
v 0.505265 8.700000 -127.853073
v -0.541667 8.700000 -127.853073
v -0.403586 8.700000 -127.139313
v 0.367186 8.700000 -127.139313
v 0.204717 8.700000 -126.548592
v -0.241119 8.700000 -126.548592
v 0.104624 8.700000 -126.323135
v -0.141027 8.700000 -126.323135
v -0.082910 8.700000 -126.241051
v 0.046508 8.700000 -126.241051
v 0.015498 8.700000 -126.212044
v -0.000981 8.700000 -126.203201
v -0.009534 8.700000 -126.200821
v -0.018201 8.700000 -126.200012
v -0.026869 8.700000 -126.200821
v -0.035421 8.700000 -126.203201
v -0.051901 8.700000 -126.212044
v -0.031866 15.200000 -154.499908
v -0.058338 14.116667 -154.648178
v -0.056226 15.200000 -154.324646
v -0.096647 14.116667 -154.369431
v -0.092532 15.200000 -154.060486
v -0.206089 14.116667 -153.534210
v -0.196271 15.200000 -153.268784
v -0.324697 14.116667 -152.545990
v -0.308714 15.200000 -152.331985
v -0.440420 14.116667 -151.454880
v -0.418429 15.200000 -151.297592
v -0.547905 14.116667 -150.286362
v -0.520334 15.200000 -150.189789
v -0.724746 14.116667 -147.785660
v -0.688003 15.200000 -147.818954
v -0.840549 14.116667 -145.145309
v -0.797801 15.200000 -145.315689
v -0.906371 14.116667 -140.485168
v -0.860206 15.200000 -140.897446
v -0.886315 14.116667 -138.575073
v -0.841188 15.200000 -139.086502
v -0.859805 14.116667 -137.507446
v -0.816051 15.200000 -138.074310
v -0.835721 14.116667 -136.812820
v -0.793216 15.200000 -137.415756
v -0.816829 14.116667 -136.370453
v -0.775303 15.200000 -136.996368
v -0.742165 14.116667 -135.008926
v -0.704508 15.200000 -135.705551
v -0.639000 14.116667 -133.731293
v -0.606692 15.200000 -134.494308
v -0.541439 14.116667 -132.839645
v -0.514190 15.200000 -133.649017
v -0.422835 14.116667 -132.031219
v -0.401739 15.200000 -132.882660
v -0.320991 14.116667 -131.515350
v -0.305185 15.200000 -132.393677
v -0.212460 14.116667 -131.109024
v -0.202296 15.200000 -132.008560
v -0.130582 14.116667 -130.909958
v -0.124683 15.200000 -131.819931
v -0.099590 14.116667 -130.855835
v -0.095308 15.200000 -131.768646
v -0.066146 14.116667 -130.812134
v -0.063616 15.200000 -131.727264
v -0.048218 14.116667 -130.795547
v -0.046632 15.200000 -131.711563
v -0.038929 14.116667 -130.789474
v -0.037832 15.200000 -131.705811
v -0.029456 14.116667 -130.785339
v -0.028860 15.200000 -131.701889
v -0.019826 14.116667 -130.783478
v -0.019740 15.200000 -131.700134
v -0.010064 14.116667 -130.784241
v -0.010495 15.200000 -131.700851
v -0.000434 14.116667 -130.787613
v -0.001374 15.200000 -131.704041
v 0.008877 14.116667 -130.793121
v 0.007446 15.200000 -131.709259
v 0.033877 14.116667 -130.816483
v 0.031132 15.200000 -131.731384
v 0.057869 14.116667 -130.847214
v 0.053866 15.200000 -131.760483
v 0.101343 14.116667 -130.923645
v 0.095072 15.200000 -131.832901
v 0.199303 14.116667 -131.180679
v 0.187933 15.200000 -132.076462
v 0.270942 14.116667 -131.453003
v 0.255850 15.200000 -132.334579
v 0.375734 14.116667 -131.971893
v 0.355197 15.200000 -132.826431
v 0.466939 14.116667 -132.553665
v 0.441668 15.200000 -133.377930
v 0.580709 14.116667 -133.504227
v 0.549536 15.200000 -134.279053
v 0.671243 14.116667 -134.536606
v 0.635377 15.200000 -135.257767
v 0.783140 14.116667 -136.424698
v 0.741474 15.200000 -137.047775
v 0.847103 14.116667 -138.434662
v 0.802124 15.200000 -138.953384
v 0.867589 14.116667 -141.689728
v 0.821550 15.200000 -142.039474
v 0.808666 14.116667 -144.989395
v 0.765684 15.200000 -145.167862
v 0.700182 14.116667 -147.568604
v 0.662825 15.200000 -147.613174
v 0.533595 14.116667 -150.021759
v 0.504879 15.200000 -149.938934
v 0.431310 14.116667 -151.174927
v 0.407901 15.200000 -151.032196
v 0.320030 14.116667 -152.259354
v 0.302398 15.200000 -152.060257
v 0.204685 14.116667 -153.253860
v 0.193047 15.200000 -153.003036
v 0.093683 14.116667 -154.121658
v 0.087822 15.200000 -153.825638
v 0.024792 14.116667 -154.627808
v 0.022530 15.200000 -154.305328
v -0.004506 15.200000 -154.499908
v 0.020833 16.012501 -154.063477
v 0.019136 16.825001 -153.821625
v 0.079032 16.825001 -153.381592
v 0.076834 17.231251 -153.270584
v 0.171224 17.231251 -152.532745
v 0.166859 17.637501 -152.438690
v 0.262727 17.637501 -151.612289
v 0.249503 18.450001 -151.462967
v 0.337677 18.450001 -150.603989
v 0.314268 19.533333 -150.461258
v 0.390011 19.533333 -149.607635
v 0.361294 20.616667 -149.524811
v 0.476042 20.616667 -147.836014
v -0.066786 9.783333 -155.942337
v -0.064674 10.866667 -155.618805
v -0.062562 11.950000 -155.295258
v -0.108994 10.866667 -155.296295
v -0.104878 11.950000 -154.987335
v -0.235544 10.866667 -154.330444
v -0.225726 11.950000 -154.065033
v -0.372648 10.866667 -153.187988
v -0.356664 11.950000 -152.973984
v -0.506394 10.866667 -151.926712
v -0.484402 11.950000 -151.769440
v -0.630616 10.866667 -150.576065
v -0.603046 11.950000 -150.479492
v -0.834976 10.866667 -147.685776
v -0.798233 11.950000 -147.719070
v -0.968792 10.866667 -144.634201
v -0.926044 11.950000 -144.804565
v -1.044863 10.866667 -139.248352
v -0.998699 11.950000 -139.660629
v -1.021694 10.866667 -137.040771
v -0.976568 11.950000 -137.552216
v -0.991064 10.866667 -135.806870
v -0.947311 11.950000 -136.373718
v -0.963238 10.866667 -135.004028
v -0.920732 11.950000 -135.606964
v -0.941407 10.866667 -134.492752
v -0.899881 11.950000 -135.118652
v -0.855135 10.866667 -132.919052
v -0.817478 11.950000 -133.615677
v -0.735923 10.866667 -131.442261
v -0.703615 11.950000 -132.205276
v -0.623186 10.866667 -130.411514
v -0.595937 11.950000 -131.220886
v -0.486121 10.866667 -129.476883
v -0.465026 11.950000 -130.328323
v -0.368407 10.866667 -128.880386
v -0.352602 11.950000 -129.758713
v -0.242952 10.866667 -128.410400
v -0.232788 11.950000 -129.309937
v -0.148279 10.866667 -128.180054
v -0.142380 11.950000 -129.090027
v -0.112436 10.866667 -128.117371
v -0.108154 11.950000 -129.030197
v -0.073737 10.866667 -128.066757
v -0.071206 11.950000 -128.981888
v -0.052978 10.866667 -128.047516
v -0.051391 11.950000 -128.963531
v -0.042218 10.866667 -128.040466
v -0.041122 11.950000 -128.956802
v -0.031244 10.866667 -128.035660
v -0.030648 11.950000 -128.952225
v -0.020086 10.866667 -128.033493
v -0.019999 11.950000 -128.950150
v -0.008773 10.866667 -128.034393
v -0.009204 11.950000 -128.951004
v 0.002385 10.866667 -128.038315
v 0.001446 11.950000 -128.954742
v 0.013170 10.866667 -128.044708
v 0.011739 11.950000 -128.960846
v 0.042114 10.866667 -128.071793
v 0.039368 11.950000 -128.986694
v 0.069876 10.866667 -128.107391
v 0.065874 11.950000 -129.020660
v 0.120154 10.866667 -128.195892
v 0.113883 11.950000 -129.105148
v 0.233414 10.866667 -128.493286
v 0.222044 11.950000 -129.389084
v 0.316217 10.866667 -128.808273
v 0.301125 11.950000 -129.689850
v 0.437343 10.866667 -129.408295
v 0.416807 11.950000 -130.262833
v 0.542753 10.866667 -130.080917
v 0.517482 11.950000 -130.905167
v 0.674225 10.866667 -131.179779
v 0.643053 11.950000 -131.954590
v 0.778838 10.866667 -132.373108
v 0.742973 11.950000 -133.094269
v 0.908138 10.866667 -134.555435
v 0.866472 11.950000 -135.178513
v 0.982043 10.866667 -136.878494
v 0.937063 11.950000 -137.397217
v 1.005705 10.866667 -140.640488
v 0.959666 11.950000 -140.990234
v 0.937611 10.866667 -144.453995
v 0.894629 11.950000 -144.632462
v 0.812252 10.866667 -147.434906
v 0.774895 11.950000 -147.479462
v 0.619746 10.866667 -150.270248
v 0.591029 11.950000 -150.187408
v 0.501534 10.866667 -151.603119
v 0.478126 11.950000 -151.460388
v 0.372925 10.866667 -152.856628
v 0.355293 11.950000 -152.657547
v 0.239602 10.866667 -154.006332
v 0.227963 11.950000 -153.755508
v 0.111264 10.866667 -155.009720
v 0.105404 11.950000 -154.713699
v 0.031580 10.866667 -155.595215
v 0.029317 11.950000 -155.272736
v -0.113110 9.783333 -155.605240
v -0.245362 9.783333 -154.595856
v -0.388632 9.783333 -153.401993
v -0.528385 9.783333 -152.084000
v -0.658186 9.783333 -150.672638
v -0.871719 9.783333 -147.652481
v -1.011540 9.783333 -144.463821
v -1.091027 9.783333 -138.836075
v -1.066820 9.783333 -136.529343
v -1.034818 9.783333 -135.240005
v -1.005743 9.783333 -134.401108
v -0.982933 9.783333 -133.866852
v -0.892791 9.783333 -132.222427
v -0.768230 9.783333 -130.679245
v -0.650435 9.783333 -129.602127
v -0.507217 9.783333 -128.625427
v -0.384213 9.783333 -128.002060
v -0.253116 9.783333 -127.510857
v -0.154178 9.783333 -127.270088
v -0.116717 9.783333 -127.204552
v -0.076267 9.783333 -127.151627
v -0.054565 9.783333 -127.131508
v -0.043315 9.783333 -127.124130
v -0.031840 9.783333 -127.119102
v -0.020172 9.783333 -127.116844
v -0.008343 9.783333 -127.117767
v 0.003325 9.783333 -127.121880
v 0.014601 9.783333 -127.128571
v 0.044859 9.783333 -127.156898
v 0.073879 9.783333 -127.194107
v 0.126424 9.783333 -127.286644
v 0.244785 9.783333 -127.597496
v 0.331308 9.783333 -127.926697
v 0.457880 9.783333 -128.553757
v 0.568025 9.783333 -129.256668
v 0.705398 9.783333 -130.404953
v 0.814703 9.783333 -131.651947
v 0.949804 9.783333 -133.932343
v 1.027022 9.783333 -136.359772
v 1.051744 9.783333 -140.290741
v 0.980593 9.783333 -144.275528
v 0.849609 9.783333 -147.390335
v 0.648463 9.783333 -150.353073
v 0.390557 9.783333 -153.055725
v 0.524943 9.783333 -151.745865
v 0.251241 9.783333 -154.257156
v 0.117124 9.783333 -155.305740
v 0.033842 9.783333 -155.917679
v 0.015742 18.450001 -153.337921
v 0.017439 17.637501 -153.579773
v 0.018288 17.231251 -153.700699
v 0.074637 17.637501 -153.159576
v 0.011217 20.616667 -152.692978
v 0.013480 19.533333 -153.015442
v 0.064381 19.533333 -152.641541
v 0.070241 18.450001 -152.937561
v 0.146492 19.533333 -151.999741
v 0.158130 18.450001 -152.250565
v 0.231872 19.533333 -151.263870
v 0.058520 20.616667 -152.345520
v 0.134853 20.616667 -151.748932
v 0.214240 20.616667 -151.064774
v 0.290860 20.616667 -150.318527
v 0.550776 20.616667 -146.060181
v 0.591356 20.616667 -143.788193
v 0.577225 20.616667 -141.546982
v 0.533145 20.616667 -140.163223
v 0.622205 19.533333 -141.028259
v 0.574811 19.533333 -139.540131
v 0.667184 18.450001 -140.509537
v 0.616477 18.450001 -138.917038
v 0.700919 17.637501 -140.120499
v 0.647726 17.637501 -138.449722
v 0.717787 17.231251 -139.925980
v 0.663351 17.231251 -138.216064
v 0.734654 16.825001 -139.731461
v 0.678976 16.825001 -137.982407
v 0.768389 16.012501 -139.342422
v 0.710225 16.012501 -137.515091
v 0.456051 20.616667 -138.863586
v 0.491917 19.533333 -138.142426
v 0.527782 18.450001 -137.421249
v 0.554681 17.637501 -136.880386
v 0.568130 17.231251 -136.609940
v 0.581580 16.825001 -136.339508
v 0.608479 16.012501 -135.798645
v 0.393675 20.616667 -138.153152
v 0.424847 19.533333 -137.378326
v 0.456019 18.450001 -136.603516
v 0.479399 17.637501 -136.022400
v 0.491088 17.231251 -135.731842
v 0.502778 16.825001 -135.441284
v 0.526157 16.012501 -134.860168
v 0.315311 20.616667 -137.499191
v 0.340582 19.533333 -136.674927
v 0.365853 18.450001 -135.850677
v 0.384807 17.637501 -135.232498
v 0.394284 17.231251 -134.923401
v 0.403761 16.825001 -134.614304
v 0.422714 16.012501 -133.996109
v 0.252515 20.616667 -137.099106
v 0.180392 20.616667 -136.742447
v 0.131081 20.616667 -136.555435
v 0.195484 19.533333 -135.860870
v 0.142451 19.533333 -135.659637
v 0.210575 18.450001 -134.979294
v 0.153821 18.450001 -134.763855
v 0.221894 17.637501 -134.318115
v 0.162349 17.637501 -134.092010
v 0.227553 17.231251 -133.987534
v 0.166613 17.231251 -133.756088
v 0.233213 16.825001 -133.656937
v 0.170877 16.825001 -133.420151
v 0.244531 16.012501 -132.995758
v 0.179405 16.012501 -132.748306
v 0.063720 20.616667 -136.379150
v 0.069991 19.533333 -135.469910
v 0.076261 18.450001 -134.560654
v 0.080964 17.637501 -133.878708
v 0.083315 17.231251 -133.537750
v 0.085667 16.825001 -133.196777
v 0.090369 16.012501 -132.514832
v 0.033854 20.616667 -136.326859
v 0.037857 19.533333 -135.413574
v 0.041859 18.450001 -134.500305
v 0.044861 17.637501 -133.815353
v 0.046362 17.231251 -133.472870
v 0.047863 16.825001 -133.130386
v 0.050865 16.012501 -132.445435
v 0.017404 20.616667 -136.305862
v 0.020150 19.533333 -135.390961
v 0.022895 18.450001 -134.476074
v 0.024955 17.637501 -133.789902
v 0.025984 17.231251 -133.446808
v 0.027014 16.825001 -133.103729
v 0.029073 16.012501 -132.417557
v 0.000290 20.616667 -136.289963
v -0.006073 20.616667 -136.286209
v -0.012647 20.616667 -136.283936
v -0.019307 20.616667 -136.283417
v -0.025881 20.616667 -136.284668
v -0.032350 20.616667 -136.287476
v -0.038699 20.616667 -136.291611
v -0.050965 20.616667 -136.302902
v -0.073899 20.616667 -136.332733
v -0.053495 19.533333 -135.387772
v -0.078181 19.533333 -135.419922
v -0.056026 18.450001 -134.472641
v -0.082462 18.450001 -134.507095
v -0.057923 17.637501 -133.786301
v -0.085674 17.637501 -133.822495
v -0.058872 17.231251 -133.443130
v -0.087280 17.231251 -133.480179
v -0.059821 16.825001 -133.099960
v -0.088885 16.825001 -133.137878
v -0.061718 16.012501 -132.413605
v -0.092097 16.012501 -132.453262
v -0.095188 20.616667 -136.369781
v -0.101087 19.533333 -135.459808
v -0.106986 18.450001 -134.549835
v -0.111410 17.637501 -133.867371
v -0.113622 17.231251 -133.526123
v -0.115834 16.825001 -133.184891
v -0.120258 16.012501 -132.502411
v -0.151476 20.616667 -136.506271
v -0.161640 19.533333 -135.606720
v -0.171804 18.450001 -134.707184
v -0.179427 17.637501 -134.032532
v -0.183239 17.231251 -133.695206
v -0.187050 16.825001 -133.357880
v -0.194673 16.012501 -132.683212
v -0.226157 20.616667 -136.785294
v -0.241963 19.533333 -135.906967
v -0.257768 18.450001 -135.028641
v -0.269623 17.637501 -134.369904
v -0.275550 17.231251 -134.040527
v -0.281477 16.825001 -133.711166
v -0.293331 16.012501 -133.052414
v -0.296262 20.616667 -137.139893
v -0.377946 20.616667 -137.695908
v -0.445154 20.616667 -138.309387
v -0.405195 19.533333 -136.886520
v -0.477461 19.533333 -137.546371
v -0.432444 18.450001 -136.077148
v -0.509769 18.450001 -136.783356
v -0.452880 17.637501 -135.470108
v -0.534000 17.637501 -136.211090
v -0.463099 17.231251 -135.166595
v -0.546115 17.231251 -135.924957
v -0.473317 16.825001 -134.863083
v -0.558231 16.825001 -135.638840
v -0.493754 16.012501 -134.256042
v -0.582461 16.012501 -135.066574
v -0.516225 20.616667 -139.188675
v -0.553882 19.533333 -138.492050
v -0.591538 18.450001 -137.795425
v -0.619781 17.637501 -137.272949
v -0.633902 17.231251 -137.011719
v -0.648023 16.825001 -136.750488
v -0.676266 16.012501 -136.228012
v -0.567673 20.616667 -140.125885
v -0.609199 19.533333 -139.499985
v -0.650725 18.450001 -138.874069
v -0.681869 17.637501 -138.404648
v -0.697442 17.231251 -138.169937
v -0.713014 16.825001 -137.935226
v -0.744158 16.012501 -137.465790
v -0.597285 20.616667 -140.908615
v -0.580688 20.616667 -140.430420
v -0.629385 20.616667 -142.958801
v -0.615556 20.616667 -141.643661
v -0.641038 19.533333 -140.341766
v -0.623193 19.533333 -139.827484
v -0.665699 18.450001 -139.224548
v -0.584063 20.616667 -146.167542
v -0.626810 19.533333 -145.997177
v -0.675549 19.533333 -142.546524
v -0.721714 18.450001 -142.134262
v -0.705809 18.450001 -140.620789
v -0.739654 17.637501 -140.237228
v -0.717606 17.637501 -139.349747
v -0.734014 17.231251 -139.137177
v -0.713518 17.231251 -138.546249
v -0.729457 16.825001 -138.320160
v -0.504286 20.616667 -147.985443
v -0.382482 20.616667 -149.706940
v -0.308473 20.616667 -150.511185
v -0.228796 20.616667 -151.261978
v -0.330464 19.533333 -150.668472
v -0.244779 19.533333 -151.475983
v -0.352455 18.450001 -150.825745
v -0.260763 18.450001 -151.689987
v -0.368949 17.637501 -150.943710
v -0.272751 17.637501 -151.850479
v -0.377196 17.231251 -151.002686
v -0.278745 17.231251 -151.930740
v -0.385442 16.825001 -151.061676
v -0.284738 16.825001 -152.010986
v -0.401936 16.012501 -151.179626
v -0.296726 16.012501 -152.171478
v -0.147181 20.616667 -151.941711
v -0.156999 19.533333 -152.207138
v -0.166817 18.450001 -152.472549
v -0.174181 17.637501 -152.671600
v -0.177862 17.231251 -152.771133
v -0.181544 16.825001 -152.870667
v -0.188908 16.012501 -153.069733
v -0.071954 20.616667 -152.515717
v -0.076070 19.533333 -152.824661
v -0.080185 18.450001 -153.133621
v -0.083272 17.637501 -153.365326
v -0.084815 17.231251 -153.481186
v -0.086358 16.825001 -153.597046
v -0.089445 16.012501 -153.828766
v -0.045665 20.616667 -152.706940
v -0.047777 19.533333 -153.030487
v -0.049889 18.450001 -153.354019
v -0.051474 17.637501 -153.596680
v -0.052266 17.231251 -153.718002
v -0.053058 16.825001 -153.839340
v -0.054642 16.012501 -154.081985
v -0.060450 13.033333 -154.971725
v -0.100763 13.033333 -154.678391
v -0.215907 13.033333 -153.799622
v -0.340681 13.033333 -152.759979
v -0.462411 13.033333 -151.612152
v -0.575475 13.033333 -150.382935
v -0.761490 13.033333 -147.752365
v -0.883297 13.033333 -144.974945
v -0.952535 13.033333 -140.072891
v -0.931441 13.033333 -138.063644
v -0.903558 13.033333 -136.940582
v -0.878227 13.033333 -136.209900
v -0.858355 13.033333 -135.744553
v -0.779821 13.033333 -134.312302
v -0.671307 13.033333 -132.968277
v -0.568688 13.033333 -132.030258
v -0.443930 13.033333 -131.179779
v -0.336796 13.033333 -130.637024
v -0.222624 13.033333 -130.209488
v -0.136481 13.033333 -130.000000
v -0.103872 13.033333 -129.943008
v -0.068676 13.033333 -129.897003
v -0.049805 13.033333 -129.879532
v -0.040025 13.033333 -129.873138
v -0.030052 13.033333 -129.868774
v -0.019913 13.033333 -129.866821
v -0.009634 13.033333 -129.867615
v 0.000506 13.033333 -129.871185
v 0.010308 13.033333 -129.876984
v 0.036623 13.033333 -129.901581
v 0.061871 13.033333 -129.933929
v 0.107613 13.033333 -130.014404
v 0.210673 13.033333 -130.284882
v 0.286033 13.033333 -130.571426
v 0.396270 13.033333 -131.117371
v 0.492211 13.033333 -131.729416
v 0.611881 13.033333 -132.729416
v 0.707108 13.033333 -133.815445
v 0.824806 13.033333 -135.801605
v 0.892083 13.033333 -137.915939
v 0.913628 13.033333 -141.339981
v 0.851648 13.033333 -144.810928
v 0.737539 13.033333 -147.524033
v 0.562312 13.033333 -150.104584
v 0.454718 13.033333 -151.317657
v 0.337662 13.033333 -152.458450
v 0.216324 13.033333 -153.504684
v 0.099543 13.033333 -154.417679
v 0.027055 13.033333 -154.950272
v 0.083427 16.012501 -153.603607
v 0.184318 16.012501 -152.814926
v 0.175588 16.825001 -152.626801
v 0.289175 16.012501 -151.910934
v 0.275951 16.825001 -151.761612
v 0.269339 17.231251 -151.686951
v 0.390345 16.012501 -150.925140
v 0.372789 16.825001 -150.818085
v 0.364011 17.231251 -150.764557
v 0.355233 17.637501 -150.711044
v 0.483341 16.012501 -149.876816
v 0.461803 16.825001 -149.814697
v 0.451034 17.231251 -149.783646
v 0.440266 17.637501 -149.752579
v 0.418728 18.450001 -149.690460
v 0.634808 16.012501 -147.646591
v 0.606790 16.825001 -147.680023
v 0.592781 17.231251 -147.696732
v 0.578773 17.637501 -147.713440
v 0.550755 18.450001 -147.746872
v 0.513399 19.533333 -147.791443
v 0.733448 16.012501 -145.301712
v 0.701212 16.825001 -145.435562
v 0.685094 17.231251 -145.502487
v 0.668975 17.637501 -145.569412
v 0.636739 18.450001 -145.703262
v 0.593758 19.533333 -145.881714
v 0.787021 16.012501 -142.301773
v 0.752492 16.825001 -142.564087
v 0.735227 17.231251 -142.695236
v 0.717962 17.637501 -142.826401
v 0.683433 18.450001 -143.088699
v 0.637394 19.533333 -143.438446
v 0.339795 16.012501 -133.467331
v 0.324393 16.825001 -134.108231
v 0.316691 17.231251 -134.428680
v 0.308990 17.637501 -134.749130
v 0.293588 18.450001 -135.390030
v 0.273051 19.533333 -136.244568
v 0.006373 16.012501 -132.396362
v 0.005299 16.825001 -133.083466
v 0.004763 17.231251 -133.427032
v 0.004226 17.637501 -133.770584
v 0.003153 18.450001 -134.457687
v 0.001722 19.533333 -135.373825
v -0.002079 16.012501 -132.391373
v -0.002784 16.825001 -133.078705
v -0.003136 17.231251 -133.422363
v -0.003489 17.637501 -133.766022
v -0.004194 18.450001 -134.453354
v -0.005134 19.533333 -135.369781
v -0.010818 16.012501 -132.388306
v -0.011141 16.825001 -133.075775
v -0.011302 17.231251 -133.419510
v -0.011463 17.637501 -133.763229
v -0.011786 18.450001 -134.450699
v -0.012217 19.533333 -135.367310
v -0.019675 16.012501 -132.387619
v -0.019610 16.825001 -133.075119
v -0.019578 17.231251 -133.418854
v -0.019545 17.637501 -133.762604
v -0.019480 18.450001 -134.450104
v -0.019394 19.533333 -135.366760
v -0.028413 16.012501 -132.389313
v -0.027967 16.825001 -133.076721
v -0.027743 17.231251 -133.420425
v -0.027520 17.637501 -133.764145
v -0.027073 18.450001 -134.451553
v -0.026477 19.533333 -135.368118
v -0.037010 16.012501 -132.393051
v -0.036188 16.825001 -133.080307
v -0.035777 17.231251 -133.423935
v -0.035365 17.637501 -133.767563
v -0.034543 18.450001 -134.454803
v -0.033447 19.533333 -135.371140
v -0.045442 16.012501 -132.398560
v -0.044252 16.825001 -133.085571
v -0.043657 17.231251 -133.429077
v -0.043062 17.637501 -133.772583
v -0.041872 18.450001 -134.459579
v -0.040285 19.533333 -135.375595
v -0.385918 16.012501 -133.521255
v -0.370096 16.825001 -134.159836
v -0.362185 17.231251 -134.479126
v -0.354274 17.637501 -134.798416
v -0.338453 18.450001 -135.436996
v -0.317357 19.533333 -136.288452
v -0.761336 16.012501 -137.867950
v -0.783236 16.012501 -138.499451
v -0.750421 16.825001 -138.924606
v -0.807344 16.012501 -139.470078
v -0.773499 16.825001 -139.853653
v -0.756576 17.231251 -140.045441
v -0.825583 16.012501 -141.206650
v -0.790960 16.825001 -141.515854
v -0.773648 17.231251 -141.670456
v -0.756337 17.637501 -141.825058
v -0.765740 16.012501 -145.443466
v -0.733680 16.825001 -145.571243
v -0.717649 17.231251 -145.635132
v -0.701619 17.637501 -145.699020
v -0.669558 18.450001 -145.826797
v -0.660445 16.012501 -147.843933
v -0.632888 16.825001 -147.868912
v -0.619109 17.231251 -147.881393
v -0.605330 17.637501 -147.893875
v -0.577773 18.450001 -147.918854
v -0.541030 19.533333 -147.952148
v -0.499656 16.012501 -150.117355
v -0.478979 16.825001 -150.044937
v -0.468640 17.231251 -150.008713
v -0.458301 17.637501 -149.972504
v -0.437623 18.450001 -149.900070
v -0.410052 19.533333 -149.803513
v -0.660683 19.533333 -141.132233
v -0.697578 17.637501 -138.772354
v -0.684791 18.450001 -139.774902
f 1455 1456 1457
f 1457 1456 1458
f 1458 1456 1459
f 1459 1456 1460
f 1459 1460 1461
f 1462 1463 1461
f 1461 1463 1464
f 1461 1464 1459
f 1463 1462 1465
f 1465 1462 1466
f 1465 1466 1467
f 1467 1466 1468
f 1467 1468 1469
f 1469 1468 1470
f 1469 1470 1471
f 1471 1470 1472
f 1471 1472 1473
f 1471 1473 1474
f 1474 1473 1475
f 1474 1475 1476
f 1476 1475 1477
f 1477 1475 1478
f 1477 1478 1479
f 1480 1481 1479
f 1479 1481 1482
f 1479 1482 1477
f 1481 1480 1483
f 1483 1480 1484
f 1483 1484 1485
f 1486 1487 1485
f 1485 1487 1488
f 1485 1488 1489
f 1489 1490 1485
f 1485 1490 1491
f 1485 1491 1492
f 1492 1493 1485
f 1485 1493 1483
f 1494 1495 1496
f 1496 1495 1497
f 1496 1497 1498
f 1496 1498 1499
f 1499 1498 1500
f 1499 1500 1501
f 1501 1500 1502
f 1501 1502 1503
f 1503 1502 1504
f 1503 1504 1505
f 1505 1504 1506
f 1505 1506 1507
f 1507 1506 1508
f 1507 1508 1509
f 1509 1508 1510
f 1509 1510 1511
f 1511 1510 1512
f 1511 1512 1513
f 1513 1512 1514
f 1513 1514 1515
f 1515 1514 1516
f 1515 1516 1517
f 1517 1516 1518
f 1517 1518 1519
f 1519 1518 1520
f 1519 1520 1521
f 1521 1520 1522
f 1521 1522 1523
f 1523 1522 1524
f 1523 1524 1525
f 1525 1524 1526
f 1525 1526 1527
f 1527 1526 1528
f 1528 1526 1529
f 1528 1529 1530
f 1528 1530 1531
f 1531 1530 1532
f 1531 1532 1533
f 1533 1532 1534
f 1534 1532 1535
f 1534 1535 1536
f 1536 1537 1534
f 1534 1537 1538
f 1534 1538 1539
f 1539 1540 1534
f 1534 1540 1541
f 1534 1541 1542
f 1494 1496 1543
f 1543 1496 1544
f 1543 1544 1545
f 1545 1544 1546
f 1545 1546 1547
f 1547 1546 1548
f 1547 1548 1549
f 1549 1548 1550
f 1549 1550 1551
f 1551 1550 1552
f 1551 1552 1553
f 1553 1552 1554
f 1553 1554 1555
f 1555 1554 1556
f 1555 1556 1557
f 1557 1556 1558
f 1557 1558 1559
f 1559 1558 1560
f 1559 1560 1561
f 1561 1560 1562
f 1561 1562 1563
f 1563 1562 1564
f 1563 1564 1565
f 1565 1564 1566
f 1565 1566 1567
f 1567 1566 1568
f 1567 1568 1569
f 1569 1568 1570
f 1569 1570 1571
f 1571 1570 1572
f 1571 1572 1573
f 1573 1572 1574
f 1573 1574 1575
f 1575 1574 1576
f 1575 1576 1577
f 1577 1576 1578
f 1577 1578 1579
f 1579 1578 1580
f 1579 1580 1581
f 1581 1580 1582
f 1581 1582 1583
f 1583 1582 1584
f 1583 1584 1585
f 1585 1584 1586
f 1585 1586 1587
f 1587 1586 1588
f 1587 1588 1589
f 1589 1588 1590
f 1589 1590 1591
f 1591 1590 1592
f 1591 1592 1593
f 1593 1592 1594
f 1593 1594 1595
f 1595 1594 1596
f 1595 1596 1597
f 1597 1596 1598
f 1597 1598 1599
f 1599 1598 1600
f 1599 1600 1601
f 1601 1600 1602
f 1601 1602 1603
f 1603 1602 1604
f 1603 1604 1605
f 1605 1604 1606
f 1605 1606 1607
f 1607 1606 1608
f 1607 1608 1609
f 1609 1608 1610
f 1609 1610 1611
f 1611 1610 1612
f 1611 1612 1613
f 1613 1612 1614
f 1613 1614 1615
f 1615 1614 1616
f 1615 1616 1617
f 1617 1616 1618
f 1617 1618 1619
f 1619 1618 1620
f 1619 1620 1621
f 1621 1620 1622
f 1621 1622 1623
f 1623 1622 1624
f 1623 1624 1625
f 1625 1624 1626
f 1625 1626 1627
f 1627 1626 1628
f 1627 1628 1629
f 1629 1628 1630
f 1629 1630 1631
f 1631 1630 1632
f 1631 1632 1633
f 1633 1632 1634
f 1633 1634 1635
f 1635 1634 1636
f 1635 1636 1637
f 1637 1636 1638
f 1637 1638 1639
f 1639 1638 1640
f 1639 1640 1641
f 1641 1640 1642
f 1641 1642 1643
f 1643 1642 1644
f 1643 1644 1645
f 1645 1644 1646
f 1645 1646 1647
f 1647 1646 1648
f 1647 1648 1649
f 1649 1648 1650
f 1649 1650 1651
f 1651 1650 1652
f 1651 1652 1653
f 1653 1652 1654
f 1653 1654 1655
f 1655 1654 1465
f 1655 1465 1467
f 1499 1656 1496
f 1496 1656 1657
f 1496 1657 1658
f 1658 1657 1659
f 1658 1659 1660
f 1660 1659 1661
f 1660 1661 1662
f 1662 1661 1663
f 1662 1663 1664
f 1664 1663 1665
f 1664 1665 1666
f 1666 1665 1667
f 1666 1667 1668
f 1668 1667 1669
f 1668 1669 1670
f 1670 1669 1671
f 1670 1671 1672
f 1672 1671 1673
f 1672 1673 1674
f 1674 1673 1675
f 1674 1675 1676
f 1676 1675 1677
f 1676 1677 1678
f 1678 1677 1679
f 1678 1679 1680
f 1680 1679 1681
f 1680 1681 1682
f 1682 1681 1683
f 1682 1683 1684
f 1684 1683 1685
f 1684 1685 1686
f 1686 1685 1687
f 1686 1687 1688
f 1688 1687 1689
f 1688 1689 1690
f 1690 1689 1691
f 1690 1691 1692
f 1692 1691 1693
f 1692 1693 1694
f 1694 1693 1695
f 1694 1695 1696
f 1696 1695 1697
f 1696 1697 1698
f 1698 1697 1699
f 1698 1699 1700
f 1700 1699 1701
f 1700 1701 1702
f 1702 1701 1703
f 1702 1703 1704
f 1704 1703 1705
f 1704 1705 1706
f 1706 1705 1707
f 1706 1707 1708
f 1708 1707 1709
f 1708 1709 1710
f 1710 1709 1711
f 1710 1711 1712
f 1712 1711 1713
f 1712 1713 1714
f 1714 1713 1715
f 1714 1715 1716
f 1716 1715 1717
f 1716 1717 1718
f 1718 1717 1719
f 1718 1719 1720
f 1720 1719 1721
f 1720 1721 1722
f 1722 1721 1723
f 1722 1723 1724
f 1724 1723 1725
f 1724 1725 1726
f 1726 1725 1727
f 1726 1727 1728
f 1728 1727 1729
f 1728 1729 1730
f 1730 1729 1731
f 1730 1731 1732
f 1732 1731 1733
f 1732 1733 1734
f 1734 1733 1735
f 1734 1735 1736
f 1736 1735 1737
f 1736 1737 1738
f 1738 1737 1739
f 1738 1739 1740
f 1740 1739 1741
f 1740 1741 1742
f 1742 1741 1743
f 1742 1743 1744
f 1744 1743 1745
f 1744 1745 1746
f 1746 1745 1747
f 1746 1747 1748
f 1748 1747 1749
f 1748 1749 1750
f 1750 1749 1751
f 1750 1751 1752
f 1752 1751 1753
f 1752 1753 1754
f 1754 1753 1495
f 1754 1495 1642
f 1656 1499 1755
f 1755 1499 1501
f 1755 1501 1756
f 1756 1501 1503
f 1756 1503 1505
f 1756 1505 1757
f 1757 1505 1507
f 1757 1507 1758
f 1758 1507 1759
f 1758 1759 1665
f 1665 1759 1667
f 1507 1509 1759
f 1759 1509 1760
f 1759 1760 1667
f 1667 1760 1669
f 1509 1511 1760
f 1760 1511 1513
f 1760 1513 1761
f 1761 1513 1515
f 1761 1515 1671
f 1671 1515 1673
f 1673 1515 1762
f 1762 1515 1517
f 1762 1517 1763
f 1763 1517 1519
f 1763 1519 1764
f 1764 1519 1765
f 1764 1765 1677
f 1677 1765 1679
f 1765 1519 1766
f 1766 1519 1521
f 1766 1521 1767
f 1767 1521 1523
f 1767 1523 1768
f 1768 1523 1525
f 1768 1525 1769
f 1769 1525 1770
f 1769 1770 1687
f 1687 1770 1689
f 1525 1527 1770
f 1770 1527 1528
f 1770 1528 1771
f 1771 1528 1772
f 1771 1772 1691
f 1691 1772 1693
f 1528 1531 1772
f 1772 1531 1773
f 1772 1773 1693
f 1693 1773 1695
f 1531 1533 1773
f 1773 1533 1774
f 1773 1774 1695
f 1695 1774 1697
f 1533 1534 1774
f 1774 1534 1775
f 1774 1775 1697
f 1697 1775 1699
f 1775 1534 1776
f 1776 1534 1542
f 1776 1542 1777
f 1777 1542 1541
f 1777 1541 1778
f 1778 1541 1540
f 1778 1540 1779
f 1779 1540 1539
f 1779 1539 1780
f 1780 1539 1538
f 1780 1538 1537
f 1780 1537 1781
f 1781 1537 1536
f 1781 1536 1782
f 1782 1536 1535
f 1782 1535 1783
f 1783 1535 1784
f 1783 1784 1715
f 1715 1784 1717
f 1535 1532 1784
f 1784 1532 1785
f 1784 1785 1717
f 1717 1785 1719
f 1532 1530 1785
f 1785 1530 1786
f 1785 1786 1719
f 1719 1786 1721
f 1530 1529 1786
f 1786 1529 1787
f 1786 1787 1721
f 1721 1787 1723
f 1787 1529 1788
f 1788 1529 1526
f 1788 1526 1789
f 1789 1526 1524
f 1789 1524 1790
f 1790 1524 1522
f 1790 1522 1791
f 1791 1522 1520
f 1791 1520 1792
f 1792 1520 1518
f 1792 1518 1793
f 1793 1518 1516
f 1793 1516 1794
f 1794 1516 1514
f 1794 1514 1795
f 1795 1514 1512
f 1795 1512 1796
f 1796 1512 1510
f 1796 1510 1797
f 1797 1510 1508
f 1797 1508 1506
f 1504 1798 1506
f 1506 1798 1799
f 1506 1799 1797
f 1797 1799 1743
f 1797 1743 1741
f 1798 1504 1800
f 1800 1504 1502
f 1800 1502 1500
f 1800 1500 1801
f 1801 1500 1498
f 1801 1498 1802
f 1802 1498 1497
f 1802 1497 1495
f 1457 1803 1642
f 1642 1803 1804
f 1642 1804 1805
f 1805 1804 1806
f 1805 1806 1646
f 1646 1806 1648
f 1458 1807 1457
f 1457 1807 1808
f 1457 1808 1803
f 1803 1808 1809
f 1803 1809 1810
f 1810 1809 1811
f 1810 1811 1812
f 1812 1811 1813
f 1812 1813 1650
f 1650 1813 1652
f 1807 1458 1814
f 1814 1458 1459
f 1814 1459 1815
f 1815 1459 1464
f 1815 1464 1816
f 1816 1464 1463
f 1816 1463 1817
f 1817 1463 1654
f 1817 1654 1652
f 1463 1465 1654
f 1655 1467 1818
f 1818 1467 1469
f 1818 1469 1819
f 1819 1469 1471
f 1819 1471 1820
f 1820 1471 1821
f 1820 1821 1822
f 1822 1821 1823
f 1822 1823 1824
f 1824 1823 1825
f 1824 1825 1826
f 1826 1825 1827
f 1826 1827 1828
f 1828 1827 1829
f 1828 1829 1830
f 1830 1829 1831
f 1830 1831 1832
f 1832 1831 1833
f 1832 1833 1623
f 1623 1833 1621
f 1471 1474 1821
f 1821 1474 1834
f 1821 1834 1823
f 1823 1834 1835
f 1823 1835 1825
f 1825 1835 1836
f 1825 1836 1827
f 1827 1836 1837
f 1827 1837 1829
f 1829 1837 1838
f 1829 1838 1831
f 1831 1838 1839
f 1831 1839 1833
f 1833 1839 1840
f 1833 1840 1621
f 1621 1840 1619
f 1474 1476 1834
f 1834 1476 1841
f 1834 1841 1835
f 1835 1841 1842
f 1835 1842 1836
f 1836 1842 1843
f 1836 1843 1837
f 1837 1843 1844
f 1837 1844 1838
f 1838 1844 1845
f 1838 1845 1839
f 1839 1845 1846
f 1839 1846 1840
f 1840 1846 1847
f 1840 1847 1619
f 1619 1847 1617
f 1476 1477 1841
f 1841 1477 1848
f 1841 1848 1842
f 1842 1848 1849
f 1842 1849 1843
f 1843 1849 1850
f 1843 1850 1844
f 1844 1850 1851
f 1844 1851 1845
f 1845 1851 1852
f 1845 1852 1846
f 1846 1852 1853
f 1846 1853 1847
f 1847 1853 1854
f 1847 1854 1617
f 1617 1854 1615
f 1848 1477 1855
f 1855 1477 1482
f 1855 1482 1856
f 1856 1482 1857
f 1856 1857 1858
f 1858 1857 1859
f 1858 1859 1860
f 1860 1859 1861
f 1860 1861 1862
f 1862 1861 1863
f 1862 1863 1864
f 1864 1863 1865
f 1864 1865 1866
f 1866 1865 1867
f 1866 1867 1868
f 1868 1867 1869
f 1868 1869 1611
f 1611 1869 1609
f 1482 1481 1857
f 1857 1481 1870
f 1857 1870 1859
f 1859 1870 1871
f 1859 1871 1861
f 1861 1871 1872
f 1861 1872 1863
f 1863 1872 1873
f 1863 1873 1865
f 1865 1873 1874
f 1865 1874 1867
f 1867 1874 1875
f 1867 1875 1869
f 1869 1875 1876
f 1869 1876 1609
f 1609 1876 1607
f 1481 1483 1870
f 1870 1483 1877
f 1870 1877 1871
f 1871 1877 1878
f 1871 1878 1872
f 1872 1878 1879
f 1872 1879 1873
f 1873 1879 1880
f 1873 1880 1874
f 1874 1880 1881
f 1874 1881 1875
f 1875 1881 1882
f 1875 1882 1876
f 1876 1882 1883
f 1876 1883 1607
f 1607 1883 1605
f 1483 1493 1877
f 1877 1493 1884
f 1877 1884 1878
f 1878 1884 1885
f 1878 1885 1879
f 1879 1885 1886
f 1879 1886 1880
f 1880 1886 1887
f 1880 1887 1881
f 1881 1887 1888
f 1881 1888 1882
f 1882 1888 1889
f 1882 1889 1883
f 1883 1889 1890
f 1883 1890 1605
f 1605 1890 1603
f 1884 1493 1891
f 1891 1493 1492
f 1891 1492 1892
f 1892 1492 1491
f 1892 1491 1893
f 1893 1491 1490
f 1893 1490 1489
f 1893 1489 1894
f 1894 1489 1488
f 1894 1488 1895
f 1895 1488 1487
f 1895 1487 1896
f 1896 1487 1486
f 1896 1486 1897
f 1897 1486 1485
f 1897 1485 1898
f 1898 1485 1899
f 1898 1899 1900
f 1900 1899 1901
f 1900 1901 1902
f 1902 1901 1903
f 1902 1903 1904
f 1904 1903 1905
f 1904 1905 1906
f 1906 1905 1907
f 1906 1907 1908
f 1908 1907 1909
f 1908 1909 1910
f 1910 1909 1911
f 1910 1911 1587
f 1587 1911 1585
f 1485 1484 1899
f 1899 1484 1912
f 1899 1912 1901
f 1901 1912 1913
f 1901 1913 1903
f 1903 1913 1914
f 1903 1914 1905
f 1905 1914 1915
f 1905 1915 1907
f 1907 1915 1916
f 1907 1916 1909
f 1909 1916 1917
f 1909 1917 1911
f 1911 1917 1918
f 1911 1918 1585
f 1585 1918 1583
f 1484 1480 1912
f 1912 1480 1919
f 1912 1919 1913
f 1913 1919 1920
f 1913 1920 1914
f 1914 1920 1921
f 1914 1921 1915
f 1915 1921 1922
f 1915 1922 1916
f 1916 1922 1923
f 1916 1923 1917
f 1917 1923 1924
f 1917 1924 1918
f 1918 1924 1925
f 1918 1925 1583
f 1583 1925 1581
f 1480 1479 1919
f 1919 1479 1926
f 1919 1926 1920
f 1920 1926 1927
f 1920 1927 1921
f 1921 1927 1928
f 1921 1928 1922
f 1922 1928 1929
f 1922 1929 1923
f 1923 1929 1930
f 1923 1930 1924
f 1924 1930 1931
f 1924 1931 1925
f 1925 1931 1932
f 1925 1932 1581
f 1581 1932 1579
f 1926 1479 1933
f 1933 1479 1478
f 1933 1478 1934
f 1934 1478 1935
f 1934 1935 1936
f 1936 1935 1937
f 1936 1937 1938
f 1938 1937 1939
f 1938 1939 1940
f 1940 1939 1941
f 1940 1941 1942
f 1942 1941 1943
f 1942 1943 1944
f 1944 1943 1945
f 1944 1945 1946
f 1946 1945 1947
f 1946 1947 1575
f 1575 1947 1573
f 1478 1475 1935
f 1935 1475 1948
f 1935 1948 1937
f 1937 1948 1949
f 1937 1949 1939
f 1939 1949 1950
f 1939 1950 1941
f 1941 1950 1951
f 1941 1951 1943
f 1943 1951 1952
f 1943 1952 1945
f 1945 1952 1953
f 1945 1953 1947
f 1947 1953 1954
f 1947 1954 1573
f 1573 1954 1571
f 1475 1473 1948
f 1948 1473 1955
f 1948 1955 1949
f 1949 1955 1956
f 1949 1956 1950
f 1950 1956 1957
f 1950 1957 1951
f 1951 1957 1958
f 1951 1958 1952
f 1952 1958 1959
f 1952 1959 1953
f 1953 1959 1960
f 1953 1960 1954
f 1954 1960 1961
f 1954 1961 1571
f 1571 1961 1569
f 1472 1962 1473
f 1473 1962 1963
f 1473 1963 1955
f 1955 1963 1956
f 1470 1964 1472
f 1472 1964 1965
f 1472 1965 1962
f 1962 1965 1966
f 1962 1966 1967
f 1967 1966 1968
f 1967 1968 1957
f 1957 1968 1958
f 1468 1969 1470
f 1470 1969 1970
f 1470 1970 1971
f 1971 1970 1972
f 1971 1972 1973
f 1973 1972 1974
f 1973 1974 1975
f 1975 1974 1976
f 1975 1976 1977
f 1977 1976 1978
f 1977 1978 1960
f 1960 1978 1961
f 1969 1468 1979
f 1979 1468 1466
f 1979 1466 1980
f 1980 1466 1462
f 1980 1462 1981
f 1981 1462 1982
f 1981 1982 1983
f 1983 1982 1984
f 1983 1984 1985
f 1985 1984 1986
f 1985 1986 1987
f 1987 1986 1988
f 1987 1988 1989
f 1989 1988 1990
f 1989 1990 1991
f 1991 1990 1992
f 1991 1992 1993
f 1993 1992 1994
f 1993 1994 1553
f 1553 1994 1551
f 1462 1461 1982
f 1982 1461 1995
f 1982 1995 1984
f 1984 1995 1996
f 1984 1996 1986
f 1986 1996 1997
f 1986 1997 1988
f 1988 1997 1998
f 1988 1998 1990
f 1990 1998 1999
f 1990 1999 1992
f 1992 1999 2000
f 1992 2000 1994
f 1994 2000 2001
f 1994 2001 1551
f 1551 2001 1549
f 1461 1460 1995
f 1995 1460 2002
f 1995 2002 1996
f 1996 2002 2003
f 1996 2003 1997
f 1997 2003 2004
f 1997 2004 1998
f 1998 2004 2005
f 1998 2005 1999
f 1999 2005 2006
f 1999 2006 2000
f 2000 2006 2007
f 2000 2007 2001
f 2001 2007 2008
f 2001 2008 1549
f 1549 2008 1547
f 1460 1456 2002
f 2002 1456 2009
f 2002 2009 2003
f 2003 2009 2010
f 2003 2010 2004
f 2004 2010 2011
f 2004 2011 2005
f 2005 2011 2012
f 2005 2012 2006
f 2006 2012 2013
f 2006 2013 2007
f 2007 2013 2014
f 2007 2014 2008
f 2008 2014 2015
f 2008 2015 1547
f 1547 2015 1545
f 1456 1455 2009
f 2009 1455 1543
f 2009 1543 2010
f 2010 1543 2011
f 1496 2016 1544
f 1544 2016 2017
f 1544 2017 1546
f 1546 2017 2018
f 1546 2018 1548
f 1548 2018 2019
f 1548 2019 1550
f 1550 2019 2020
f 1550 2020 1552
f 1552 2020 2021
f 1552 2021 1554
f 1554 2021 2022
f 1554 2022 1556
f 1556 2022 2023
f 1556 2023 1558
f 1558 2023 2024
f 1558 2024 1560
f 1560 2024 2025
f 1560 2025 1562
f 1562 2025 2026
f 1562 2026 1564
f 1564 2026 2027
f 1564 2027 1566
f 1566 2027 2028
f 1566 2028 1568
f 1568 2028 2029
f 1568 2029 1570
f 1570 2029 2030
f 1570 2030 1572
f 1572 2030 2031
f 1572 2031 1574
f 1574 2031 2032
f 1574 2032 1576
f 1576 2032 2033
f 1576 2033 1578
f 1578 2033 2034
f 1578 2034 1580
f 1580 2034 2035
f 1580 2035 1582
f 1582 2035 2036
f 1582 2036 1584
f 1584 2036 2037
f 1584 2037 1586
f 1586 2037 2038
f 1586 2038 1588
f 1588 2038 2039
f 1588 2039 1590
f 1590 2039 2040
f 1590 2040 1592
f 1592 2040 2041
f 1592 2041 1594
f 1594 2041 2042
f 1594 2042 1596
f 1596 2042 2043
f 1596 2043 1598
f 1598 2043 2044
f 1598 2044 1600
f 1600 2044 2045
f 1600 2045 1602
f 1602 2045 2046
f 1602 2046 1604
f 1604 2046 2047
f 1604 2047 1606
f 1606 2047 2048
f 1606 2048 1608
f 1608 2048 2049
f 1608 2049 1610
f 1610 2049 2050
f 1610 2050 1612
f 1612 2050 2051
f 1612 2051 1614
f 1614 2051 2052
f 1614 2052 1616
f 1616 2052 2053
f 1616 2053 1618
f 1618 2053 2054
f 1618 2054 1620
f 1620 2054 2055
f 1620 2055 1622
f 1622 2055 2056
f 1622 2056 1624
f 1624 2056 2057
f 1624 2057 1626
f 1626 2057 2058
f 1626 2058 1628
f 1628 2058 2059
f 1628 2059 1630
f 1630 2059 2060
f 1630 2060 1632
f 1632 2060 2061
f 1632 2061 1634
f 1634 2061 2062
f 1634 2062 1636
f 1636 2062 2063
f 1636 2063 1638
f 1638 2063 2064
f 1638 2064 1640
f 1640 2064 1642
f 1802 1495 1753
f 1754 1642 2064
f 1545 2015 1543
f 1543 2015 2014
f 1543 2014 2013
f 2013 2012 1543
f 1543 2012 2011
f 1644 1642 1805
f 1753 1751 1802
f 1802 1751 1801
f 1751 1749 1801
f 1801 1749 1800
f 1749 1747 1800
f 1800 1747 1798
f 1747 1745 1798
f 1798 1745 1799
f 1745 1743 1799
f 1797 1741 1796
f 1796 1741 1739
f 1796 1739 1795
f 1795 1739 1737
f 1795 1737 1794
f 1794 1737 1735
f 1794 1735 1793
f 1793 1735 1733
f 1793 1733 1792
f 1792 1733 1731
f 1792 1731 1791
f 1791 1731 1729
f 1791 1729 1790
f 1790 1729 1727
f 1790 1727 1789
f 1789 1727 1725
f 1789 1725 1788
f 1788 1725 1723
f 1788 1723 1787
f 1715 1713 1783
f 1783 1713 1782
f 1713 1711 1782
f 1782 1711 1781
f 1711 1709 1781
f 1781 1709 1780
f 1709 1707 1780
f 1780 1707 1779
f 1707 1705 1779
f 1779 1705 1778
f 1705 1703 1778
f 1778 1703 1777
f 1699 1775 1776
f 1703 1701 1777
f 1777 1701 1776
f 1701 1699 1776
f 1689 1770 1771
f 1689 1771 1691
f 1687 1685 1769
f 1769 1685 1768
f 1685 1683 1768
f 1768 1683 1767
f 1679 1765 1766
f 1683 1681 1767
f 1767 1681 1766
f 1681 1679 1766
f 1673 1762 1763
f 1677 1675 1764
f 1764 1675 1763
f 1675 1673 1763
f 1669 1760 1761
f 1671 1669 1761
f 1665 1663 1758
f 1758 1663 1757
f 1663 1661 1757
f 1757 1661 1756
f 1657 1656 1755
f 1661 1659 1756
f 1756 1659 1755
f 2016 1496 1658
f 1659 1657 1755
f 1639 1641 2065
f 2065 1641 1643
f 2065 1643 1645
f 1637 1639 2066
f 2066 1639 2065
f 2066 2065 2067
f 2067 2065 1645
f 2067 1645 1647
f 1635 1637 2068
f 2068 1637 2066
f 2068 2066 2069
f 2069 2066 2067
f 2069 2067 2070
f 2070 2067 1647
f 2070 1647 1649
f 1633 1635 2071
f 2071 1635 2068
f 2071 2068 2072
f 2072 2068 2069
f 2072 2069 2073
f 2073 2069 2070
f 2073 2070 2074
f 2074 2070 1649
f 2074 1649 1651
f 1631 1633 2075
f 2075 1633 2071
f 2075 2071 2076
f 2076 2071 2072
f 2076 2072 2077
f 2077 2072 2073
f 2077 2073 2078
f 2078 2073 2074
f 2078 2074 2079
f 2079 2074 1651
f 2079 1651 1653
f 1629 1631 2080
f 2080 1631 2075
f 2080 2075 2081
f 2081 2075 2076
f 2081 2076 2082
f 2082 2076 2077
f 2082 2077 2083
f 2083 2077 2078
f 2083 2078 2084
f 2084 2078 2079
f 2084 2079 2085
f 2085 2079 1653
f 2085 1653 1655
f 1627 1629 2086
f 2086 1629 2080
f 2086 2080 2087
f 2087 2080 2081
f 2087 2081 2088
f 2088 2081 2082
f 2088 2082 2089
f 2089 2082 2083
f 2089 2083 2090
f 2090 2083 2084
f 2090 2084 2091
f 2091 2084 2085
f 2091 2085 1818
f 1818 2085 1655
f 1625 1627 2092
f 2092 1627 2086
f 2092 2086 2093
f 2093 2086 2087
f 2093 2087 2094
f 2094 2087 2088
f 2094 2088 2095
f 2095 2088 2089
f 2095 2089 2096
f 2096 2089 2090
f 2096 2090 2097
f 2097 2090 2091
f 2097 2091 1819
f 1819 2091 1818
f 1623 1625 1832
f 1832 1625 2092
f 1832 2092 1830
f 1830 2092 2093
f 1830 2093 1828
f 1828 2093 2094
f 1828 2094 1826
f 1826 2094 2095
f 1826 2095 1824
f 1824 2095 2096
f 1824 2096 1822
f 1822 2096 2097
f 1822 2097 1820
f 1820 2097 1819
f 1613 1615 2098
f 2098 1615 1854
f 2098 1854 2099
f 2099 1854 1853
f 2099 1853 2100
f 2100 1853 1852
f 2100 1852 2101
f 2101 1852 1851
f 2101 1851 2102
f 2102 1851 1850
f 2102 1850 2103
f 2103 1850 1849
f 2103 1849 1855
f 1855 1849 1848
f 1611 1613 1868
f 1868 1613 2098
f 1868 2098 1866
f 1866 2098 2099
f 1866 2099 1864
f 1864 2099 2100
f 1864 2100 1862
f 1862 2100 2101
f 1862 2101 1860
f 1860 2101 2102
f 1860 2102 1858
f 1858 2102 2103
f 1858 2103 1856
f 1856 2103 1855
f 1601 1603 2104
f 2104 1603 1890
f 2104 1890 2105
f 2105 1890 1889
f 2105 1889 2106
f 2106 1889 1888
f 2106 1888 2107
f 2107 1888 1887
f 2107 1887 2108
f 2108 1887 1886
f 2108 1886 2109
f 2109 1886 1885
f 2109 1885 1891
f 1891 1885 1884
f 1599 1601 2110
f 2110 1601 2104
f 2110 2104 2111
f 2111 2104 2105
f 2111 2105 2112
f 2112 2105 2106
f 2112 2106 2113
f 2113 2106 2107
f 2113 2107 2114
f 2114 2107 2108
f 2114 2108 2115
f 2115 2108 2109
f 2115 2109 1892
f 1892 2109 1891
f 1597 1599 2116
f 2116 1599 2110
f 2116 2110 2117
f 2117 2110 2111
f 2117 2111 2118
f 2118 2111 2112
f 2118 2112 2119
f 2119 2112 2113
f 2119 2113 2120
f 2120 2113 2114
f 2120 2114 2121
f 2121 2114 2115
f 2121 2115 1893
f 1893 2115 1892
f 1595 1597 2122
f 2122 1597 2116
f 2122 2116 2123
f 2123 2116 2117
f 2123 2117 2124
f 2124 2117 2118
f 2124 2118 2125
f 2125 2118 2119
f 2125 2119 2126
f 2126 2119 2120
f 2126 2120 2127
f 2127 2120 2121
f 2127 2121 1894
f 1894 2121 1893
f 1593 1595 2128
f 2128 1595 2122
f 2128 2122 2129
f 2129 2122 2123
f 2129 2123 2130
f 2130 2123 2124
f 2130 2124 2131
f 2131 2124 2125
f 2131 2125 2132
f 2132 2125 2126
f 2132 2126 2133
f 2133 2126 2127
f 2133 2127 1895
f 1895 2127 1894
f 1591 1593 2134
f 2134 1593 2128
f 2134 2128 2135
f 2135 2128 2129
f 2135 2129 2136
f 2136 2129 2130
f 2136 2130 2137
f 2137 2130 2131
f 2137 2131 2138
f 2138 2131 2132
f 2138 2132 2139
f 2139 2132 2133
f 2139 2133 1896
f 1896 2133 1895
f 1589 1591 2140
f 2140 1591 2134
f 2140 2134 2141
f 2141 2134 2135
f 2141 2135 2142
f 2142 2135 2136
f 2142 2136 2143
f 2143 2136 2137
f 2143 2137 2144
f 2144 2137 2138
f 2144 2138 2145
f 2145 2138 2139
f 2145 2139 1897
f 1897 2139 1896
f 1587 1589 1910
f 1910 1589 2140
f 1910 2140 1908
f 1908 2140 2141
f 1908 2141 1906
f 1906 2141 2142
f 1906 2142 1904
f 1904 2142 2143
f 1904 2143 1902
f 1902 2143 2144
f 1902 2144 1900
f 1900 2144 2145
f 1900 2145 1898
f 1898 2145 1897
f 1577 1579 2146
f 2146 1579 1932
f 2146 1932 2147
f 2147 1932 1931
f 2147 1931 2148
f 2148 1931 1930
f 2148 1930 2149
f 2149 1930 1929
f 2149 1929 2150
f 2150 1929 1928
f 2150 1928 2151
f 2151 1928 1927
f 2151 1927 1933
f 1933 1927 1926
f 1575 1577 1946
f 1946 1577 2146
f 1946 2146 1944
f 1944 2146 2147
f 1944 2147 1942
f 1942 2147 2148
f 1942 2148 1940
f 1940 2148 2149
f 1940 2149 1938
f 1938 2149 2150
f 1938 2150 1936
f 1936 2150 2151
f 1936 2151 1934
f 1934 2151 1933
f 1567 1569 2152
f 2152 1569 1961
f 2152 1961 1978
f 1565 1567 2153
f 2153 1567 2152
f 2153 2152 2154
f 2154 2152 1978
f 2154 1978 1976
f 1563 1565 2155
f 2155 1565 2153
f 2155 2153 2156
f 2156 2153 2154
f 2156 2154 2157
f 2157 2154 1976
f 2157 1976 1974
f 1561 1563 2158
f 2158 1563 2155
f 2158 2155 2159
f 2159 2155 2156
f 2159 2156 2160
f 2160 2156 2157
f 2160 2157 2161
f 2161 2157 1974
f 2161 1974 1972
f 1559 1561 2162
f 2162 1561 2158
f 2162 2158 2163
f 2163 2158 2159
f 2163 2159 2164
f 2164 2159 2160
f 2164 2160 2165
f 2165 2160 2161
f 2165 2161 2166
f 2166 2161 1972
f 2166 1972 1970
f 1557 1559 2167
f 2167 1559 2162
f 2167 2162 2168
f 2168 2162 2163
f 2168 2163 2169
f 2169 2163 2164
f 2169 2164 2170
f 2170 2164 2165
f 2170 2165 2171
f 2171 2165 2166
f 2171 2166 2172
f 2172 2166 1970
f 2172 1970 1979
f 1979 1970 1969
f 1555 1557 2173
f 2173 1557 2167
f 2173 2167 2174
f 2174 2167 2168
f 2174 2168 2175
f 2175 2168 2169
f 2175 2169 2176
f 2176 2169 2170
f 2176 2170 2177
f 2177 2170 2171
f 2177 2171 2178
f 2178 2171 2172
f 2178 2172 1980
f 1980 2172 1979
f 1553 1555 1993
f 1993 1555 2173
f 1993 2173 1991
f 1991 2173 2174
f 1991 2174 1989
f 1989 2174 2175
f 1989 2175 1987
f 1987 2175 2176
f 1987 2176 1985
f 1985 2176 2177
f 1985 2177 1983
f 1983 2177 2178
f 1983 2178 1981
f 1981 2178 1980
f 1470 1971 1964
f 1964 1971 2179
f 1964 2179 1965
f 1965 2179 1966
f 1956 1963 1967
f 1967 1963 1962
f 1652 1813 1817
f 1817 1813 1816
f 1813 1811 1816
f 1816 1811 1815
f 1808 1807 1814
f 1811 1809 1815
f 1815 1809 1814
f 1809 1808 1814
f 2064 2063 1754
f 1754 2063 1752
f 2063 2062 1752
f 1752 2062 1750
f 2062 2061 1750
f 1750 2061 1748
f 2061 2060 1748
f 1748 2060 1746
f 2060 2059 1746
f 1746 2059 1744
f 2059 2058 1744
f 1744 2058 1742
f 2058 2057 1742
f 1742 2057 1740
f 2057 2056 1740
f 1740 2056 1738
f 2056 2055 1738
f 1738 2055 1736
f 2055 2054 1736
f 1736 2054 1734
f 2054 2053 1734
f 1734 2053 1732
f 2053 2052 1732
f 1732 2052 1730
f 2052 2051 1730
f 1730 2051 1728
f 2051 2050 1728
f 1728 2050 1726
f 2050 2049 1726
f 1726 2049 1724
f 2049 2048 1724
f 1724 2048 1722
f 2048 2047 1722
f 1722 2047 1720
f 2047 2046 1720
f 1720 2046 1718
f 2046 2045 1718
f 1718 2045 1716
f 2045 2044 1716
f 1716 2044 1714
f 2044 2043 1714
f 1714 2043 1712
f 2043 2042 1712
f 1712 2042 1710
f 2042 2041 1710
f 1710 2041 1708
f 2041 2040 1708
f 1708 2040 1706
f 2040 2039 1706
f 1706 2039 1704
f 2039 2038 1704
f 1704 2038 1702
f 2038 2037 1702
f 1702 2037 1700
f 2037 2036 1700
f 1700 2036 1698
f 2036 2035 1698
f 1698 2035 1696
f 2035 2034 1696
f 1696 2034 1694
f 2034 2033 1694
f 1694 2033 1692
f 2033 2032 1692
f 1692 2032 1690
f 2032 2031 1690
f 1690 2031 1688
f 2031 2030 1688
f 1688 2030 1686
f 2030 2029 1686
f 1686 2029 1684
f 2029 2028 1684
f 1684 2028 1682
f 2028 2027 1682
f 1682 2027 1680
f 2027 2026 1680
f 1680 2026 1678
f 2026 2025 1678
f 1678 2025 1676
f 2025 2024 1676
f 1676 2024 1674
f 2024 2023 1674
f 1674 2023 1672
f 2023 2022 1672
f 1672 2022 1670
f 2022 2021 1670
f 1670 2021 1668
f 2021 2020 1668
f 1668 2020 1666
f 2020 2019 1666
f 1666 2019 1664
f 2019 2018 1664
f 1664 2018 1662
f 2016 1658 1660
f 2018 2017 1662
f 1662 2017 1660
f 2017 2016 1660
f 1805 1646 1644
f 1977 1960 1959
f 1977 1959 2180
f 2180 1959 1958
f 2180 1958 1968
f 1803 1810 1804
f 1804 1810 1806
f 1810 1812 1806
f 1806 1812 1648
f 1812 1650 1648
f 1977 2180 1975
f 1975 2180 2181
f 1975 2181 1973
f 1973 2181 2179
f 1973 2179 1971
f 2181 2180 1968
f 1967 1957 1956
f 2179 2181 1966
f 1966 2181 1968
f 1495 1494 1642
f 1642 1494 1543
f 1642 1543 1457
f 1457 1543 1455
g 3

v -21.700001 0.008987 -152.499832
v -21.700001 -0.020833 -152.284729
v -21.700001 0.027347 -152.499832
v -21.700001 0.057167 -152.284729
v -21.700001 0.100666 -151.961395
v -21.700001 -0.064332 -151.961395
v -21.700001 -0.163096 -151.164337
v -21.700001 -0.261216 -150.240967
v -21.700001 0.297550 -150.240967
v -21.700001 0.199431 -151.164337
v -21.700001 0.385494 -149.233353
v -21.700001 -0.349160 -149.233353
v -21.700001 0.514800 -147.057816
v -21.700001 -0.478466 -147.057816
v -21.700001 0.575572 -144.773651
v -21.700001 -0.539238 -144.773651
v -21.700001 0.576212 -142.491623
v -21.700001 -0.539879 -142.491623
v -21.700001 -0.468776 -140.328659
v -21.700001 0.505108 -140.328659
v -21.700001 -0.400225 -139.335068
v -21.700001 0.436558 -139.335068
v -21.700001 0.341334 -138.434006
v -21.700001 -0.305001 -138.434006
v -21.700001 -0.175820 -137.671448
v -21.700001 -0.093756 -137.374313
v -21.700001 0.130088 -137.374313
v -21.700001 0.212153 -137.671448
v -21.700001 0.079671 -137.261261
v -21.700001 -0.043338 -137.261261
v -21.700001 -0.014136 -137.220291
v -21.700001 0.001381 -137.205902
v -21.700001 0.009601 -137.201553
v -21.700001 0.013857 -137.200378
v -21.700001 0.018166 -137.199982
v -21.700001 0.022476 -137.200378
v -21.700001 0.026732 -137.201553
v -21.700001 0.034952 -137.205902
v -21.700001 0.050469 -137.220291
v -8.700000 0.000000 -156.500000
v -8.700000 0.036360 -156.500000
v -8.700000 -0.023868 -156.328232
v -8.700000 0.060228 -156.328232
v -8.700000 0.096061 -156.069275
v -8.700000 -0.059702 -156.069275
v -8.700000 0.182461 -155.426880
v -8.700000 -0.146104 -155.426880
v -8.700000 0.278688 -154.675583
v -8.700000 -0.242331 -154.675583
v -8.700000 0.378164 -153.846497
v -8.700000 -0.341807 -153.846497
v -8.700000 0.572339 -152.017654
v -8.700000 -0.535985 -152.017654
v -8.700000 0.746268 -150.022949
v -8.700000 -0.709917 -150.022949
v -8.700000 0.891199 -147.911392
v -8.700000 -0.854850 -147.911392
v -8.700000 1.001914 -145.717804
v -8.700000 -0.965569 -145.717804
v -8.700000 1.122064 -141.198685
v -8.700000 -1.085725 -141.198685
v -8.700000 1.123388 -136.683807
v -8.700000 -1.087059 -136.683807
v -8.700000 1.073436 -134.498672
v -8.700000 -1.037109 -134.498672
v -8.700000 0.982913 -132.403458
v -8.700000 -0.946588 -132.403458
v -8.700000 0.847444 -130.436401
v -8.700000 -0.811120 -130.436401
v -8.700000 0.659181 -128.651535
v -8.700000 -0.622861 -128.651535
v -8.700000 0.541625 -127.853073
v -8.700000 -0.505307 -127.853073
v -8.700000 -0.367226 -127.139313
v -8.700000 0.403546 -127.139313
v -8.700000 0.241077 -126.548592
v -8.700000 -0.204759 -126.548592
v -8.700000 0.140984 -126.323135
v -8.700000 -0.104667 -126.323135
v -8.700000 -0.046550 -126.241051
v -8.700000 0.082868 -126.241051
v -8.700000 0.051858 -126.212044
v -8.700000 0.035379 -126.203201
v -8.700000 0.026826 -126.200821
v -8.700000 0.018159 -126.200012
v -8.700000 0.009491 -126.200821
v -8.700000 0.000939 -126.203201
v -8.700000 -0.015541 -126.212044
v -15.200000 0.004494 -154.499908
v -14.116667 -0.021978 -154.648178
v -15.200000 -0.019866 -154.324646
v -14.116667 -0.060287 -154.369431
v -15.200000 -0.056172 -154.060486
v -14.116667 -0.169729 -153.534210
v -15.200000 -0.159911 -153.268784
v -14.116667 -0.288337 -152.545990
v -15.200000 -0.272354 -152.331985
v -14.116667 -0.404060 -151.454880
v -15.200000 -0.382069 -151.297592
v -14.116667 -0.511545 -150.286362
v -15.200000 -0.483974 -150.189789
v -14.116667 -0.688386 -147.785660
v -15.200000 -0.651643 -147.818954
v -14.116667 -0.804189 -145.145309
v -15.200000 -0.761441 -145.315689
v -14.116667 -0.870011 -140.485168
v -15.200000 -0.823846 -140.897446
v -14.116667 -0.849955 -138.575073
v -15.200000 -0.804828 -139.086502
v -14.116667 -0.823445 -137.507446
v -15.200000 -0.779691 -138.074310
v -14.116667 -0.799361 -136.812820
v -15.200000 -0.756856 -137.415756
v -14.116667 -0.780469 -136.370453
v -15.200000 -0.738943 -136.996368
v -14.116667 -0.705805 -135.008926
v -15.200000 -0.668148 -135.705551
v -14.116667 -0.602640 -133.731293
v -15.200000 -0.570332 -134.494308
v -14.116667 -0.505079 -132.839645
v -15.200000 -0.477830 -133.649017
v -14.116667 -0.386475 -132.031219
v -15.200000 -0.365379 -132.882660
v -14.116667 -0.284631 -131.515350
v -15.200000 -0.268825 -132.393677
v -14.116667 -0.176100 -131.109024
v -15.200000 -0.165936 -132.008560
v -14.116667 -0.094222 -130.909958
v -15.200000 -0.088323 -131.819931
v -14.116667 -0.063230 -130.855835
v -15.200000 -0.058948 -131.768646
v -14.116667 -0.029786 -130.812134
v -15.200000 -0.027256 -131.727264
v -14.116667 -0.011858 -130.795547
v -15.200000 -0.010272 -131.711563
v -14.116667 -0.002569 -130.789474
v -15.200000 -0.001472 -131.705811
v -14.116667 0.006904 -130.785339
v -15.200000 0.007500 -131.701889
v -14.116667 0.016534 -130.783478
v -15.200000 0.016620 -131.700134
v -14.116667 0.026296 -130.784241
v -15.200000 0.025865 -131.700851
v -14.116667 0.035926 -130.787613
v -15.200000 0.034986 -131.704041
v -14.116667 0.045237 -130.793121
v -15.200000 0.043806 -131.709259
v -14.116667 0.070237 -130.816483
v -15.200000 0.067492 -131.731384
v -14.116667 0.094229 -130.847214
v -15.200000 0.090226 -131.760483
v -14.116667 0.137702 -130.923645
v -15.200000 0.131432 -131.832901
v -14.116667 0.235663 -131.180679
v -15.200000 0.224293 -132.076462
v -14.116667 0.307302 -131.453003
v -15.200000 0.292210 -132.334579
v -14.116667 0.412094 -131.971893
v -15.200000 0.391557 -132.826431
v -14.116667 0.503299 -132.553665
v -15.200000 0.478028 -133.377930
v -14.116667 0.617069 -133.504227
v -15.200000 0.585896 -134.279053
v -14.116667 0.707603 -134.536606
v -15.200000 0.671737 -135.257767
v -14.116667 0.819500 -136.424698
v -15.200000 0.777834 -137.047775
v -14.116667 0.883463 -138.434662
v -15.200000 0.838484 -138.953384
v -14.116667 0.903949 -141.689728
v -15.200000 0.857910 -142.039474
v -14.116667 0.845026 -144.989395
v -15.200000 0.802044 -145.167862
v -14.116667 0.736542 -147.568604
v -15.200000 0.699185 -147.613174
v -14.116667 0.569955 -150.021759
v -15.200000 0.541239 -149.938934
v -14.116667 0.467670 -151.174927
v -15.200000 0.444261 -151.032196
v -14.116667 0.356390 -152.259354
v -15.200000 0.338758 -152.060257
v -14.116667 0.241045 -153.253860
v -15.200000 0.229407 -153.003036
v -14.116667 0.130043 -154.121658
v -15.200000 0.124182 -153.825638
v -14.116667 0.061152 -154.627808
v -15.200000 0.058890 -154.305328
v -15.200000 0.031854 -154.499908
v -16.012501 0.057193 -154.063477
v -16.825001 0.055496 -153.821625
v -16.825001 0.115392 -153.381592
v -17.231251 0.113194 -153.270584
v -17.231251 0.207584 -152.532745
v -17.637501 0.203219 -152.438690
v -17.637501 0.299087 -151.612289
v -18.450001 0.285863 -151.462967
v -18.450001 0.374037 -150.603989
v -19.533333 0.350628 -150.461258
v -19.533333 0.426371 -149.607635
v -20.616667 0.397654 -149.524811
v -20.616667 0.512402 -147.836014
v -9.783333 -0.030426 -155.942337
v -10.866667 -0.028314 -155.618805
v -11.950000 -0.026202 -155.295258
v -10.866667 -0.072634 -155.296295
v -11.950000 -0.068519 -154.987335
v -10.866667 -0.199184 -154.330444
v -11.950000 -0.189366 -154.065033
v -10.866667 -0.336288 -153.187988
v -11.950000 -0.320304 -152.973984
v -10.866667 -0.470034 -151.926712
v -11.950000 -0.448042 -151.769440
v -10.866667 -0.594256 -150.576065
v -11.950000 -0.566686 -150.479492
v -10.866667 -0.798616 -147.685776
v -11.950000 -0.761873 -147.719070
v -10.866667 -0.932432 -144.634201
v -11.950000 -0.889684 -144.804565
v -10.866667 -1.008503 -139.248352
v -11.950000 -0.962339 -139.660629
v -10.866667 -0.985334 -137.040771
v -11.950000 -0.940208 -137.552216
v -10.866667 -0.954704 -135.806870
v -11.950000 -0.910951 -136.373718
v -10.866667 -0.926878 -135.004028
v -11.950000 -0.884372 -135.606964
v -10.866667 -0.905047 -134.492752
v -11.950000 -0.863521 -135.118652
v -10.866667 -0.818775 -132.919052
v -11.950000 -0.781118 -133.615677
v -10.866667 -0.699563 -131.442261
v -11.950000 -0.667255 -132.205276
v -10.866667 -0.586826 -130.411514
v -11.950000 -0.559577 -131.220886
v -10.866667 -0.449761 -129.476883
v -11.950000 -0.428666 -130.328323
v -10.866667 -0.332047 -128.880386
v -11.950000 -0.316242 -129.758713
v -10.866667 -0.206592 -128.410400
v -11.950000 -0.196428 -129.309937
v -10.866667 -0.111919 -128.180054
v -11.950000 -0.106020 -129.090027
v -10.866667 -0.076076 -128.117371
v -11.950000 -0.071794 -129.030197
v -10.866667 -0.037377 -128.066757
v -11.950000 -0.034846 -128.981888
v -10.866667 -0.016618 -128.047516
v -11.950000 -0.015031 -128.963531
v -10.866667 -0.005858 -128.040466
v -11.950000 -0.004762 -128.956802
v -10.866667 0.005116 -128.035660
v -11.950000 0.005712 -128.952225
v -10.866667 0.016274 -128.033493
v -11.950000 0.016361 -128.950150
v -10.866667 0.027587 -128.034393
v -11.950000 0.027156 -128.951004
v -10.866667 0.038745 -128.038315
v -11.950000 0.037806 -128.954742
v -10.866667 0.049530 -128.044708
v -11.950000 0.048099 -128.960846
v -10.866667 0.078474 -128.071793
v -11.950000 0.075728 -128.986694
v -10.866667 0.106236 -128.107391
v -11.950000 0.102234 -129.020660
v -10.866667 0.156514 -128.195892
v -11.950000 0.150243 -129.105148
v -10.866667 0.269774 -128.493286
v -11.950000 0.258404 -129.389084
v -10.866667 0.352577 -128.808273
v -11.950000 0.337485 -129.689850
v -10.866667 0.473703 -129.408295
v -11.950000 0.453167 -130.262833
v -10.866667 0.579113 -130.080917
v -11.950000 0.553842 -130.905167
v -10.866667 0.710585 -131.179779
v -11.950000 0.679413 -131.954590
v -10.866667 0.815198 -132.373108
v -11.950000 0.779333 -133.094269
v -10.866667 0.944498 -134.555435
v -11.950000 0.902832 -135.178513
v -10.866667 1.018403 -136.878494
v -11.950000 0.973423 -137.397217
v -10.866667 1.042065 -140.640488
v -11.950000 0.996026 -140.990234
v -10.866667 0.973971 -144.453995
v -11.950000 0.930989 -144.632462
v -10.866667 0.848612 -147.434906
v -11.950000 0.811255 -147.479462
v -10.866667 0.656106 -150.270248
v -11.950000 0.627389 -150.187408
v -10.866667 0.537894 -151.603119
v -11.950000 0.514486 -151.460388
v -10.866667 0.409285 -152.856628
v -11.950000 0.391653 -152.657547
v -10.866667 0.275962 -154.006332
v -11.950000 0.264323 -153.755508
v -10.866667 0.147624 -155.009720
v -11.950000 0.141764 -154.713699
v -10.866667 0.067940 -155.595215
v -11.950000 0.065677 -155.272736
v -9.783333 -0.076750 -155.605240
v -9.783333 -0.209002 -154.595856
v -9.783333 -0.352272 -153.401993
v -9.783333 -0.492025 -152.084000
v -9.783333 -0.621826 -150.672638
v -9.783333 -0.835360 -147.652481
v -9.783333 -0.975180 -144.463821
v -9.783333 -1.054667 -138.836075
v -9.783333 -1.030460 -136.529343
v -9.783333 -0.998458 -135.240005
v -9.783333 -0.969383 -134.401108
v -9.783333 -0.946573 -133.866852
v -9.783333 -0.856431 -132.222427
v -9.783333 -0.731870 -130.679245
v -9.783333 -0.614075 -129.602127
v -9.783333 -0.470857 -128.625427
v -9.783333 -0.347853 -128.002060
v -9.783333 -0.216756 -127.510857
v -9.783333 -0.117818 -127.270088
v -9.783333 -0.080357 -127.204552
v -9.783333 -0.039907 -127.151627
v -9.783333 -0.018205 -127.131508
v -9.783333 -0.006955 -127.124130
v -9.783333 0.004520 -127.119102
v -9.783333 0.016188 -127.116844
v -9.783333 0.028017 -127.117767
v -9.783333 0.039685 -127.121880
v -9.783333 0.050961 -127.128571
v -9.783333 0.081219 -127.156898
v -9.783333 0.110239 -127.194107
v -9.783333 0.162784 -127.286644
v -9.783333 0.281145 -127.597496
v -9.783333 0.367668 -127.926697
v -9.783333 0.494240 -128.553757
v -9.783333 0.604385 -129.256668
v -9.783333 0.741758 -130.404953
v -9.783333 0.851063 -131.651947
v -9.783333 0.986164 -133.932343
v -9.783333 1.063382 -136.359772
v -9.783333 1.088104 -140.290741
v -9.783333 1.016953 -144.275528
v -9.783333 0.885969 -147.390335
v -9.783333 0.684823 -150.353073
v -9.783333 0.426917 -153.055725
v -9.783333 0.561303 -151.745865
v -9.783333 0.287600 -154.257156
v -9.783333 0.153484 -155.305740
v -9.783333 0.070202 -155.917679
v -18.450001 0.052102 -153.337921
v -17.637501 0.053799 -153.579773
v -17.231251 0.054648 -153.700699
v -17.637501 0.110997 -153.159576
v -20.616667 0.047577 -152.692978
v -19.533333 0.049840 -153.015442
v -19.533333 0.100741 -152.641541
v -18.450001 0.106601 -152.937561
v -19.533333 0.182851 -151.999741
v -18.450001 0.194490 -152.250565
v -19.533333 0.268232 -151.263870
v -20.616667 0.094880 -152.345520
v -20.616667 0.171213 -151.748932
v -20.616667 0.250600 -151.064774
v -20.616667 0.327220 -150.318527
v -20.616667 0.587136 -146.060181
v -20.616667 0.627716 -143.788193
v -20.616667 0.613585 -141.546982
v -20.616667 0.569505 -140.163223
v -19.533333 0.658565 -141.028259
v -19.533333 0.611171 -139.540131
v -18.450001 0.703544 -140.509537
v -18.450001 0.652837 -138.917038
v -17.637501 0.737279 -140.120499
v -17.637501 0.684086 -138.449722
v -17.231251 0.754147 -139.925980
v -17.231251 0.699711 -138.216064
v -16.825001 0.771014 -139.731461
v -16.825001 0.715335 -137.982407
v -16.012501 0.804749 -139.342422
v -16.012501 0.746585 -137.515091
v -20.616667 0.492411 -138.863586
v -19.533333 0.528277 -138.142426
v -18.450001 0.564142 -137.421249
v -17.637501 0.591041 -136.880386
v -17.231251 0.604490 -136.609940
v -16.825001 0.617940 -136.339508
v -16.012501 0.644839 -135.798645
v -20.616667 0.430035 -138.153152
v -19.533333 0.461207 -137.378326
v -18.450001 0.492379 -136.603516
v -17.637501 0.515759 -136.022400
v -17.231251 0.527448 -135.731842
v -16.825001 0.539138 -135.441284
v -16.012501 0.562517 -134.860168
v -20.616667 0.351671 -137.499191
v -19.533333 0.376942 -136.674927
v -18.450001 0.402213 -135.850677
v -17.637501 0.421167 -135.232498
v -17.231251 0.430644 -134.923401
v -16.825001 0.440121 -134.614304
v -16.012501 0.459074 -133.996109
v -20.616667 0.288875 -137.099106
v -20.616667 0.216752 -136.742447
v -20.616667 0.167441 -136.555435
v -19.533333 0.231844 -135.860870
v -19.533333 0.178811 -135.659637
v -18.450001 0.246935 -134.979294
v -18.450001 0.190181 -134.763855
v -17.637501 0.258254 -134.318115
v -17.637501 0.198709 -134.092010
v -17.231251 0.263913 -133.987534
v -17.231251 0.202973 -133.756088
v -16.825001 0.269573 -133.656937
v -16.825001 0.207237 -133.420151
v -16.012501 0.280891 -132.995758
v -16.012501 0.215765 -132.748306
v -20.616667 0.100080 -136.379150
v -19.533333 0.106351 -135.469910
v -18.450001 0.112621 -134.560654
v -17.637501 0.117324 -133.878708
v -17.231251 0.119675 -133.537750
v -16.825001 0.122027 -133.196777
v -16.012501 0.126729 -132.514832
v -20.616667 0.070214 -136.326859
v -19.533333 0.074217 -135.413574
v -18.450001 0.078219 -134.500305
v -17.637501 0.081221 -133.815353
v -17.231251 0.082722 -133.472870
v -16.825001 0.084223 -133.130386
v -16.012501 0.087225 -132.445435
v -20.616667 0.053764 -136.305862
v -19.533333 0.056510 -135.390961
v -18.450001 0.059255 -134.476074
v -17.637501 0.061315 -133.789902
v -17.231251 0.062344 -133.446808
v -16.825001 0.063374 -133.103729
v -16.012501 0.065433 -132.417557
v -20.616667 0.036650 -136.289963
v -20.616667 0.030287 -136.286209
v -20.616667 0.023713 -136.283936
v -20.616667 0.017053 -136.283417
v -20.616667 0.010479 -136.284668
v -20.616667 0.004010 -136.287476
v -20.616667 -0.002339 -136.291611
v -20.616667 -0.014605 -136.302902
v -20.616667 -0.037539 -136.332733
v -19.533333 -0.017135 -135.387772
v -19.533333 -0.041821 -135.419922
v -18.450001 -0.019666 -134.472641
v -18.450001 -0.046102 -134.507095
v -17.637501 -0.021563 -133.786301
v -17.637501 -0.049314 -133.822495
v -17.231251 -0.022512 -133.443130
v -17.231251 -0.050920 -133.480179
v -16.825001 -0.023461 -133.099960
v -16.825001 -0.052525 -133.137878
v -16.012501 -0.025358 -132.413605
v -16.012501 -0.055737 -132.453262
v -20.616667 -0.058828 -136.369781
v -19.533333 -0.064727 -135.459808
v -18.450001 -0.070626 -134.549835
v -17.637501 -0.075050 -133.867371
v -17.231251 -0.077262 -133.526123
v -16.825001 -0.079474 -133.184891
v -16.012501 -0.083898 -132.502411
v -20.616667 -0.115116 -136.506271
v -19.533333 -0.125280 -135.606720
v -18.450001 -0.135444 -134.707184
v -17.637501 -0.143067 -134.032532
v -17.231251 -0.146879 -133.695206
v -16.825001 -0.150690 -133.357880
v -16.012501 -0.158313 -132.683212
v -20.616667 -0.189797 -136.785294
v -19.533333 -0.205603 -135.906967
v -18.450001 -0.221408 -135.028641
v -17.637501 -0.233263 -134.369904
v -17.231251 -0.239190 -134.040527
v -16.825001 -0.245117 -133.711166
v -16.012501 -0.256971 -133.052414
v -20.616667 -0.259902 -137.139893
v -20.616667 -0.341586 -137.695908
v -20.616667 -0.408794 -138.309387
v -19.533333 -0.368835 -136.886520
v -19.533333 -0.441101 -137.546371
v -18.450001 -0.396084 -136.077148
v -18.450001 -0.473409 -136.783356
v -17.637501 -0.416520 -135.470108
v -17.637501 -0.497640 -136.211090
v -17.231251 -0.426739 -135.166595
v -17.231251 -0.509755 -135.924957
v -16.825001 -0.436957 -134.863083
v -16.825001 -0.521871 -135.638840
v -16.012501 -0.457394 -134.256042
v -16.012501 -0.546101 -135.066574
v -20.616667 -0.479865 -139.188675
v -19.533333 -0.517522 -138.492050
v -18.450001 -0.555178 -137.795425
v -17.637501 -0.583421 -137.272949
v -17.231251 -0.597542 -137.011719
v -16.825001 -0.611663 -136.750488
v -16.012501 -0.639906 -136.228012
v -20.616667 -0.531313 -140.125885
v -19.533333 -0.572839 -139.499985
v -18.450001 -0.614365 -138.874069
v -17.637501 -0.645509 -138.404648
v -17.231251 -0.661082 -138.169937
v -16.825001 -0.676654 -137.935226
v -16.012501 -0.707798 -137.465790
v -20.616667 -0.560925 -140.908615
v -20.616667 -0.544328 -140.430420
v -20.616667 -0.593025 -142.958801
v -20.616667 -0.579196 -141.643661
v -19.533333 -0.604678 -140.341766
v -19.533333 -0.586833 -139.827484
v -18.450001 -0.629339 -139.224548
v -20.616667 -0.547703 -146.167542
v -19.533333 -0.590450 -145.997177
v -19.533333 -0.639189 -142.546524
v -18.450001 -0.685354 -142.134262
v -18.450001 -0.669449 -140.620789
v -17.637501 -0.703294 -140.237228
v -17.637501 -0.681246 -139.349747
v -17.231251 -0.697654 -139.137177
v -17.231251 -0.677158 -138.546249
v -16.825001 -0.693097 -138.320160
v -20.616667 -0.467926 -147.985443
v -20.616667 -0.346122 -149.706940
v -20.616667 -0.272113 -150.511185
v -20.616667 -0.192436 -151.261978
v -19.533333 -0.294104 -150.668472
v -19.533333 -0.208419 -151.475983
v -18.450001 -0.316095 -150.825745
v -18.450001 -0.224403 -151.689987
v -17.637501 -0.332589 -150.943710
v -17.637501 -0.236391 -151.850479
v -17.231251 -0.340836 -151.002686
v -17.231251 -0.242385 -151.930740
v -16.825001 -0.349082 -151.061676
v -16.825001 -0.248378 -152.010986
v -16.012501 -0.365576 -151.179626
v -16.012501 -0.260366 -152.171478
v -20.616667 -0.110821 -151.941711
v -19.533333 -0.120639 -152.207138
v -18.450001 -0.130457 -152.472549
v -17.637501 -0.137821 -152.671600
v -17.231251 -0.141502 -152.771133
v -16.825001 -0.145184 -152.870667
v -16.012501 -0.152548 -153.069733
v -20.616667 -0.035594 -152.515717
v -19.533333 -0.039710 -152.824661
v -18.450001 -0.043825 -153.133621
v -17.637501 -0.046912 -153.365326
v -17.231251 -0.048455 -153.481186
v -16.825001 -0.049998 -153.597046
v -16.012501 -0.053085 -153.828766
v -20.616667 -0.009305 -152.706940
v -19.533333 -0.011417 -153.030487
v -18.450001 -0.013529 -153.354019
v -17.637501 -0.015114 -153.596680
v -17.231251 -0.015906 -153.718002
v -16.825001 -0.016698 -153.839340
v -16.012501 -0.018282 -154.081985
v -13.033333 -0.024090 -154.971725
v -13.033333 -0.064403 -154.678391
v -13.033333 -0.179547 -153.799622
v -13.033333 -0.304321 -152.759979
v -13.033333 -0.426051 -151.612152
v -13.033333 -0.539115 -150.382935
v -13.033333 -0.725130 -147.752365
v -13.033333 -0.846937 -144.974945
v -13.033333 -0.916175 -140.072891
v -13.033333 -0.895081 -138.063644
v -13.033333 -0.867198 -136.940582
v -13.033333 -0.841867 -136.209900
v -13.033333 -0.821995 -135.744553
v -13.033333 -0.743461 -134.312302
v -13.033333 -0.634947 -132.968277
v -13.033333 -0.532328 -132.030258
v -13.033333 -0.407570 -131.179779
v -13.033333 -0.300436 -130.637024
v -13.033333 -0.186264 -130.209488
v -13.033333 -0.100121 -130.000000
v -13.033333 -0.067512 -129.943008
v -13.033333 -0.032316 -129.897003
v -13.033333 -0.013445 -129.879532
v -13.033333 -0.003665 -129.873138
v -13.033333 0.006308 -129.868774
v -13.033333 0.016447 -129.866821
v -13.033333 0.026726 -129.867615
v -13.033333 0.036866 -129.871185
v -13.033333 0.046668 -129.876984
v -13.033333 0.072983 -129.901581
v -13.033333 0.098231 -129.933929
v -13.033333 0.143973 -130.014404
v -13.033333 0.247033 -130.284882
v -13.033333 0.322393 -130.571426
v -13.033333 0.432630 -131.117371
v -13.033333 0.528571 -131.729416
v -13.033333 0.648241 -132.729416
v -13.033333 0.743468 -133.815445
v -13.033333 0.861166 -135.801605
v -13.033333 0.928443 -137.915939
v -13.033333 0.949988 -141.339981
v -13.033333 0.888008 -144.810928
v -13.033333 0.773899 -147.524033
v -13.033333 0.598672 -150.104584
v -13.033333 0.491078 -151.317657
v -13.033333 0.374022 -152.458450
v -13.033333 0.252684 -153.504684
v -13.033333 0.135903 -154.417679
v -13.033333 0.063415 -154.950272
v -16.012501 0.119787 -153.603607
v -16.012501 0.220678 -152.814926
v -16.825001 0.211948 -152.626801
v -16.012501 0.325535 -151.910934
v -16.825001 0.312311 -151.761612
v -17.231251 0.305699 -151.686951
v -16.012501 0.426705 -150.925140
v -16.825001 0.409149 -150.818085
v -17.231251 0.400371 -150.764557
v -17.637501 0.391593 -150.711044
v -16.012501 0.519701 -149.876816
v -16.825001 0.498163 -149.814697
v -17.231251 0.487394 -149.783646
v -17.637501 0.476626 -149.752579
v -18.450001 0.455088 -149.690460
v -16.012501 0.671168 -147.646591
v -16.825001 0.643150 -147.680023
v -17.231251 0.629141 -147.696732
v -17.637501 0.615133 -147.713440
v -18.450001 0.587115 -147.746872
v -19.533333 0.549758 -147.791443
v -16.012501 0.769808 -145.301712
v -16.825001 0.737572 -145.435562
v -17.231251 0.721454 -145.502487
v -17.637501 0.705335 -145.569412
v -18.450001 0.673099 -145.703262
v -19.533333 0.630118 -145.881714
v -16.012501 0.823381 -142.301773
v -16.825001 0.788852 -142.564087
v -17.231251 0.771587 -142.695236
v -17.637501 0.754322 -142.826401
v -18.450001 0.719793 -143.088699
v -19.533333 0.673754 -143.438446
v -16.012501 0.376155 -133.467331
v -16.825001 0.360753 -134.108231
v -17.231251 0.353051 -134.428680
v -17.637501 0.345350 -134.749130
v -18.450001 0.329948 -135.390030
v -19.533333 0.309411 -136.244568
v -16.012501 0.042733 -132.396362
v -16.825001 0.041659 -133.083466
v -17.231251 0.041123 -133.427032
v -17.637501 0.040586 -133.770584
v -18.450001 0.039513 -134.457687
v -19.533333 0.038081 -135.373825
v -16.012501 0.034281 -132.391373
v -16.825001 0.033576 -133.078705
v -17.231251 0.033224 -133.422363
v -17.637501 0.032871 -133.766022
v -18.450001 0.032166 -134.453354
v -19.533333 0.031226 -135.369781
v -16.012501 0.025542 -132.388306
v -16.825001 0.025219 -133.075775
v -17.231251 0.025058 -133.419510
v -17.637501 0.024897 -133.763229
v -18.450001 0.024574 -134.450699
v -19.533333 0.024143 -135.367310
v -16.012501 0.016685 -132.387619
v -16.825001 0.016750 -133.075119
v -17.231251 0.016782 -133.418854
v -17.637501 0.016815 -133.762604
v -18.450001 0.016880 -134.450104
v -19.533333 0.016966 -135.366760
v -16.012501 0.007947 -132.389313
v -16.825001 0.008393 -133.076721
v -17.231251 0.008617 -133.420425
v -17.637501 0.008840 -133.764145
v -18.450001 0.009287 -134.451553
v -19.533333 0.009883 -135.368118
v -16.012501 -0.000650 -132.393051
v -16.825001 0.000172 -133.080307
v -17.231251 0.000583 -133.423935
v -17.637501 0.000995 -133.767563
v -18.450001 0.001817 -134.454803
v -19.533333 0.002913 -135.371140
v -16.012501 -0.009082 -132.398560
v -16.825001 -0.007892 -133.085571
v -17.231251 -0.007297 -133.429077
v -17.637501 -0.006702 -133.772583
v -18.450001 -0.005512 -134.459579
v -19.533333 -0.003925 -135.375595
v -16.012501 -0.349558 -133.521255
v -16.825001 -0.333736 -134.159836
v -17.231251 -0.325825 -134.479126
v -17.637501 -0.317914 -134.798416
v -18.450001 -0.302093 -135.436996
v -19.533333 -0.280997 -136.288452
v -16.012501 -0.724976 -137.867950
v -16.012501 -0.746876 -138.499451
v -16.825001 -0.714061 -138.924606
v -16.012501 -0.770984 -139.470078
v -16.825001 -0.737139 -139.853653
v -17.231251 -0.720216 -140.045441
v -16.012501 -0.789223 -141.206650
v -16.825001 -0.754600 -141.515854
v -17.231251 -0.737288 -141.670456
v -17.637501 -0.719977 -141.825058
v -16.012501 -0.729380 -145.443466
v -16.825001 -0.697320 -145.571243
v -17.231251 -0.681289 -145.635132
v -17.637501 -0.665259 -145.699020
v -18.450001 -0.633198 -145.826797
v -16.012501 -0.624085 -147.843933
v -16.825001 -0.596528 -147.868912
v -17.231251 -0.582749 -147.881393
v -17.637501 -0.568970 -147.893875
v -18.450001 -0.541413 -147.918854
v -19.533333 -0.504670 -147.952148
v -16.012501 -0.463296 -150.117355
v -16.825001 -0.442619 -150.044937
v -17.231251 -0.432280 -150.008713
v -17.637501 -0.421941 -149.972504
v -18.450001 -0.401263 -149.900070
v -19.533333 -0.373692 -149.803513
v -19.533333 -0.624323 -141.132233
v -17.637501 -0.661218 -138.772354
v -18.450001 -0.648431 -139.774902
f 2182 2183 2184
f 2184 2183 2185
f 2185 2183 2186
f 2186 2183 2187
f 2186 2187 2188
f 2189 2190 2188
f 2188 2190 2191
f 2188 2191 2186
f 2190 2189 2192
f 2192 2189 2193
f 2192 2193 2194
f 2194 2193 2195
f 2194 2195 2196
f 2196 2195 2197
f 2196 2197 2198
f 2198 2197 2199
f 2198 2199 2200
f 2198 2200 2201
f 2201 2200 2202
f 2201 2202 2203
f 2203 2202 2204
f 2204 2202 2205
f 2204 2205 2206
f 2207 2208 2206
f 2206 2208 2209
f 2206 2209 2204
f 2208 2207 2210
f 2210 2207 2211
f 2210 2211 2212
f 2213 2214 2212
f 2212 2214 2215
f 2212 2215 2216
f 2216 2217 2212
f 2212 2217 2218
f 2212 2218 2219
f 2219 2220 2212
f 2212 2220 2210
f 2221 2222 2223
f 2223 2222 2224
f 2223 2224 2225
f 2223 2225 2226
f 2226 2225 2227
f 2226 2227 2228
f 2228 2227 2229
f 2228 2229 2230
f 2230 2229 2231
f 2230 2231 2232
f 2232 2231 2233
f 2232 2233 2234
f 2234 2233 2235
f 2234 2235 2236
f 2236 2235 2237
f 2236 2237 2238
f 2238 2237 2239
f 2238 2239 2240
f 2240 2239 2241
f 2240 2241 2242
f 2242 2241 2243
f 2242 2243 2244
f 2244 2243 2245
f 2244 2245 2246
f 2246 2245 2247
f 2246 2247 2248
f 2248 2247 2249
f 2248 2249 2250
f 2250 2249 2251
f 2250 2251 2252
f 2252 2251 2253
f 2252 2253 2254
f 2254 2253 2255
f 2255 2253 2256
f 2255 2256 2257
f 2255 2257 2258
f 2258 2257 2259
f 2258 2259 2260
f 2260 2259 2261
f 2261 2259 2262
f 2261 2262 2263
f 2263 2264 2261
f 2261 2264 2265
f 2261 2265 2266
f 2266 2267 2261
f 2261 2267 2268
f 2261 2268 2269
f 2221 2223 2270
f 2270 2223 2271
f 2270 2271 2272
f 2272 2271 2273
f 2272 2273 2274
f 2274 2273 2275
f 2274 2275 2276
f 2276 2275 2277
f 2276 2277 2278
f 2278 2277 2279
f 2278 2279 2280
f 2280 2279 2281
f 2280 2281 2282
f 2282 2281 2283
f 2282 2283 2284
f 2284 2283 2285
f 2284 2285 2286
f 2286 2285 2287
f 2286 2287 2288
f 2288 2287 2289
f 2288 2289 2290
f 2290 2289 2291
f 2290 2291 2292
f 2292 2291 2293
f 2292 2293 2294
f 2294 2293 2295
f 2294 2295 2296
f 2296 2295 2297
f 2296 2297 2298
f 2298 2297 2299
f 2298 2299 2300
f 2300 2299 2301
f 2300 2301 2302
f 2302 2301 2303
f 2302 2303 2304
f 2304 2303 2305
f 2304 2305 2306
f 2306 2305 2307
f 2306 2307 2308
f 2308 2307 2309
f 2308 2309 2310
f 2310 2309 2311
f 2310 2311 2312
f 2312 2311 2313
f 2312 2313 2314
f 2314 2313 2315
f 2314 2315 2316
f 2316 2315 2317
f 2316 2317 2318
f 2318 2317 2319
f 2318 2319 2320
f 2320 2319 2321
f 2320 2321 2322
f 2322 2321 2323
f 2322 2323 2324
f 2324 2323 2325
f 2324 2325 2326
f 2326 2325 2327
f 2326 2327 2328
f 2328 2327 2329
f 2328 2329 2330
f 2330 2329 2331
f 2330 2331 2332
f 2332 2331 2333
f 2332 2333 2334
f 2334 2333 2335
f 2334 2335 2336
f 2336 2335 2337
f 2336 2337 2338
f 2338 2337 2339
f 2338 2339 2340
f 2340 2339 2341
f 2340 2341 2342
f 2342 2341 2343
f 2342 2343 2344
f 2344 2343 2345
f 2344 2345 2346
f 2346 2345 2347
f 2346 2347 2348
f 2348 2347 2349
f 2348 2349 2350
f 2350 2349 2351
f 2350 2351 2352
f 2352 2351 2353
f 2352 2353 2354
f 2354 2353 2355
f 2354 2355 2356
f 2356 2355 2357
f 2356 2357 2358
f 2358 2357 2359
f 2358 2359 2360
f 2360 2359 2361
f 2360 2361 2362
f 2362 2361 2363
f 2362 2363 2364
f 2364 2363 2365
f 2364 2365 2366
f 2366 2365 2367
f 2366 2367 2368
f 2368 2367 2369
f 2368 2369 2370
f 2370 2369 2371
f 2370 2371 2372
f 2372 2371 2373
f 2372 2373 2374
f 2374 2373 2375
f 2374 2375 2376
f 2376 2375 2377
f 2376 2377 2378
f 2378 2377 2379
f 2378 2379 2380
f 2380 2379 2381
f 2380 2381 2382
f 2382 2381 2192
f 2382 2192 2194
f 2226 2383 2223
f 2223 2383 2384
f 2223 2384 2385
f 2385 2384 2386
f 2385 2386 2387
f 2387 2386 2388
f 2387 2388 2389
f 2389 2388 2390
f 2389 2390 2391
f 2391 2390 2392
f 2391 2392 2393
f 2393 2392 2394
f 2393 2394 2395
f 2395 2394 2396
f 2395 2396 2397
f 2397 2396 2398
f 2397 2398 2399
f 2399 2398 2400
f 2399 2400 2401
f 2401 2400 2402
f 2401 2402 2403
f 2403 2402 2404
f 2403 2404 2405
f 2405 2404 2406
f 2405 2406 2407
f 2407 2406 2408
f 2407 2408 2409
f 2409 2408 2410
f 2409 2410 2411
f 2411 2410 2412
f 2411 2412 2413
f 2413 2412 2414
f 2413 2414 2415
f 2415 2414 2416
f 2415 2416 2417
f 2417 2416 2418
f 2417 2418 2419
f 2419 2418 2420
f 2419 2420 2421
f 2421 2420 2422
f 2421 2422 2423
f 2423 2422 2424
f 2423 2424 2425
f 2425 2424 2426
f 2425 2426 2427
f 2427 2426 2428
f 2427 2428 2429
f 2429 2428 2430
f 2429 2430 2431
f 2431 2430 2432
f 2431 2432 2433
f 2433 2432 2434
f 2433 2434 2435
f 2435 2434 2436
f 2435 2436 2437
f 2437 2436 2438
f 2437 2438 2439
f 2439 2438 2440
f 2439 2440 2441
f 2441 2440 2442
f 2441 2442 2443
f 2443 2442 2444
f 2443 2444 2445
f 2445 2444 2446
f 2445 2446 2447
f 2447 2446 2448
f 2447 2448 2449
f 2449 2448 2450
f 2449 2450 2451
f 2451 2450 2452
f 2451 2452 2453
f 2453 2452 2454
f 2453 2454 2455
f 2455 2454 2456
f 2455 2456 2457
f 2457 2456 2458
f 2457 2458 2459
f 2459 2458 2460
f 2459 2460 2461
f 2461 2460 2462
f 2461 2462 2463
f 2463 2462 2464
f 2463 2464 2465
f 2465 2464 2466
f 2465 2466 2467
f 2467 2466 2468
f 2467 2468 2469
f 2469 2468 2470
f 2469 2470 2471
f 2471 2470 2472
f 2471 2472 2473
f 2473 2472 2474
f 2473 2474 2475
f 2475 2474 2476
f 2475 2476 2477
f 2477 2476 2478
f 2477 2478 2479
f 2479 2478 2480
f 2479 2480 2481
f 2481 2480 2222
f 2481 2222 2369
f 2383 2226 2482
f 2482 2226 2228
f 2482 2228 2483
f 2483 2228 2230
f 2483 2230 2232
f 2483 2232 2484
f 2484 2232 2234
f 2484 2234 2485
f 2485 2234 2486
f 2485 2486 2392
f 2392 2486 2394
f 2234 2236 2486
f 2486 2236 2487
f 2486 2487 2394
f 2394 2487 2396
f 2236 2238 2487
f 2487 2238 2240
f 2487 2240 2488
f 2488 2240 2242
f 2488 2242 2398
f 2398 2242 2400
f 2400 2242 2489
f 2489 2242 2244
f 2489 2244 2490
f 2490 2244 2246
f 2490 2246 2491
f 2491 2246 2492
f 2491 2492 2404
f 2404 2492 2406
f 2492 2246 2493
f 2493 2246 2248
f 2493 2248 2494
f 2494 2248 2250
f 2494 2250 2495
f 2495 2250 2252
f 2495 2252 2496
f 2496 2252 2497
f 2496 2497 2414
f 2414 2497 2416
f 2252 2254 2497
f 2497 2254 2255
f 2497 2255 2498
f 2498 2255 2499
f 2498 2499 2418
f 2418 2499 2420
f 2255 2258 2499
f 2499 2258 2500
f 2499 2500 2420
f 2420 2500 2422
f 2258 2260 2500
f 2500 2260 2501
f 2500 2501 2422
f 2422 2501 2424
f 2260 2261 2501
f 2501 2261 2502
f 2501 2502 2424
f 2424 2502 2426
f 2502 2261 2503
f 2503 2261 2269
f 2503 2269 2504
f 2504 2269 2268
f 2504 2268 2505
f 2505 2268 2267
f 2505 2267 2506
f 2506 2267 2266
f 2506 2266 2507
f 2507 2266 2265
f 2507 2265 2264
f 2507 2264 2508
f 2508 2264 2263
f 2508 2263 2509
f 2509 2263 2262
f 2509 2262 2510
f 2510 2262 2511
f 2510 2511 2442
f 2442 2511 2444
f 2262 2259 2511
f 2511 2259 2512
f 2511 2512 2444
f 2444 2512 2446
f 2259 2257 2512
f 2512 2257 2513
f 2512 2513 2446
f 2446 2513 2448
f 2257 2256 2513
f 2513 2256 2514
f 2513 2514 2448
f 2448 2514 2450
f 2514 2256 2515
f 2515 2256 2253
f 2515 2253 2516
f 2516 2253 2251
f 2516 2251 2517
f 2517 2251 2249
f 2517 2249 2518
f 2518 2249 2247
f 2518 2247 2519
f 2519 2247 2245
f 2519 2245 2520
f 2520 2245 2243
f 2520 2243 2521
f 2521 2243 2241
f 2521 2241 2522
f 2522 2241 2239
f 2522 2239 2523
f 2523 2239 2237
f 2523 2237 2524
f 2524 2237 2235
f 2524 2235 2233
f 2231 2525 2233
f 2233 2525 2526
f 2233 2526 2524
f 2524 2526 2470
f 2524 2470 2468
f 2525 2231 2527
f 2527 2231 2229
f 2527 2229 2227
f 2527 2227 2528
f 2528 2227 2225
f 2528 2225 2529
f 2529 2225 2224
f 2529 2224 2222
f 2184 2530 2369
f 2369 2530 2531
f 2369 2531 2532
f 2532 2531 2533
f 2532 2533 2373
f 2373 2533 2375
f 2185 2534 2184
f 2184 2534 2535
f 2184 2535 2530
f 2530 2535 2536
f 2530 2536 2537
f 2537 2536 2538
f 2537 2538 2539
f 2539 2538 2540
f 2539 2540 2377
f 2377 2540 2379
f 2534 2185 2541
f 2541 2185 2186
f 2541 2186 2542
f 2542 2186 2191
f 2542 2191 2543
f 2543 2191 2190
f 2543 2190 2544
f 2544 2190 2381
f 2544 2381 2379
f 2190 2192 2381
f 2382 2194 2545
f 2545 2194 2196
f 2545 2196 2546
f 2546 2196 2198
f 2546 2198 2547
f 2547 2198 2548
f 2547 2548 2549
f 2549 2548 2550
f 2549 2550 2551
f 2551 2550 2552
f 2551 2552 2553
f 2553 2552 2554
f 2553 2554 2555
f 2555 2554 2556
f 2555 2556 2557
f 2557 2556 2558
f 2557 2558 2559
f 2559 2558 2560
f 2559 2560 2350
f 2350 2560 2348
f 2198 2201 2548
f 2548 2201 2561
f 2548 2561 2550
f 2550 2561 2562
f 2550 2562 2552
f 2552 2562 2563
f 2552 2563 2554
f 2554 2563 2564
f 2554 2564 2556
f 2556 2564 2565
f 2556 2565 2558
f 2558 2565 2566
f 2558 2566 2560
f 2560 2566 2567
f 2560 2567 2348
f 2348 2567 2346
f 2201 2203 2561
f 2561 2203 2568
f 2561 2568 2562
f 2562 2568 2569
f 2562 2569 2563
f 2563 2569 2570
f 2563 2570 2564
f 2564 2570 2571
f 2564 2571 2565
f 2565 2571 2572
f 2565 2572 2566
f 2566 2572 2573
f 2566 2573 2567
f 2567 2573 2574
f 2567 2574 2346
f 2346 2574 2344
f 2203 2204 2568
f 2568 2204 2575
f 2568 2575 2569
f 2569 2575 2576
f 2569 2576 2570
f 2570 2576 2577
f 2570 2577 2571
f 2571 2577 2578
f 2571 2578 2572
f 2572 2578 2579
f 2572 2579 2573
f 2573 2579 2580
f 2573 2580 2574
f 2574 2580 2581
f 2574 2581 2344
f 2344 2581 2342
f 2575 2204 2582
f 2582 2204 2209
f 2582 2209 2583
f 2583 2209 2584
f 2583 2584 2585
f 2585 2584 2586
f 2585 2586 2587
f 2587 2586 2588
f 2587 2588 2589
f 2589 2588 2590
f 2589 2590 2591
f 2591 2590 2592
f 2591 2592 2593
f 2593 2592 2594
f 2593 2594 2595
f 2595 2594 2596
f 2595 2596 2338
f 2338 2596 2336
f 2209 2208 2584
f 2584 2208 2597
f 2584 2597 2586
f 2586 2597 2598
f 2586 2598 2588
f 2588 2598 2599
f 2588 2599 2590
f 2590 2599 2600
f 2590 2600 2592
f 2592 2600 2601
f 2592 2601 2594
f 2594 2601 2602
f 2594 2602 2596
f 2596 2602 2603
f 2596 2603 2336
f 2336 2603 2334
f 2208 2210 2597
f 2597 2210 2604
f 2597 2604 2598
f 2598 2604 2605
f 2598 2605 2599
f 2599 2605 2606
f 2599 2606 2600
f 2600 2606 2607
f 2600 2607 2601
f 2601 2607 2608
f 2601 2608 2602
f 2602 2608 2609
f 2602 2609 2603
f 2603 2609 2610
f 2603 2610 2334
f 2334 2610 2332
f 2210 2220 2604
f 2604 2220 2611
f 2604 2611 2605
f 2605 2611 2612
f 2605 2612 2606
f 2606 2612 2613
f 2606 2613 2607
f 2607 2613 2614
f 2607 2614 2608
f 2608 2614 2615
f 2608 2615 2609
f 2609 2615 2616
f 2609 2616 2610
f 2610 2616 2617
f 2610 2617 2332
f 2332 2617 2330
f 2611 2220 2618
f 2618 2220 2219
f 2618 2219 2619
f 2619 2219 2218
f 2619 2218 2620
f 2620 2218 2217
f 2620 2217 2216
f 2620 2216 2621
f 2621 2216 2215
f 2621 2215 2622
f 2622 2215 2214
f 2622 2214 2623
f 2623 2214 2213
f 2623 2213 2624
f 2624 2213 2212
f 2624 2212 2625
f 2625 2212 2626
f 2625 2626 2627
f 2627 2626 2628
f 2627 2628 2629
f 2629 2628 2630
f 2629 2630 2631
f 2631 2630 2632
f 2631 2632 2633
f 2633 2632 2634
f 2633 2634 2635
f 2635 2634 2636
f 2635 2636 2637
f 2637 2636 2638
f 2637 2638 2314
f 2314 2638 2312
f 2212 2211 2626
f 2626 2211 2639
f 2626 2639 2628
f 2628 2639 2640
f 2628 2640 2630
f 2630 2640 2641
f 2630 2641 2632
f 2632 2641 2642
f 2632 2642 2634
f 2634 2642 2643
f 2634 2643 2636
f 2636 2643 2644
f 2636 2644 2638
f 2638 2644 2645
f 2638 2645 2312
f 2312 2645 2310
f 2211 2207 2639
f 2639 2207 2646
f 2639 2646 2640
f 2640 2646 2647
f 2640 2647 2641
f 2641 2647 2648
f 2641 2648 2642
f 2642 2648 2649
f 2642 2649 2643
f 2643 2649 2650
f 2643 2650 2644
f 2644 2650 2651
f 2644 2651 2645
f 2645 2651 2652
f 2645 2652 2310
f 2310 2652 2308
f 2207 2206 2646
f 2646 2206 2653
f 2646 2653 2647
f 2647 2653 2654
f 2647 2654 2648
f 2648 2654 2655
f 2648 2655 2649
f 2649 2655 2656
f 2649 2656 2650
f 2650 2656 2657
f 2650 2657 2651
f 2651 2657 2658
f 2651 2658 2652
f 2652 2658 2659
f 2652 2659 2308
f 2308 2659 2306
f 2653 2206 2660
f 2660 2206 2205
f 2660 2205 2661
f 2661 2205 2662
f 2661 2662 2663
f 2663 2662 2664
f 2663 2664 2665
f 2665 2664 2666
f 2665 2666 2667
f 2667 2666 2668
f 2667 2668 2669
f 2669 2668 2670
f 2669 2670 2671
f 2671 2670 2672
f 2671 2672 2673
f 2673 2672 2674
f 2673 2674 2302
f 2302 2674 2300
f 2205 2202 2662
f 2662 2202 2675
f 2662 2675 2664
f 2664 2675 2676
f 2664 2676 2666
f 2666 2676 2677
f 2666 2677 2668
f 2668 2677 2678
f 2668 2678 2670
f 2670 2678 2679
f 2670 2679 2672
f 2672 2679 2680
f 2672 2680 2674
f 2674 2680 2681
f 2674 2681 2300
f 2300 2681 2298
f 2202 2200 2675
f 2675 2200 2682
f 2675 2682 2676
f 2676 2682 2683
f 2676 2683 2677
f 2677 2683 2684
f 2677 2684 2678
f 2678 2684 2685
f 2678 2685 2679
f 2679 2685 2686
f 2679 2686 2680
f 2680 2686 2687
f 2680 2687 2681
f 2681 2687 2688
f 2681 2688 2298
f 2298 2688 2296
f 2199 2689 2200
f 2200 2689 2690
f 2200 2690 2682
f 2682 2690 2683
f 2197 2691 2199
f 2199 2691 2692
f 2199 2692 2689
f 2689 2692 2693
f 2689 2693 2694
f 2694 2693 2695
f 2694 2695 2684
f 2684 2695 2685
f 2195 2696 2197
f 2197 2696 2697
f 2197 2697 2698
f 2698 2697 2699
f 2698 2699 2700
f 2700 2699 2701
f 2700 2701 2702
f 2702 2701 2703
f 2702 2703 2704
f 2704 2703 2705
f 2704 2705 2687
f 2687 2705 2688
f 2696 2195 2706
f 2706 2195 2193
f 2706 2193 2707
f 2707 2193 2189
f 2707 2189 2708
f 2708 2189 2709
f 2708 2709 2710
f 2710 2709 2711
f 2710 2711 2712
f 2712 2711 2713
f 2712 2713 2714
f 2714 2713 2715
f 2714 2715 2716
f 2716 2715 2717
f 2716 2717 2718
f 2718 2717 2719
f 2718 2719 2720
f 2720 2719 2721
f 2720 2721 2280
f 2280 2721 2278
f 2189 2188 2709
f 2709 2188 2722
f 2709 2722 2711
f 2711 2722 2723
f 2711 2723 2713
f 2713 2723 2724
f 2713 2724 2715
f 2715 2724 2725
f 2715 2725 2717
f 2717 2725 2726
f 2717 2726 2719
f 2719 2726 2727
f 2719 2727 2721
f 2721 2727 2728
f 2721 2728 2278
f 2278 2728 2276
f 2188 2187 2722
f 2722 2187 2729
f 2722 2729 2723
f 2723 2729 2730
f 2723 2730 2724
f 2724 2730 2731
f 2724 2731 2725
f 2725 2731 2732
f 2725 2732 2726
f 2726 2732 2733
f 2726 2733 2727
f 2727 2733 2734
f 2727 2734 2728
f 2728 2734 2735
f 2728 2735 2276
f 2276 2735 2274
f 2187 2183 2729
f 2729 2183 2736
f 2729 2736 2730
f 2730 2736 2737
f 2730 2737 2731
f 2731 2737 2738
f 2731 2738 2732
f 2732 2738 2739
f 2732 2739 2733
f 2733 2739 2740
f 2733 2740 2734
f 2734 2740 2741
f 2734 2741 2735
f 2735 2741 2742
f 2735 2742 2274
f 2274 2742 2272
f 2183 2182 2736
f 2736 2182 2270
f 2736 2270 2737
f 2737 2270 2738
f 2223 2743 2271
f 2271 2743 2744
f 2271 2744 2273
f 2273 2744 2745
f 2273 2745 2275
f 2275 2745 2746
f 2275 2746 2277
f 2277 2746 2747
f 2277 2747 2279
f 2279 2747 2748
f 2279 2748 2281
f 2281 2748 2749
f 2281 2749 2283
f 2283 2749 2750
f 2283 2750 2285
f 2285 2750 2751
f 2285 2751 2287
f 2287 2751 2752
f 2287 2752 2289
f 2289 2752 2753
f 2289 2753 2291
f 2291 2753 2754
f 2291 2754 2293
f 2293 2754 2755
f 2293 2755 2295
f 2295 2755 2756
f 2295 2756 2297
f 2297 2756 2757
f 2297 2757 2299
f 2299 2757 2758
f 2299 2758 2301
f 2301 2758 2759
f 2301 2759 2303
f 2303 2759 2760
f 2303 2760 2305
f 2305 2760 2761
f 2305 2761 2307
f 2307 2761 2762
f 2307 2762 2309
f 2309 2762 2763
f 2309 2763 2311
f 2311 2763 2764
f 2311 2764 2313
f 2313 2764 2765
f 2313 2765 2315
f 2315 2765 2766
f 2315 2766 2317
f 2317 2766 2767
f 2317 2767 2319
f 2319 2767 2768
f 2319 2768 2321
f 2321 2768 2769
f 2321 2769 2323
f 2323 2769 2770
f 2323 2770 2325
f 2325 2770 2771
f 2325 2771 2327
f 2327 2771 2772
f 2327 2772 2329
f 2329 2772 2773
f 2329 2773 2331
f 2331 2773 2774
f 2331 2774 2333
f 2333 2774 2775
f 2333 2775 2335
f 2335 2775 2776
f 2335 2776 2337
f 2337 2776 2777
f 2337 2777 2339
f 2339 2777 2778
f 2339 2778 2341
f 2341 2778 2779
f 2341 2779 2343
f 2343 2779 2780
f 2343 2780 2345
f 2345 2780 2781
f 2345 2781 2347
f 2347 2781 2782
f 2347 2782 2349
f 2349 2782 2783
f 2349 2783 2351
f 2351 2783 2784
f 2351 2784 2353
f 2353 2784 2785
f 2353 2785 2355
f 2355 2785 2786
f 2355 2786 2357
f 2357 2786 2787
f 2357 2787 2359
f 2359 2787 2788
f 2359 2788 2361
f 2361 2788 2789
f 2361 2789 2363
f 2363 2789 2790
f 2363 2790 2365
f 2365 2790 2791
f 2365 2791 2367
f 2367 2791 2369
f 2529 2222 2480
f 2481 2369 2791
f 2272 2742 2270
f 2270 2742 2741
f 2270 2741 2740
f 2740 2739 2270
f 2270 2739 2738
f 2371 2369 2532
f 2480 2478 2529
f 2529 2478 2528
f 2478 2476 2528
f 2528 2476 2527
f 2476 2474 2527
f 2527 2474 2525
f 2474 2472 2525
f 2525 2472 2526
f 2472 2470 2526
f 2524 2468 2523
f 2523 2468 2466
f 2523 2466 2522
f 2522 2466 2464
f 2522 2464 2521
f 2521 2464 2462
f 2521 2462 2520
f 2520 2462 2460
f 2520 2460 2519
f 2519 2460 2458
f 2519 2458 2518
f 2518 2458 2456
f 2518 2456 2517
f 2517 2456 2454
f 2517 2454 2516
f 2516 2454 2452
f 2516 2452 2515
f 2515 2452 2450
f 2515 2450 2514
f 2442 2440 2510
f 2510 2440 2509
f 2440 2438 2509
f 2509 2438 2508
f 2438 2436 2508
f 2508 2436 2507
f 2436 2434 2507
f 2507 2434 2506
f 2434 2432 2506
f 2506 2432 2505
f 2432 2430 2505
f 2505 2430 2504
f 2426 2502 2503
f 2430 2428 2504
f 2504 2428 2503
f 2428 2426 2503
f 2416 2497 2498
f 2416 2498 2418
f 2414 2412 2496
f 2496 2412 2495
f 2412 2410 2495
f 2495 2410 2494
f 2406 2492 2493
f 2410 2408 2494
f 2494 2408 2493
f 2408 2406 2493
f 2400 2489 2490
f 2404 2402 2491
f 2491 2402 2490
f 2402 2400 2490
f 2396 2487 2488
f 2398 2396 2488
f 2392 2390 2485
f 2485 2390 2484
f 2390 2388 2484
f 2484 2388 2483
f 2384 2383 2482
f 2388 2386 2483
f 2483 2386 2482
f 2743 2223 2385
f 2386 2384 2482
f 2366 2368 2792
f 2792 2368 2370
f 2792 2370 2372
f 2364 2366 2793
f 2793 2366 2792
f 2793 2792 2794
f 2794 2792 2372
f 2794 2372 2374
f 2362 2364 2795
f 2795 2364 2793
f 2795 2793 2796
f 2796 2793 2794
f 2796 2794 2797
f 2797 2794 2374
f 2797 2374 2376
f 2360 2362 2798
f 2798 2362 2795
f 2798 2795 2799
f 2799 2795 2796
f 2799 2796 2800
f 2800 2796 2797
f 2800 2797 2801
f 2801 2797 2376
f 2801 2376 2378
f 2358 2360 2802
f 2802 2360 2798
f 2802 2798 2803
f 2803 2798 2799
f 2803 2799 2804
f 2804 2799 2800
f 2804 2800 2805
f 2805 2800 2801
f 2805 2801 2806
f 2806 2801 2378
f 2806 2378 2380
f 2356 2358 2807
f 2807 2358 2802
f 2807 2802 2808
f 2808 2802 2803
f 2808 2803 2809
f 2809 2803 2804
f 2809 2804 2810
f 2810 2804 2805
f 2810 2805 2811
f 2811 2805 2806
f 2811 2806 2812
f 2812 2806 2380
f 2812 2380 2382
f 2354 2356 2813
f 2813 2356 2807
f 2813 2807 2814
f 2814 2807 2808
f 2814 2808 2815
f 2815 2808 2809
f 2815 2809 2816
f 2816 2809 2810
f 2816 2810 2817
f 2817 2810 2811
f 2817 2811 2818
f 2818 2811 2812
f 2818 2812 2545
f 2545 2812 2382
f 2352 2354 2819
f 2819 2354 2813
f 2819 2813 2820
f 2820 2813 2814
f 2820 2814 2821
f 2821 2814 2815
f 2821 2815 2822
f 2822 2815 2816
f 2822 2816 2823
f 2823 2816 2817
f 2823 2817 2824
f 2824 2817 2818
f 2824 2818 2546
f 2546 2818 2545
f 2350 2352 2559
f 2559 2352 2819
f 2559 2819 2557
f 2557 2819 2820
f 2557 2820 2555
f 2555 2820 2821
f 2555 2821 2553
f 2553 2821 2822
f 2553 2822 2551
f 2551 2822 2823
f 2551 2823 2549
f 2549 2823 2824
f 2549 2824 2547
f 2547 2824 2546
f 2340 2342 2825
f 2825 2342 2581
f 2825 2581 2826
f 2826 2581 2580
f 2826 2580 2827
f 2827 2580 2579
f 2827 2579 2828
f 2828 2579 2578
f 2828 2578 2829
f 2829 2578 2577
f 2829 2577 2830
f 2830 2577 2576
f 2830 2576 2582
f 2582 2576 2575
f 2338 2340 2595
f 2595 2340 2825
f 2595 2825 2593
f 2593 2825 2826
f 2593 2826 2591
f 2591 2826 2827
f 2591 2827 2589
f 2589 2827 2828
f 2589 2828 2587
f 2587 2828 2829
f 2587 2829 2585
f 2585 2829 2830
f 2585 2830 2583
f 2583 2830 2582
f 2328 2330 2831
f 2831 2330 2617
f 2831 2617 2832
f 2832 2617 2616
f 2832 2616 2833
f 2833 2616 2615
f 2833 2615 2834
f 2834 2615 2614
f 2834 2614 2835
f 2835 2614 2613
f 2835 2613 2836
f 2836 2613 2612
f 2836 2612 2618
f 2618 2612 2611
f 2326 2328 2837
f 2837 2328 2831
f 2837 2831 2838
f 2838 2831 2832
f 2838 2832 2839
f 2839 2832 2833
f 2839 2833 2840
f 2840 2833 2834
f 2840 2834 2841
f 2841 2834 2835
f 2841 2835 2842
f 2842 2835 2836
f 2842 2836 2619
f 2619 2836 2618
f 2324 2326 2843
f 2843 2326 2837
f 2843 2837 2844
f 2844 2837 2838
f 2844 2838 2845
f 2845 2838 2839
f 2845 2839 2846
f 2846 2839 2840
f 2846 2840 2847
f 2847 2840 2841
f 2847 2841 2848
f 2848 2841 2842
f 2848 2842 2620
f 2620 2842 2619
f 2322 2324 2849
f 2849 2324 2843
f 2849 2843 2850
f 2850 2843 2844
f 2850 2844 2851
f 2851 2844 2845
f 2851 2845 2852
f 2852 2845 2846
f 2852 2846 2853
f 2853 2846 2847
f 2853 2847 2854
f 2854 2847 2848
f 2854 2848 2621
f 2621 2848 2620
f 2320 2322 2855
f 2855 2322 2849
f 2855 2849 2856
f 2856 2849 2850
f 2856 2850 2857
f 2857 2850 2851
f 2857 2851 2858
f 2858 2851 2852
f 2858 2852 2859
f 2859 2852 2853
f 2859 2853 2860
f 2860 2853 2854
f 2860 2854 2622
f 2622 2854 2621
f 2318 2320 2861
f 2861 2320 2855
f 2861 2855 2862
f 2862 2855 2856
f 2862 2856 2863
f 2863 2856 2857
f 2863 2857 2864
f 2864 2857 2858
f 2864 2858 2865
f 2865 2858 2859
f 2865 2859 2866
f 2866 2859 2860
f 2866 2860 2623
f 2623 2860 2622
f 2316 2318 2867
f 2867 2318 2861
f 2867 2861 2868
f 2868 2861 2862
f 2868 2862 2869
f 2869 2862 2863
f 2869 2863 2870
f 2870 2863 2864
f 2870 2864 2871
f 2871 2864 2865
f 2871 2865 2872
f 2872 2865 2866
f 2872 2866 2624
f 2624 2866 2623
f 2314 2316 2637
f 2637 2316 2867
f 2637 2867 2635
f 2635 2867 2868
f 2635 2868 2633
f 2633 2868 2869
f 2633 2869 2631
f 2631 2869 2870
f 2631 2870 2629
f 2629 2870 2871
f 2629 2871 2627
f 2627 2871 2872
f 2627 2872 2625
f 2625 2872 2624
f 2304 2306 2873
f 2873 2306 2659
f 2873 2659 2874
f 2874 2659 2658
f 2874 2658 2875
f 2875 2658 2657
f 2875 2657 2876
f 2876 2657 2656
f 2876 2656 2877
f 2877 2656 2655
f 2877 2655 2878
f 2878 2655 2654
f 2878 2654 2660
f 2660 2654 2653
f 2302 2304 2673
f 2673 2304 2873
f 2673 2873 2671
f 2671 2873 2874
f 2671 2874 2669
f 2669 2874 2875
f 2669 2875 2667
f 2667 2875 2876
f 2667 2876 2665
f 2665 2876 2877
f 2665 2877 2663
f 2663 2877 2878
f 2663 2878 2661
f 2661 2878 2660
f 2294 2296 2879
f 2879 2296 2688
f 2879 2688 2705
f 2292 2294 2880
f 2880 2294 2879
f 2880 2879 2881
f 2881 2879 2705
f 2881 2705 2703
f 2290 2292 2882
f 2882 2292 2880
f 2882 2880 2883
f 2883 2880 2881
f 2883 2881 2884
f 2884 2881 2703
f 2884 2703 2701
f 2288 2290 2885
f 2885 2290 2882
f 2885 2882 2886
f 2886 2882 2883
f 2886 2883 2887
f 2887 2883 2884
f 2887 2884 2888
f 2888 2884 2701
f 2888 2701 2699
f 2286 2288 2889
f 2889 2288 2885
f 2889 2885 2890
f 2890 2885 2886
f 2890 2886 2891
f 2891 2886 2887
f 2891 2887 2892
f 2892 2887 2888
f 2892 2888 2893
f 2893 2888 2699
f 2893 2699 2697
f 2284 2286 2894
f 2894 2286 2889
f 2894 2889 2895
f 2895 2889 2890
f 2895 2890 2896
f 2896 2890 2891
f 2896 2891 2897
f 2897 2891 2892
f 2897 2892 2898
f 2898 2892 2893
f 2898 2893 2899
f 2899 2893 2697
f 2899 2697 2706
f 2706 2697 2696
f 2282 2284 2900
f 2900 2284 2894
f 2900 2894 2901
f 2901 2894 2895
f 2901 2895 2902
f 2902 2895 2896
f 2902 2896 2903
f 2903 2896 2897
f 2903 2897 2904
f 2904 2897 2898
f 2904 2898 2905
f 2905 2898 2899
f 2905 2899 2707
f 2707 2899 2706
f 2280 2282 2720
f 2720 2282 2900
f 2720 2900 2718
f 2718 2900 2901
f 2718 2901 2716
f 2716 2901 2902
f 2716 2902 2714
f 2714 2902 2903
f 2714 2903 2712
f 2712 2903 2904
f 2712 2904 2710
f 2710 2904 2905
f 2710 2905 2708
f 2708 2905 2707
f 2197 2698 2691
f 2691 2698 2906
f 2691 2906 2692
f 2692 2906 2693
f 2683 2690 2694
f 2694 2690 2689
f 2379 2540 2544
f 2544 2540 2543
f 2540 2538 2543
f 2543 2538 2542
f 2535 2534 2541
f 2538 2536 2542
f 2542 2536 2541
f 2536 2535 2541
f 2791 2790 2481
f 2481 2790 2479
f 2790 2789 2479
f 2479 2789 2477
f 2789 2788 2477
f 2477 2788 2475
f 2788 2787 2475
f 2475 2787 2473
f 2787 2786 2473
f 2473 2786 2471
f 2786 2785 2471
f 2471 2785 2469
f 2785 2784 2469
f 2469 2784 2467
f 2784 2783 2467
f 2467 2783 2465
f 2783 2782 2465
f 2465 2782 2463
f 2782 2781 2463
f 2463 2781 2461
f 2781 2780 2461
f 2461 2780 2459
f 2780 2779 2459
f 2459 2779 2457
f 2779 2778 2457
f 2457 2778 2455
f 2778 2777 2455
f 2455 2777 2453
f 2777 2776 2453
f 2453 2776 2451
f 2776 2775 2451
f 2451 2775 2449
f 2775 2774 2449
f 2449 2774 2447
f 2774 2773 2447
f 2447 2773 2445
f 2773 2772 2445
f 2445 2772 2443
f 2772 2771 2443
f 2443 2771 2441
f 2771 2770 2441
f 2441 2770 2439
f 2770 2769 2439
f 2439 2769 2437
f 2769 2768 2437
f 2437 2768 2435
f 2768 2767 2435
f 2435 2767 2433
f 2767 2766 2433
f 2433 2766 2431
f 2766 2765 2431
f 2431 2765 2429
f 2765 2764 2429
f 2429 2764 2427
f 2764 2763 2427
f 2427 2763 2425
f 2763 2762 2425
f 2425 2762 2423
f 2762 2761 2423
f 2423 2761 2421
f 2761 2760 2421
f 2421 2760 2419
f 2760 2759 2419
f 2419 2759 2417
f 2759 2758 2417
f 2417 2758 2415
f 2758 2757 2415
f 2415 2757 2413
f 2757 2756 2413
f 2413 2756 2411
f 2756 2755 2411
f 2411 2755 2409
f 2755 2754 2409
f 2409 2754 2407
f 2754 2753 2407
f 2407 2753 2405
f 2753 2752 2405
f 2405 2752 2403
f 2752 2751 2403
f 2403 2751 2401
f 2751 2750 2401
f 2401 2750 2399
f 2750 2749 2399
f 2399 2749 2397
f 2749 2748 2397
f 2397 2748 2395
f 2748 2747 2395
f 2395 2747 2393
f 2747 2746 2393
f 2393 2746 2391
f 2746 2745 2391
f 2391 2745 2389
f 2743 2385 2387
f 2745 2744 2389
f 2389 2744 2387
f 2744 2743 2387
f 2532 2373 2371
f 2704 2687 2686
f 2704 2686 2907
f 2907 2686 2685
f 2907 2685 2695
f 2530 2537 2531
f 2531 2537 2533
f 2537 2539 2533
f 2533 2539 2375
f 2539 2377 2375
f 2704 2907 2702
f 2702 2907 2908
f 2702 2908 2700
f 2700 2908 2906
f 2700 2906 2698
f 2908 2907 2695
f 2694 2684 2683
f 2906 2908 2693
f 2693 2908 2695
f 2222 2221 2369
f 2369 2221 2270
f 2369 2270 2184
f 2184 2270 2182
g Body1

v -8.113777 -2.174080 -44.000000
v -8.113777 -2.174080 -54.545456
v -8.400000 0.000000 -44.000000
v -8.400000 0.000000 -54.545456
v -8.113777 2.174080 -44.000000
v -8.113777 2.174080 -54.545456
v -7.274613 4.200000 -44.000000
v -7.274613 4.200000 -54.545456
v -5.939697 5.939697 -44.000000
v -5.939697 5.939697 -54.545456
v -4.200000 7.274613 -44.000000
v -4.200000 7.274613 -54.545456
v -2.174080 8.113777 -44.000000
v -2.174080 8.113777 -54.545456
v 0.000000 8.400000 -44.000000
v 0.000000 8.400000 -54.545456
v 2.174080 8.113777 -44.000000
v 2.174080 8.113777 -54.545456
v 4.200000 7.274613 -44.000000
v 4.200000 7.274613 -54.545456
v 5.939697 5.939697 -44.000000
v 5.939697 5.939697 -54.545456
v 7.274613 4.200000 -44.000000
v 7.274613 4.200000 -54.545456
v 8.113777 2.174080 -44.000000
v 8.113777 2.174080 -54.545456
v 8.400000 0.000000 -44.000000
v 8.400000 0.000000 -54.545456
v 8.113777 -2.174080 -44.000000
v 8.113777 -2.174080 -54.545456
v 7.274613 -4.200000 -44.000000
v 7.274613 -4.200000 -54.545456
v 5.939697 -5.939697 -44.000000
v 5.939697 -5.939697 -54.545456
v 4.200000 -7.274613 -44.000000
v 4.200000 -7.274613 -54.545456
v 2.174080 -8.113777 -44.000000
v 2.174080 -8.113777 -54.545456
v 0.000000 -8.400000 -44.000000
v 0.000000 -8.400000 -54.545456
v -2.174080 -8.113777 -44.000000
v -2.174080 -8.113777 -54.545456
v -4.200000 -7.274613 -44.000000
v -4.200000 -7.274613 -54.545456
v -5.939697 -5.939697 -44.000000
v -5.939697 -5.939697 -54.545456
v -7.274613 -4.200000 -44.000000
v -7.274613 -4.200000 -54.545456
v -8.113777 2.174080 -160.000000
v -8.113777 2.174080 -149.454544
v -8.400000 0.000000 -160.000000
v -8.400000 0.000000 -149.454544
v -8.113777 -2.174080 -160.000000
v -8.113777 -2.174080 -149.454544
v -7.274613 -4.200000 -160.000000
v -7.274613 -4.200000 -149.454544
v -5.939697 -5.939697 -160.000000
v -5.939697 -5.939697 -149.454544
v -4.200000 -7.274613 -160.000000
v -4.200000 -7.274613 -149.454544
v -2.174080 -8.113777 -160.000000
v -2.174080 -8.113777 -149.454544
v 0.000000 -8.400000 -160.000000
v 0.000000 -8.400000 -149.454544
v 2.174080 -8.113777 -160.000000
v 2.174080 -8.113777 -149.454544
v 4.200000 -7.274613 -160.000000
v 4.200000 -7.274613 -149.454544
v 5.939697 -5.939697 -160.000000
v 5.939697 -5.939697 -149.454544
v 7.274613 -4.200000 -160.000000
v 7.274613 -4.200000 -149.454544
v 8.113777 -2.174080 -160.000000
v 8.113777 -2.174080 -149.454544
v 8.400000 0.000000 -160.000000
v 8.400000 0.000000 -149.454544
v 8.113777 2.174080 -160.000000
v 8.113777 2.174080 -149.454544
v 7.274613 4.200000 -160.000000
v 7.274613 4.200000 -149.454544
v 5.939697 5.939697 -160.000000
v 5.939697 5.939697 -149.454544
v 4.200000 7.274613 -160.000000
v 4.200000 7.274613 -149.454544
v 2.174080 8.113777 -160.000000
v 2.174080 8.113777 -149.454544
v 0.000000 8.400000 -160.000000
v 0.000000 8.400000 -149.454544
v -2.174080 8.113777 -160.000000
v -2.174080 8.113777 -149.454544
v -4.200000 7.274613 -160.000000
v -4.200000 7.274613 -149.454544
v -5.939697 5.939697 -160.000000
v -5.939697 5.939697 -149.454544
v -7.274613 4.200000 -160.000000
v -7.274613 4.200000 -149.454544
v -8.400000 0.000000 -65.090912
v -8.113777 2.174080 -65.090912
v -7.274613 4.200000 -65.090912
v -5.939697 5.939697 -65.090912
v -4.200000 7.274613 -65.090912
v -2.174080 8.113777 -65.090912
v 0.000000 8.400000 -65.090912
v 2.174080 8.113777 -65.090912
v 4.200000 7.274613 -65.090912
v 5.939697 5.939697 -65.090912
v 7.274613 4.200000 -65.090912
v 8.113777 2.174080 -65.090912
v 8.400000 0.000000 -65.090912
v 8.113777 -2.174080 -65.090912
v 7.274613 -4.200000 -65.090912
v 5.939697 -5.939697 -65.090912
v 4.200000 -7.274613 -65.090912
v 2.174080 -8.113777 -65.090912
v 0.000000 -8.400000 -65.090912
v -2.174080 -8.113777 -65.090912
v -4.200000 -7.274613 -65.090912
v -5.939697 -5.939697 -65.090912
v -7.274613 -4.200000 -65.090912
v -8.113777 -2.174080 -65.090912
v -8.400000 0.000000 -75.636368
v -8.113777 2.174080 -75.636368
v -7.274613 4.200000 -75.636368
v -5.939697 5.939697 -75.636368
v -4.200000 7.274613 -75.636368
v -2.174080 8.113777 -75.636368
v 0.000000 8.400000 -75.636368
v 2.174080 8.113777 -75.636368
v 4.200000 7.274613 -75.636368
v 5.939697 5.939697 -75.636368
v 7.274613 4.200000 -75.636368
v 8.113777 2.174080 -75.636368
v 8.400000 0.000000 -75.636368
v 8.113777 -2.174080 -75.636368
v 7.274613 -4.200000 -75.636368
v 5.939697 -5.939697 -75.636368
v 4.200000 -7.274613 -75.636368
v 2.174080 -8.113777 -75.636368
v 0.000000 -8.400000 -75.636368
v -2.174080 -8.113777 -75.636368
v -4.200000 -7.274613 -75.636368
v -5.939697 -5.939697 -75.636368
v -7.274613 -4.200000 -75.636368
v -8.113777 -2.174080 -75.636368
v -8.400000 0.000000 -86.181816
v -8.113777 2.174080 -86.181816
v -7.274613 4.200000 -86.181816
v -5.939697 5.939697 -86.181816
v -4.200000 7.274613 -86.181816
v -2.174080 8.113777 -86.181816
v 0.000000 8.400000 -86.181816
v 2.174080 8.113777 -86.181816
v 4.200000 7.274613 -86.181816
v 5.939697 5.939697 -86.181816
v 7.274613 4.200000 -86.181816
v 8.113777 2.174080 -86.181816
v 8.400000 0.000000 -86.181816
v 8.113777 -2.174080 -86.181816
v 7.274613 -4.200000 -86.181816
v 5.939697 -5.939697 -86.181816
v 4.200000 -7.274613 -86.181816
v 2.174080 -8.113777 -86.181816
v 0.000000 -8.400000 -86.181816
v -2.174080 -8.113777 -86.181816
v -4.200000 -7.274613 -86.181816
v -5.939697 -5.939697 -86.181816
v -7.274613 -4.200000 -86.181816
v -8.113777 -2.174080 -86.181816
v -8.400000 0.000000 -96.727272
v -8.113777 2.174080 -96.727272
v -7.274613 4.200000 -96.727272
v -5.939697 5.939697 -96.727272
v -4.200000 7.274613 -96.727272
v -2.174080 8.113777 -96.727272
v 0.000000 8.400000 -96.727272
v 2.174080 8.113777 -96.727272
v 4.200000 7.274613 -96.727272
v 5.939697 5.939697 -96.727272
v 7.274613 4.200000 -96.727272
v 8.113777 2.174080 -96.727272
v 8.400000 0.000000 -96.727272
v 8.113777 -2.174080 -96.727272
v 7.274613 -4.200000 -96.727272
v 5.939697 -5.939697 -96.727272
v 4.200000 -7.274613 -96.727272
v 2.174080 -8.113777 -96.727272
v 0.000000 -8.400000 -96.727272
v -2.174080 -8.113777 -96.727272
v -4.200000 -7.274613 -96.727272
v -5.939697 -5.939697 -96.727272
v -7.274613 -4.200000 -96.727272
v -8.113777 -2.174080 -96.727272
v -8.400000 0.000000 -107.272728
v -8.113777 2.174080 -107.272728
v -7.274613 4.200000 -107.272728
v -5.939697 5.939697 -107.272728
v -4.200000 7.274613 -107.272728
v -2.174080 8.113777 -107.272728
v 0.000000 8.400000 -107.272728
v 2.174080 8.113777 -107.272728
v 4.200000 7.274613 -107.272728
v 5.939697 5.939697 -107.272728
v 7.274613 4.200000 -107.272728
v 8.113777 2.174080 -107.272728
v 8.400000 0.000000 -107.272728
v 8.113777 -2.174080 -107.272728
v 7.274613 -4.200000 -107.272728
v 5.939697 -5.939697 -107.272728
v 4.200000 -7.274613 -107.272728
v 2.174080 -8.113777 -107.272728
v 0.000000 -8.400000 -107.272728
v -2.174080 -8.113777 -107.272728
v -4.200000 -7.274613 -107.272728
v -5.939697 -5.939697 -107.272728
v -7.274613 -4.200000 -107.272728
v -8.113777 -2.174080 -107.272728
v -8.400000 0.000000 -117.818184
v -8.113777 2.174080 -117.818184
v -7.274613 4.200000 -117.818184
v -5.939697 5.939697 -117.818184
v -4.200000 7.274613 -117.818184
v -2.174080 8.113777 -117.818184
v 0.000000 8.400000 -117.818184
v 2.174080 8.113777 -117.818184
v 4.200000 7.274613 -117.818184
v 5.939697 5.939697 -117.818184
v 7.274613 4.200000 -117.818184
v 8.113777 2.174080 -117.818184
v 8.400000 0.000000 -117.818184
v 8.113777 -2.174080 -117.818184
v 7.274613 -4.200000 -117.818184
v 5.939697 -5.939697 -117.818184
v 4.200000 -7.274613 -117.818184
v 2.174080 -8.113777 -117.818184
v 0.000000 -8.400000 -117.818184
v -2.174080 -8.113777 -117.818184
v -4.200000 -7.274613 -117.818184
v -5.939697 -5.939697 -117.818184
v -7.274613 -4.200000 -117.818184
v -8.113777 -2.174080 -117.818184
v -8.400000 0.000000 -128.363632
v -8.113777 2.174080 -128.363632
v -7.274613 4.200000 -128.363632
v -5.939697 5.939697 -128.363632
v -4.200000 7.274613 -128.363632
v -2.174080 8.113777 -128.363632
v 0.000000 8.400000 -128.363632
v 2.174080 8.113777 -128.363632
v 4.200000 7.274613 -128.363632
v 5.939697 5.939697 -128.363632
v 7.274613 4.200000 -128.363632
v 8.113777 2.174080 -128.363632
v 8.400000 0.000000 -128.363632
v 8.113777 -2.174080 -128.363632
v 7.274613 -4.200000 -128.363632
v 5.939697 -5.939697 -128.363632
v 4.200000 -7.274613 -128.363632
v 2.174080 -8.113777 -128.363632
v 0.000000 -8.400000 -128.363632
v -2.174080 -8.113777 -128.363632
v -4.200000 -7.274613 -128.363632
v -5.939697 -5.939697 -128.363632
v -7.274613 -4.200000 -128.363632
v -8.113777 -2.174080 -128.363632
v -8.400000 0.000000 -138.909088
v -8.113777 2.174080 -138.909088
v -7.274613 4.200000 -138.909088
v -5.939697 5.939697 -138.909088
v -4.200000 7.274613 -138.909088
v -2.174080 8.113777 -138.909088
v 0.000000 8.400000 -138.909088
v 2.174080 8.113777 -138.909088
v 4.200000 7.274613 -138.909088
v 5.939697 5.939697 -138.909088
v 7.274613 4.200000 -138.909088
v 8.113777 2.174080 -138.909088
v 8.400000 0.000000 -138.909088
v 8.113777 -2.174080 -138.909088
v 7.274613 -4.200000 -138.909088
v 5.939697 -5.939697 -138.909088
v 4.200000 -7.274613 -138.909088
v 2.174080 -8.113777 -138.909088
v 0.000000 -8.400000 -138.909088
v -2.174080 -8.113777 -138.909088
v -4.200000 -7.274613 -138.909088
v -5.939697 -5.939697 -138.909088
v -7.274613 -4.200000 -138.909088
v -8.113777 -2.174080 -138.909088
v -8.403555 2.251726 -44.000000
v -8.403555 2.251726 -54.545456
v -8.700000 0.000000 -44.000000
v -8.700000 0.000000 -54.545456
v -8.403555 -2.251726 -44.000000
v -8.403555 -2.251726 -54.545456
v -7.534421 -4.350000 -44.000000
v -7.534421 -4.350000 -54.545456
v -6.151829 -6.151829 -44.000000
v -6.151829 -6.151829 -54.545456
v -4.350000 -7.534421 -44.000000
v -4.350000 -7.534421 -54.545456
v -2.251726 -8.403555 -44.000000
v -2.251726 -8.403555 -54.545456
v 0.000000 -8.700000 -44.000000
v 0.000000 -8.700000 -54.545456
v 2.251726 -8.403555 -44.000000
v 2.251726 -8.403555 -54.545456
v 4.350000 -7.534421 -44.000000
v 4.350000 -7.534421 -54.545456
v 6.151829 -6.151829 -44.000000
v 6.151829 -6.151829 -54.545456
v 7.534421 -4.350000 -44.000000
v 7.534421 -4.350000 -54.545456
v 8.403555 -2.251726 -44.000000
v 8.403555 -2.251726 -54.545456
v 8.700000 0.000000 -44.000000
v 8.700000 0.000000 -54.545456
v 8.403555 2.251726 -44.000000
v 8.403555 2.251726 -54.545456
v 7.534421 4.350000 -44.000000
v 7.534421 4.350000 -54.545456
v 6.151829 6.151829 -44.000000
v 6.151829 6.151829 -54.545456
v 4.350000 7.534421 -44.000000
v 4.350000 7.534421 -54.545456
v 2.251726 8.403555 -44.000000
v 2.251726 8.403555 -54.545456
v 0.000000 8.700000 -44.000000
v 0.000000 8.700000 -54.545456
v -2.251726 8.403555 -44.000000
v -2.251726 8.403555 -54.545456
v -4.350000 7.534421 -44.000000
v -4.350000 7.534421 -54.545456
v -6.151829 6.151829 -44.000000
v -6.151829 6.151829 -54.545456
v -7.534421 4.350000 -44.000000
v -7.534421 4.350000 -54.545456
v -8.403555 -2.251726 -160.000000
v -8.403555 -2.251726 -149.454544
v -8.700000 0.000000 -160.000000
v -8.700000 0.000000 -149.454544
v -8.403555 2.251726 -160.000000
v -8.403555 2.251726 -149.454544
v -7.534421 4.350000 -160.000000
v -7.534421 4.350000 -149.454544
v -6.151829 6.151829 -160.000000
v -6.151829 6.151829 -149.454544
v -4.350000 7.534421 -160.000000
v -4.350000 7.534421 -149.454544
v -2.251726 8.403555 -160.000000
v -2.251726 8.403555 -149.454544
v 0.000000 8.700000 -160.000000
v 0.000000 8.700000 -149.454544
v 2.251726 8.403555 -160.000000
v 2.251726 8.403555 -149.454544
v 4.350000 7.534421 -160.000000
v 4.350000 7.534421 -149.454544
v 6.151829 6.151829 -160.000000
v 6.151829 6.151829 -149.454544
v 7.534421 4.350000 -160.000000
v 7.534421 4.350000 -149.454544
v 8.403555 2.251726 -160.000000
v 8.403555 2.251726 -149.454544
v 8.700000 0.000000 -160.000000
v 8.700000 0.000000 -149.454544
v 8.403555 -2.251726 -160.000000
v 8.403555 -2.251726 -149.454544
v 7.534421 -4.350000 -160.000000
v 7.534421 -4.350000 -149.454544
v 6.151829 -6.151829 -160.000000
v 6.151829 -6.151829 -149.454544
v 4.350000 -7.534421 -160.000000
v 4.350000 -7.534421 -149.454544
v 2.251726 -8.403555 -160.000000
v 2.251726 -8.403555 -149.454544
v 0.000000 -8.700000 -160.000000
v 0.000000 -8.700000 -149.454544
v -2.251726 -8.403555 -160.000000
v -2.251726 -8.403555 -149.454544
v -4.350000 -7.534421 -160.000000
v -4.350000 -7.534421 -149.454544
v -6.151829 -6.151829 -160.000000
v -6.151829 -6.151829 -149.454544
v -7.534421 -4.350000 -160.000000
v -7.534421 -4.350000 -149.454544
v -8.700000 0.000000 -65.090912
v -8.403555 -2.251726 -65.090912
v -7.534421 -4.350000 -65.090912
v -6.151829 -6.151829 -65.090912
v -4.350000 -7.534421 -65.090912
v -2.251726 -8.403555 -65.090912
v 0.000000 -8.700000 -65.090912
v 2.251726 -8.403555 -65.090912
v 4.350000 -7.534421 -65.090912
v 6.151829 -6.151829 -65.090912
v 7.534421 -4.350000 -65.090912
v 8.403555 -2.251726 -65.090912
v 8.700000 0.000000 -65.090912
v 8.403555 2.251726 -65.090912
v 7.534421 4.350000 -65.090912
v 6.151829 6.151829 -65.090912
v 4.350000 7.534421 -65.090912
v 2.251726 8.403555 -65.090912
v 0.000000 8.700000 -65.090912
v -2.251726 8.403555 -65.090912
v -4.350000 7.534421 -65.090912
v -6.151829 6.151829 -65.090912
v -7.534421 4.350000 -65.090912
v -8.403555 2.251726 -65.090912
v -8.700000 0.000000 -75.636368
v -8.403555 -2.251726 -75.636368
v -7.534421 -4.350000 -75.636368
v -6.151829 -6.151829 -75.636368
v -4.350000 -7.534421 -75.636368
v -2.251726 -8.403555 -75.636368
v 0.000000 -8.700000 -75.636368
v 2.251726 -8.403555 -75.636368
v 4.350000 -7.534421 -75.636368
v 6.151829 -6.151829 -75.636368
v 7.534421 -4.350000 -75.636368
v 8.403555 -2.251726 -75.636368
v 8.700000 0.000000 -75.636368
v 8.403555 2.251726 -75.636368
v 7.534421 4.350000 -75.636368
v 6.151829 6.151829 -75.636368
v 4.350000 7.534421 -75.636368
v 2.251726 8.403555 -75.636368
v 0.000000 8.700000 -75.636368
v -2.251726 8.403555 -75.636368
v -4.350000 7.534421 -75.636368
v -6.151829 6.151829 -75.636368
v -7.534421 4.350000 -75.636368
v -8.403555 2.251726 -75.636368
v -8.700000 0.000000 -86.181816
v -8.403555 -2.251726 -86.181816
v -7.534421 -4.350000 -86.181816
v -6.151829 -6.151829 -86.181816
v -4.350000 -7.534421 -86.181816
v -2.251726 -8.403555 -86.181816
v 0.000000 -8.700000 -86.181816
v 2.251726 -8.403555 -86.181816
v 4.350000 -7.534421 -86.181816
v 6.151829 -6.151829 -86.181816
v 7.534421 -4.350000 -86.181816
v 8.403555 -2.251726 -86.181816
v 8.700000 0.000000 -86.181816
v 8.403555 2.251726 -86.181816
v 7.534421 4.350000 -86.181816
v 6.151829 6.151829 -86.181816
v 4.350000 7.534421 -86.181816
v 2.251726 8.403555 -86.181816
v 0.000000 8.700000 -86.181816
v -2.251726 8.403555 -86.181816
v -4.350000 7.534421 -86.181816
v -6.151829 6.151829 -86.181816
v -7.534421 4.350000 -86.181816
v -8.403555 2.251726 -86.181816
v -8.700000 0.000000 -96.727272
v -8.403555 -2.251726 -96.727272
v -7.534421 -4.350000 -96.727272
v -6.151829 -6.151829 -96.727272
v -4.350000 -7.534421 -96.727272
v -2.251726 -8.403555 -96.727272
v 0.000000 -8.700000 -96.727272
v 2.251726 -8.403555 -96.727272
v 4.350000 -7.534421 -96.727272
v 6.151829 -6.151829 -96.727272
v 7.534421 -4.350000 -96.727272
v 8.403555 -2.251726 -96.727272
v 8.700000 0.000000 -96.727272
v 8.403555 2.251726 -96.727272
v 7.534421 4.350000 -96.727272
v 6.151829 6.151829 -96.727272
v 4.350000 7.534421 -96.727272
v 2.251726 8.403555 -96.727272
v 0.000000 8.700000 -96.727272
v -2.251726 8.403555 -96.727272
v -4.350000 7.534421 -96.727272
v -6.151829 6.151829 -96.727272
v -7.534421 4.350000 -96.727272
v -8.403555 2.251726 -96.727272
v -8.700000 0.000000 -107.272728
v -8.403555 -2.251726 -107.272728
v -7.534421 -4.350000 -107.272728
v -6.151829 -6.151829 -107.272728
v -4.350000 -7.534421 -107.272728
v -2.251726 -8.403555 -107.272728
v 0.000000 -8.700000 -107.272728
v 2.251726 -8.403555 -107.272728
v 4.350000 -7.534421 -107.272728
v 6.151829 -6.151829 -107.272728
v 7.534421 -4.350000 -107.272728
v 8.403555 -2.251726 -107.272728
v 8.700000 0.000000 -107.272728
v 8.403555 2.251726 -107.272728
v 7.534421 4.350000 -107.272728
v 6.151829 6.151829 -107.272728
v 4.350000 7.534421 -107.272728
v 2.251726 8.403555 -107.272728
v 0.000000 8.700000 -107.272728
v -2.251726 8.403555 -107.272728
v -4.350000 7.534421 -107.272728
v -6.151829 6.151829 -107.272728
v -7.534421 4.350000 -107.272728
v -8.403555 2.251726 -107.272728
v -8.700000 0.000000 -117.818184
v -8.403555 -2.251726 -117.818184
v -7.534421 -4.350000 -117.818184
v -6.151829 -6.151829 -117.818184
v -4.350000 -7.534421 -117.818184
v -2.251726 -8.403555 -117.818184
v 0.000000 -8.700000 -117.818184
v 2.251726 -8.403555 -117.818184
v 4.350000 -7.534421 -117.818184
v 6.151829 -6.151829 -117.818184
v 7.534421 -4.350000 -117.818184
v 8.403555 -2.251726 -117.818184
v 8.700000 0.000000 -117.818184
v 8.403555 2.251726 -117.818184
v 7.534421 4.350000 -117.818184
v 6.151829 6.151829 -117.818184
v 4.350000 7.534421 -117.818184
v 2.251726 8.403555 -117.818184
v 0.000000 8.700000 -117.818184
v -2.251726 8.403555 -117.818184
v -4.350000 7.534421 -117.818184
v -6.151829 6.151829 -117.818184
v -7.534421 4.350000 -117.818184
v -8.403555 2.251726 -117.818184
v -8.700000 0.000000 -128.363632
v -8.403555 -2.251726 -128.363632
v -7.534421 -4.350000 -128.363632
v -6.151829 -6.151829 -128.363632
v -4.350000 -7.534421 -128.363632
v -2.251726 -8.403555 -128.363632
v 0.000000 -8.700000 -128.363632
v 2.251726 -8.403555 -128.363632
v 4.350000 -7.534421 -128.363632
v 6.151829 -6.151829 -128.363632
v 7.534421 -4.350000 -128.363632
v 8.403555 -2.251726 -128.363632
v 8.700000 0.000000 -128.363632
v 8.403555 2.251726 -128.363632
v 7.534421 4.350000 -128.363632
v 6.151829 6.151829 -128.363632
v 4.350000 7.534421 -128.363632
v 2.251726 8.403555 -128.363632
v 0.000000 8.700000 -128.363632
v -2.251726 8.403555 -128.363632
v -4.350000 7.534421 -128.363632
v -6.151829 6.151829 -128.363632
v -7.534421 4.350000 -128.363632
v -8.403555 2.251726 -128.363632
v -8.700000 0.000000 -138.909088
v -8.403555 -2.251726 -138.909088
v -7.534421 -4.350000 -138.909088
v -6.151829 -6.151829 -138.909088
v -4.350000 -7.534421 -138.909088
v -2.251726 -8.403555 -138.909088
v 0.000000 -8.700000 -138.909088
v 2.251726 -8.403555 -138.909088
v 4.350000 -7.534421 -138.909088
v 6.151829 -6.151829 -138.909088
v 7.534421 -4.350000 -138.909088
v 8.403555 -2.251726 -138.909088
v 8.700000 0.000000 -138.909088
v 8.403555 2.251726 -138.909088
v 7.534421 4.350000 -138.909088
v 6.151829 6.151829 -138.909088
v 4.350000 7.534421 -138.909088
v 2.251726 8.403555 -138.909088
v 0.000000 8.700000 -138.909088
v -2.251726 8.403555 -138.909088
v -4.350000 7.534421 -138.909088
v -6.151829 6.151829 -138.909088
v -7.534421 4.350000 -138.909088
v -8.403555 2.251726 -138.909088
f 2909 2910 2911
f 2911 2910 2912
f 2911 2912 2913
f 2913 2912 2914
f 2913 2914 2915
f 2915 2914 2916
f 2915 2916 2917
f 2917 2916 2918
f 2917 2918 2919
f 2919 2918 2920
f 2919 2920 2921
f 2921 2920 2922
f 2921 2922 2923
f 2923 2922 2924
f 2923 2924 2925
f 2925 2924 2926
f 2925 2926 2927
f 2927 2926 2928
f 2927 2928 2929
f 2929 2928 2930
f 2929 2930 2931
f 2931 2930 2932
f 2931 2932 2933
f 2933 2932 2934
f 2933 2934 2935
f 2935 2934 2936
f 2935 2936 2937
f 2937 2936 2938
f 2937 2938 2939
f 2939 2938 2940
f 2939 2940 2941
f 2941 2940 2942
f 2941 2942 2943
f 2943 2942 2944
f 2943 2944 2945
f 2945 2944 2946
f 2945 2946 2947
f 2947 2946 2948
f 2947 2948 2949
f 2949 2948 2950
f 2949 2950 2951
f 2951 2950 2952
f 2951 2952 2953
f 2953 2952 2954
f 2953 2954 2955
f 2955 2954 2956
f 2955 2956 2909
f 2909 2956 2910
f 2957 2958 2959
f 2959 2958 2960
f 2959 2960 2961
f 2961 2960 2962
f 2961 2962 2963
f 2963 2962 2964
f 2963 2964 2965
f 2965 2964 2966
f 2965 2966 2967
f 2967 2966 2968
f 2967 2968 2969
f 2969 2968 2970
f 2969 2970 2971
f 2971 2970 2972
f 2971 2972 2973
f 2973 2972 2974
f 2973 2974 2975
f 2975 2974 2976
f 2975 2976 2977
f 2977 2976 2978
f 2977 2978 2979
f 2979 2978 2980
f 2979 2980 2981
f 2981 2980 2982
f 2981 2982 2983
f 2983 2982 2984
f 2983 2984 2985
f 2985 2984 2986
f 2985 2986 2987
f 2987 2986 2988
f 2987 2988 2989
f 2989 2988 2990
f 2989 2990 2991
f 2991 2990 2992
f 2991 2992 2993
f 2993 2992 2994
f 2993 2994 2995
f 2995 2994 2996
f 2995 2996 2997
f 2997 2996 2998
f 2997 2998 2999
f 2999 2998 3000
f 2999 3000 3001
f 3001 3000 3002
f 3001 3002 3003
f 3003 3002 3004
f 3003 3004 2957
f 2957 3004 2958
f 2912 3005 2914
f 2914 3005 3006
f 2914 3006 2916
f 2916 3006 3007
f 2916 3007 2918
f 2918 3007 3008
f 2918 3008 2920
f 2920 3008 3009
f 2920 3009 2922
f 2922 3009 3010
f 2922 3010 2924
f 2924 3010 3011
f 2924 3011 2926
f 2926 3011 3012
f 2926 3012 2928
f 2928 3012 3013
f 2928 3013 2930
f 2930 3013 3014
f 2930 3014 2932
f 2932 3014 3015
f 2932 3015 2934
f 2934 3015 3016
f 2934 3016 2936
f 2936 3016 3017
f 2936 3017 2938
f 2938 3017 3018
f 2938 3018 2940
f 2940 3018 3019
f 2940 3019 2942
f 2942 3019 3020
f 2942 3020 2944
f 2944 3020 3021
f 2944 3021 2946
f 2946 3021 3022
f 2946 3022 2948
f 2948 3022 3023
f 2948 3023 2950
f 2950 3023 3024
f 2950 3024 2952
f 2952 3024 3025
f 2952 3025 2954
f 2954 3025 3026
f 2954 3026 2956
f 2956 3026 3027
f 2956 3027 2910
f 2910 3027 3028
f 2910 3028 2912
f 2912 3028 3005
f 3005 3029 3006
f 3006 3029 3030
f 3006 3030 3007
f 3007 3030 3031
f 3007 3031 3008
f 3008 3031 3032
f 3008 3032 3009
f 3009 3032 3033
f 3009 3033 3010
f 3010 3033 3034
f 3010 3034 3011
f 3011 3034 3035
f 3011 3035 3012
f 3012 3035 3036
f 3012 3036 3013
f 3013 3036 3037
f 3013 3037 3014
f 3014 3037 3038
f 3014 3038 3015
f 3015 3038 3039
f 3015 3039 3016
f 3016 3039 3040
f 3016 3040 3017
f 3017 3040 3041
f 3017 3041 3018
f 3018 3041 3042
f 3018 3042 3019
f 3019 3042 3043
f 3019 3043 3020
f 3020 3043 3044
f 3020 3044 3021
f 3021 3044 3045
f 3021 3045 3022
f 3022 3045 3046
f 3022 3046 3023
f 3023 3046 3047
f 3023 3047 3024
f 3024 3047 3048
f 3024 3048 3025
f 3025 3048 3049
f 3025 3049 3026
f 3026 3049 3050
f 3026 3050 3027
f 3027 3050 3051
f 3027 3051 3028
f 3028 3051 3052
f 3028 3052 3005
f 3005 3052 3029
f 3029 3053 3030
f 3030 3053 3054
f 3030 3054 3031
f 3031 3054 3055
f 3031 3055 3032
f 3032 3055 3056
f 3032 3056 3033
f 3033 3056 3057
f 3033 3057 3034
f 3034 3057 3058
f 3034 3058 3035
f 3035 3058 3059
f 3035 3059 3036
f 3036 3059 3060
f 3036 3060 3037
f 3037 3060 3061
f 3037 3061 3038
f 3038 3061 3062
f 3038 3062 3039
f 3039 3062 3063
f 3039 3063 3040
f 3040 3063 3064
f 3040 3064 3041
f 3041 3064 3065
f 3041 3065 3042
f 3042 3065 3066
f 3042 3066 3043
f 3043 3066 3067
f 3043 3067 3044
f 3044 3067 3068
f 3044 3068 3045
f 3045 3068 3069
f 3045 3069 3046
f 3046 3069 3070
f 3046 3070 3047
f 3047 3070 3071
f 3047 3071 3048
f 3048 3071 3072
f 3048 3072 3049
f 3049 3072 3073
f 3049 3073 3050
f 3050 3073 3074
f 3050 3074 3051
f 3051 3074 3075
f 3051 3075 3052
f 3052 3075 3076
f 3052 3076 3029
f 3029 3076 3053
f 3053 3077 3054
f 3054 3077 3078
f 3054 3078 3055
f 3055 3078 3079
f 3055 3079 3056
f 3056 3079 3080
f 3056 3080 3057
f 3057 3080 3081
f 3057 3081 3058
f 3058 3081 3082
f 3058 3082 3059
f 3059 3082 3083
f 3059 3083 3060
f 3060 3083 3084
f 3060 3084 3061
f 3061 3084 3085
f 3061 3085 3062
f 3062 3085 3086
f 3062 3086 3063
f 3063 3086 3087
f 3063 3087 3064
f 3064 3087 3088
f 3064 3088 3065
f 3065 3088 3089
f 3065 3089 3066
f 3066 3089 3090
f 3066 3090 3067
f 3067 3090 3091
f 3067 3091 3068
f 3068 3091 3092
f 3068 3092 3069
f 3069 3092 3093
f 3069 3093 3070
f 3070 3093 3094
f 3070 3094 3071
f 3071 3094 3095
f 3071 3095 3072
f 3072 3095 3096
f 3072 3096 3073
f 3073 3096 3097
f 3073 3097 3074
f 3074 3097 3098
f 3074 3098 3075
f 3075 3098 3099
f 3075 3099 3076
f 3076 3099 3100
f 3076 3100 3053
f 3053 3100 3077
f 3077 3101 3078
f 3078 3101 3102
f 3078 3102 3079
f 3079 3102 3103
f 3079 3103 3080
f 3080 3103 3104
f 3080 3104 3081
f 3081 3104 3105
f 3081 3105 3082
f 3082 3105 3106
f 3082 3106 3083
f 3083 3106 3107
f 3083 3107 3084
f 3084 3107 3108
f 3084 3108 3085
f 3085 3108 3109
f 3085 3109 3086
f 3086 3109 3110
f 3086 3110 3087
f 3087 3110 3111
f 3087 3111 3088
f 3088 3111 3112
f 3088 3112 3089
f 3089 3112 3113
f 3089 3113 3090
f 3090 3113 3114
f 3090 3114 3091
f 3091 3114 3115
f 3091 3115 3092
f 3092 3115 3116
f 3092 3116 3093
f 3093 3116 3117
f 3093 3117 3094
f 3094 3117 3118
f 3094 3118 3095
f 3095 3118 3119
f 3095 3119 3096
f 3096 3119 3120
f 3096 3120 3097
f 3097 3120 3121
f 3097 3121 3098
f 3098 3121 3122
f 3098 3122 3099
f 3099 3122 3123
f 3099 3123 3100
f 3100 3123 3124
f 3100 3124 3077
f 3077 3124 3101
f 3101 3125 3102
f 3102 3125 3126
f 3102 3126 3103
f 3103 3126 3127
f 3103 3127 3104
f 3104 3127 3128
f 3104 3128 3105
f 3105 3128 3129
f 3105 3129 3106
f 3106 3129 3130
f 3106 3130 3107
f 3107 3130 3131
f 3107 3131 3108
f 3108 3131 3132
f 3108 3132 3109
f 3109 3132 3133
f 3109 3133 3110
f 3110 3133 3134
f 3110 3134 3111
f 3111 3134 3135
f 3111 3135 3112
f 3112 3135 3136
f 3112 3136 3113
f 3113 3136 3137
f 3113 3137 3114
f 3114 3137 3138
f 3114 3138 3115
f 3115 3138 3139
f 3115 3139 3116
f 3116 3139 3140
f 3116 3140 3117
f 3117 3140 3141
f 3117 3141 3118
f 3118 3141 3142
f 3118 3142 3119
f 3119 3142 3143
f 3119 3143 3120
f 3120 3143 3144
f 3120 3144 3121
f 3121 3144 3145
f 3121 3145 3122
f 3122 3145 3146
f 3122 3146 3123
f 3123 3146 3147
f 3123 3147 3124
f 3124 3147 3148
f 3124 3148 3101
f 3101 3148 3125
f 3125 3149 3126
f 3126 3149 3150
f 3126 3150 3127
f 3127 3150 3151
f 3127 3151 3128
f 3128 3151 3152
f 3128 3152 3129
f 3129 3152 3153
f 3129 3153 3130
f 3130 3153 3154
f 3130 3154 3131
f 3131 3154 3155
f 3131 3155 3132
f 3132 3155 3156
f 3132 3156 3133
f 3133 3156 3157
f 3133 3157 3134
f 3134 3157 3158
f 3134 3158 3135
f 3135 3158 3159
f 3135 3159 3136
f 3136 3159 3160
f 3136 3160 3137
f 3137 3160 3161
f 3137 3161 3138
f 3138 3161 3162
f 3138 3162 3139
f 3139 3162 3163
f 3139 3163 3140
f 3140 3163 3164
f 3140 3164 3141
f 3141 3164 3165
f 3141 3165 3142
f 3142 3165 3166
f 3142 3166 3143
f 3143 3166 3167
f 3143 3167 3144
f 3144 3167 3168
f 3144 3168 3145
f 3145 3168 3169
f 3145 3169 3146
f 3146 3169 3170
f 3146 3170 3147
f 3147 3170 3171
f 3147 3171 3148
f 3148 3171 3172
f 3148 3172 3125
f 3125 3172 3149
f 3149 3173 3150
f 3150 3173 3174
f 3150 3174 3151
f 3151 3174 3175
f 3151 3175 3152
f 3152 3175 3176
f 3152 3176 3153
f 3153 3176 3177
f 3153 3177 3154
f 3154 3177 3178
f 3154 3178 3155
f 3155 3178 3179
f 3155 3179 3156
f 3156 3179 3180
f 3156 3180 3157
f 3157 3180 3181
f 3157 3181 3158
f 3158 3181 3182
f 3158 3182 3159
f 3159 3182 3183
f 3159 3183 3160
f 3160 3183 3184
f 3160 3184 3161
f 3161 3184 3185
f 3161 3185 3162
f 3162 3185 3186
f 3162 3186 3163
f 3163 3186 3187
f 3163 3187 3164
f 3164 3187 3188
f 3164 3188 3165
f 3165 3188 3189
f 3165 3189 3166
f 3166 3189 3190
f 3166 3190 3167
f 3167 3190 3191
f 3167 3191 3168
f 3168 3191 3192
f 3168 3192 3169
f 3169 3192 3193
f 3169 3193 3170
f 3170 3193 3194
f 3170 3194 3171
f 3171 3194 3195
f 3171 3195 3172
f 3172 3195 3196
f 3172 3196 3149
f 3149 3196 3173
f 3173 2960 3174
f 3174 2960 2958
f 3174 2958 3175
f 3175 2958 3004
f 3175 3004 3176
f 3176 3004 3002
f 3176 3002 3177
f 3177 3002 3000
f 3177 3000 3178
f 3178 3000 2998
f 3178 2998 3179
f 3179 2998 2996
f 3179 2996 3180
f 3180 2996 2994
f 3180 2994 3181
f 3181 2994 2992
f 3181 2992 3182
f 3182 2992 2990
f 3182 2990 3183
f 3183 2990 2988
f 3183 2988 3184
f 3184 2988 2986
f 3184 2986 3185
f 3185 2986 2984
f 3185 2984 3186
f 3186 2984 2982
f 3186 2982 3187
f 3187 2982 2980
f 3187 2980 3188
f 3188 2980 2978
f 3188 2978 3189
f 3189 2978 2976
f 3189 2976 3190
f 3190 2976 2974
f 3190 2974 3191
f 3191 2974 2972
f 3191 2972 3192
f 3192 2972 2970
f 3192 2970 3193
f 3193 2970 2968
f 3193 2968 3194
f 3194 2968 2966
f 3194 2966 3195
f 3195 2966 2964
f 3195 2964 3196
f 3196 2964 2962
f 3196 2962 3173
f 3173 2962 2960
f 3197 3198 3199
f 3199 3198 3200
f 3199 3200 3201
f 3201 3200 3202
f 3201 3202 3203
f 3203 3202 3204
f 3203 3204 3205
f 3205 3204 3206
f 3205 3206 3207
f 3207 3206 3208
f 3207 3208 3209
f 3209 3208 3210
f 3209 3210 3211
f 3211 3210 3212
f 3211 3212 3213
f 3213 3212 3214
f 3213 3214 3215
f 3215 3214 3216
f 3215 3216 3217
f 3217 3216 3218
f 3217 3218 3219
f 3219 3218 3220
f 3219 3220 3221
f 3221 3220 3222
f 3221 3222 3223
f 3223 3222 3224
f 3223 3224 3225
f 3225 3224 3226
f 3225 3226 3227
f 3227 3226 3228
f 3227 3228 3229
f 3229 3228 3230
f 3229 3230 3231
f 3231 3230 3232
f 3231 3232 3233
f 3233 3232 3234
f 3233 3234 3235
f 3235 3234 3236
f 3235 3236 3237
f 3237 3236 3238
f 3237 3238 3239
f 3239 3238 3240
f 3239 3240 3241
f 3241 3240 3242
f 3241 3242 3243
f 3243 3242 3244
f 3243 3244 3197
f 3197 3244 3198
f 3245 3246 3247
f 3247 3246 3248
f 3247 3248 3249
f 3249 3248 3250
f 3249 3250 3251
f 3251 3250 3252
f 3251 3252 3253
f 3253 3252 3254
f 3253 3254 3255
f 3255 3254 3256
f 3255 3256 3257
f 3257 3256 3258
f 3257 3258 3259
f 3259 3258 3260
f 3259 3260 3261
f 3261 3260 3262
f 3261 3262 3263
f 3263 3262 3264
f 3263 3264 3265
f 3265 3264 3266
f 3265 3266 3267
f 3267 3266 3268
f 3267 3268 3269
f 3269 3268 3270
f 3269 3270 3271
f 3271 3270 3272
f 3271 3272 3273
f 3273 3272 3274
f 3273 3274 3275
f 3275 3274 3276
f 3275 3276 3277
f 3277 3276 3278
f 3277 3278 3279
f 3279 3278 3280
f 3279 3280 3281
f 3281 3280 3282
f 3281 3282 3283
f 3283 3282 3284
f 3283 3284 3285
f 3285 3284 3286
f 3285 3286 3287
f 3287 3286 3288
f 3287 3288 3289
f 3289 3288 3290
f 3289 3290 3291
f 3291 3290 3292
f 3291 3292 3245
f 3245 3292 3246
f 3200 3293 3202
f 3202 3293 3294
f 3202 3294 3204
f 3204 3294 3295
f 3204 3295 3206
f 3206 3295 3296
f 3206 3296 3208
f 3208 3296 3297
f 3208 3297 3210
f 3210 3297 3298
f 3210 3298 3212
f 3212 3298 3299
f 3212 3299 3214
f 3214 3299 3300
f 3214 3300 3216
f 3216 3300 3301
f 3216 3301 3218
f 3218 3301 3302
f 3218 3302 3220
f 3220 3302 3303
f 3220 3303 3222
f 3222 3303 3304
f 3222 3304 3224
f 3224 3304 3305
f 3224 3305 3226
f 3226 3305 3306
f 3226 3306 3228
f 3228 3306 3307
f 3228 3307 3230
f 3230 3307 3308
f 3230 3308 3232
f 3232 3308 3309
f 3232 3309 3234
f 3234 3309 3310
f 3234 3310 3236
f 3236 3310 3311
f 3236 3311 3238
f 3238 3311 3312
f 3238 3312 3240
f 3240 3312 3313
f 3240 3313 3242
f 3242 3313 3314
f 3242 3314 3244
f 3244 3314 3315
f 3244 3315 3198
f 3198 3315 3316
f 3198 3316 3200
f 3200 3316 3293
f 3293 3317 3294
f 3294 3317 3318
f 3294 3318 3295
f 3295 3318 3319
f 3295 3319 3296
f 3296 3319 3320
f 3296 3320 3297
f 3297 3320 3321
f 3297 3321 3298
f 3298 3321 3322
f 3298 3322 3299
f 3299 3322 3323
f 3299 3323 3300
f 3300 3323 3324
f 3300 3324 3301
f 3301 3324 3325
f 3301 3325 3302
f 3302 3325 3326
f 3302 3326 3303
f 3303 3326 3327
f 3303 3327 3304
f 3304 3327 3328
f 3304 3328 3305
f 3305 3328 3329
f 3305 3329 3306
f 3306 3329 3330
f 3306 3330 3307
f 3307 3330 3331
f 3307 3331 3308
f 3308 3331 3332
f 3308 3332 3309
f 3309 3332 3333
f 3309 3333 3310
f 3310 3333 3334
f 3310 3334 3311
f 3311 3334 3335
f 3311 3335 3312
f 3312 3335 3336
f 3312 3336 3313
f 3313 3336 3337
f 3313 3337 3314
f 3314 3337 3338
f 3314 3338 3315
f 3315 3338 3339
f 3315 3339 3316
f 3316 3339 3340
f 3316 3340 3293
f 3293 3340 3317
f 3317 3341 3318
f 3318 3341 3342
f 3318 3342 3319
f 3319 3342 3343
f 3319 3343 3320
f 3320 3343 3344
f 3320 3344 3321
f 3321 3344 3345
f 3321 3345 3322
f 3322 3345 3346
f 3322 3346 3323
f 3323 3346 3347
f 3323 3347 3324
f 3324 3347 3348
f 3324 3348 3325
f 3325 3348 3349
f 3325 3349 3326
f 3326 3349 3350
f 3326 3350 3327
f 3327 3350 3351
f 3327 3351 3328
f 3328 3351 3352
f 3328 3352 3329
f 3329 3352 3353
f 3329 3353 3330
f 3330 3353 3354
f 3330 3354 3331
f 3331 3354 3355
f 3331 3355 3332
f 3332 3355 3356
f 3332 3356 3333
f 3333 3356 3357
f 3333 3357 3334
f 3334 3357 3358
f 3334 3358 3335
f 3335 3358 3359
f 3335 3359 3336
f 3336 3359 3360
f 3336 3360 3337
f 3337 3360 3361
f 3337 3361 3338
f 3338 3361 3362
f 3338 3362 3339
f 3339 3362 3363
f 3339 3363 3340
f 3340 3363 3364
f 3340 3364 3317
f 3317 3364 3341
f 3341 3365 3342
f 3342 3365 3366
f 3342 3366 3343
f 3343 3366 3367
f 3343 3367 3344
f 3344 3367 3368
f 3344 3368 3345
f 3345 3368 3369
f 3345 3369 3346
f 3346 3369 3370
f 3346 3370 3347
f 3347 3370 3371
f 3347 3371 3348
f 3348 3371 3372
f 3348 3372 3349
f 3349 3372 3373
f 3349 3373 3350
f 3350 3373 3374
f 3350 3374 3351
f 3351 3374 3375
f 3351 3375 3352
f 3352 3375 3376
f 3352 3376 3353
f 3353 3376 3377
f 3353 3377 3354
f 3354 3377 3378
f 3354 3378 3355
f 3355 3378 3379
f 3355 3379 3356
f 3356 3379 3380
f 3356 3380 3357
f 3357 3380 3381
f 3357 3381 3358
f 3358 3381 3382
f 3358 3382 3359
f 3359 3382 3383
f 3359 3383 3360
f 3360 3383 3384
f 3360 3384 3361
f 3361 3384 3385
f 3361 3385 3362
f 3362 3385 3386
f 3362 3386 3363
f 3363 3386 3387
f 3363 3387 3364
f 3364 3387 3388
f 3364 3388 3341
f 3341 3388 3365
f 3365 3389 3366
f 3366 3389 3390
f 3366 3390 3367
f 3367 3390 3391
f 3367 3391 3368
f 3368 3391 3392
f 3368 3392 3369
f 3369 3392 3393
f 3369 3393 3370
f 3370 3393 3394
f 3370 3394 3371
f 3371 3394 3395
f 3371 3395 3372
f 3372 3395 3396
f 3372 3396 3373
f 3373 3396 3397
f 3373 3397 3374
f 3374 3397 3398
f 3374 3398 3375
f 3375 3398 3399
f 3375 3399 3376
f 3376 3399 3400
f 3376 3400 3377
f 3377 3400 3401
f 3377 3401 3378
f 3378 3401 3402
f 3378 3402 3379
f 3379 3402 3403
f 3379 3403 3380
f 3380 3403 3404
f 3380 3404 3381
f 3381 3404 3405
f 3381 3405 3382
f 3382 3405 3406
f 3382 3406 3383
f 3383 3406 3407
f 3383 3407 3384
f 3384 3407 3408
f 3384 3408 3385
f 3385 3408 3409
f 3385 3409 3386
f 3386 3409 3410
f 3386 3410 3387
f 3387 3410 3411
f 3387 3411 3388
f 3388 3411 3412
f 3388 3412 3365
f 3365 3412 3389
f 3389 3413 3390
f 3390 3413 3414
f 3390 3414 3391
f 3391 3414 3415
f 3391 3415 3392
f 3392 3415 3416
f 3392 3416 3393
f 3393 3416 3417
f 3393 3417 3394
f 3394 3417 3418
f 3394 3418 3395
f 3395 3418 3419
f 3395 3419 3396
f 3396 3419 3420
f 3396 3420 3397
f 3397 3420 3421
f 3397 3421 3398
f 3398 3421 3422
f 3398 3422 3399
f 3399 3422 3423
f 3399 3423 3400
f 3400 3423 3424
f 3400 3424 3401
f 3401 3424 3425
f 3401 3425 3402
f 3402 3425 3426
f 3402 3426 3403
f 3403 3426 3427
f 3403 3427 3404
f 3404 3427 3428
f 3404 3428 3405
f 3405 3428 3429
f 3405 3429 3406
f 3406 3429 3430
f 3406 3430 3407
f 3407 3430 3431
f 3407 3431 3408
f 3408 3431 3432
f 3408 3432 3409
f 3409 3432 3433
f 3409 3433 3410
f 3410 3433 3434
f 3410 3434 3411
f 3411 3434 3435
f 3411 3435 3412
f 3412 3435 3436
f 3412 3436 3389
f 3389 3436 3413
f 3413 3437 3414
f 3414 3437 3438
f 3414 3438 3415
f 3415 3438 3439
f 3415 3439 3416
f 3416 3439 3440
f 3416 3440 3417
f 3417 3440 3441
f 3417 3441 3418
f 3418 3441 3442
f 3418 3442 3419
f 3419 3442 3443
f 3419 3443 3420
f 3420 3443 3444
f 3420 3444 3421
f 3421 3444 3445
f 3421 3445 3422
f 3422 3445 3446
f 3422 3446 3423
f 3423 3446 3447
f 3423 3447 3424
f 3424 3447 3448
f 3424 3448 3425
f 3425 3448 3449
f 3425 3449 3426
f 3426 3449 3450
f 3426 3450 3427
f 3427 3450 3451
f 3427 3451 3428
f 3428 3451 3452
f 3428 3452 3429
f 3429 3452 3453
f 3429 3453 3430
f 3430 3453 3454
f 3430 3454 3431
f 3431 3454 3455
f 3431 3455 3432
f 3432 3455 3456
f 3432 3456 3433
f 3433 3456 3457
f 3433 3457 3434
f 3434 3457 3458
f 3434 3458 3435
f 3435 3458 3459
f 3435 3459 3436
f 3436 3459 3460
f 3436 3460 3413
f 3413 3460 3437
f 3437 3461 3438
f 3438 3461 3462
f 3438 3462 3439
f 3439 3462 3463
f 3439 3463 3440
f 3440 3463 3464
f 3440 3464 3441
f 3441 3464 3465
f 3441 3465 3442
f 3442 3465 3466
f 3442 3466 3443
f 3443 3466 3467
f 3443 3467 3444
f 3444 3467 3468
f 3444 3468 3445
f 3445 3468 3469
f 3445 3469 3446
f 3446 3469 3470
f 3446 3470 3447
f 3447 3470 3471
f 3447 3471 3448
f 3448 3471 3472
f 3448 3472 3449
f 3449 3472 3473
f 3449 3473 3450
f 3450 3473 3474
f 3450 3474 3451
f 3451 3474 3475
f 3451 3475 3452
f 3452 3475 3476
f 3452 3476 3453
f 3453 3476 3477
f 3453 3477 3454
f 3454 3477 3478
f 3454 3478 3455
f 3455 3478 3479
f 3455 3479 3456
f 3456 3479 3480
f 3456 3480 3457
f 3457 3480 3481
f 3457 3481 3458
f 3458 3481 3482
f 3458 3482 3459
f 3459 3482 3483
f 3459 3483 3460
f 3460 3483 3484
f 3460 3484 3437
f 3437 3484 3461
f 3461 3248 3462
f 3462 3248 3246
f 3462 3246 3463
f 3463 3246 3292
f 3463 3292 3464
f 3464 3292 3290
f 3464 3290 3465
f 3465 3290 3288
f 3465 3288 3466
f 3466 3288 3286
f 3466 3286 3467
f 3467 3286 3284
f 3467 3284 3468
f 3468 3284 3282
f 3468 3282 3469
f 3469 3282 3280
f 3469 3280 3470
f 3470 3280 3278
f 3470 3278 3471
f 3471 3278 3276
f 3471 3276 3472
f 3472 3276 3274
f 3472 3274 3473
f 3473 3274 3272
f 3473 3272 3474
f 3474 3272 3270
f 3474 3270 3475
f 3475 3270 3268
f 3475 3268 3476
f 3476 3268 3266
f 3476 3266 3477
f 3477 3266 3264
f 3477 3264 3478
f 3478 3264 3262
f 3478 3262 3479
f 3479 3262 3260
f 3479 3260 3480
f 3480 3260 3258
f 3480 3258 3481
f 3481 3258 3256
f 3481 3256 3482
f 3482 3256 3254
f 3482 3254 3483
f 3483 3254 3252
f 3483 3252 3484
f 3484 3252 3250
f 3484 3250 3461
f 3461 3250 3248
f 2909 2911 3199
f 3199 2911 2913
f 3199 2913 3197
f 3197 2913 2915
f 3197 2915 3243
f 3243 2915 2917
f 3243 2917 3241
f 3241 2917 2919
f 3241 2919 3239
f 3239 2919 2921
f 3239 2921 3237
f 3237 2921 2923
f 3237 2923 3235
f 3235 2923 3233
f 3233 2923 2925
f 3233 2925 3231
f 3231 2925 2927
f 3231 2927 3229
f 3229 2927 2929
f 3229 2929 3227
f 3227 2929 2931
f 3227 2931 3225
f 3225 2931 2933
f 3225 2933 3223
f 3223 2933 2935
f 3223 2935 3221
f 3221 2935 2937
f 3221 2937 2939
f 3221 2939 3219
f 3219 2939 2941
f 3219 2941 3217
f 3217 2941 2943
f 3217 2943 3215
f 3215 2943 2945
f 3215 2945 3213
f 3213 2945 2947
f 3213 2947 3211
f 3211 2947 3209
f 3209 2947 2949
f 3209 2949 3207
f 3207 2949 2951
f 3207 2951 3205
f 3205 2951 2953
f 3205 2953 3203
f 3203 2953 2955
f 3203 2955 3201
f 3201 2955 2909
f 3201 2909 3199
f 2961 3245 2959
f 2959 3245 3247
f 2959 3247 2957
f 2957 3247 3249
f 2957 3249 3003
f 3003 3249 3251
f 3003 3251 3001
f 3001 3251 3253
f 3001 3253 2999
f 2999 3253 3255
f 2999 3255 2997
f 2997 3255 3257
f 2997 3257 2995
f 2995 3257 3259
f 2995 3259 3261
f 2961 2963 3245
f 3245 2963 3291
f 3291 2963 2965
f 3291 2965 3289
f 3289 2965 2967
f 3289 2967 3287
f 3287 2967 2969
f 3287 2969 3285
f 3285 2969 2971
f 3285 2971 3283
f 3283 2971 3281
f 3281 2971 2973
f 3281 2973 3279
f 3279 2973 2975
f 3279 2975 3277
f 3277 2975 2977
f 3277 2977 3275
f 3275 2977 2979
f 3275 2979 3273
f 3273 2979 2981
f 3273 2981 3271
f 3271 2981 2983
f 3271 2983 2985
f 3271 2985 3269
f 3269 2985 2987
f 3269 2987 3267
f 3267 2987 2989
f 3267 2989 3265
f 3265 2989 2991
f 3265 2991 3263
f 3263 2991 2993
f 3263 2993 3261
f 3261 2993 2995
g 1 (1)

v -8.113777 -2.174080 26.000000
v -8.113777 -2.174080 16.000000
v -8.400000 0.000000 26.000000
v -8.400000 0.000000 16.000000
v -8.113777 2.174080 26.000000
v -8.113777 2.174080 16.000000
v -7.274613 4.200000 26.000000
v -7.274613 4.200000 16.000000
v -5.939697 5.939697 26.000000
v -5.939697 5.939697 16.000000
v -4.200000 7.274613 26.000000
v -4.200000 7.274613 16.000000
v -2.174080 8.113777 26.000000
v -2.174080 8.113777 16.000000
v 0.000000 8.400000 26.000000
v 0.000000 8.400000 16.000000
v 2.174080 8.113777 26.000000
v 2.174080 8.113777 16.000000
v 4.200000 7.274613 26.000000
v 4.200000 7.274613 16.000000
v 5.939697 5.939697 26.000000
v 5.939697 5.939697 16.000000
v 7.274613 4.200000 26.000000
v 7.274613 4.200000 16.000000
v 8.113777 2.174080 26.000000
v 8.113777 2.174080 16.000000
v 8.400000 0.000000 26.000000
v 8.400000 0.000000 16.000000
v 8.113777 -2.174080 26.000000
v 8.113777 -2.174080 16.000000
v 7.274613 -4.200000 26.000000
v 7.274613 -4.200000 16.000000
v 5.939697 -5.939697 26.000000
v 5.939697 -5.939697 16.000000
v 4.200000 -7.274613 26.000000
v 4.200000 -7.274613 16.000000
v 2.174080 -8.113777 26.000000
v 2.174080 -8.113777 16.000000
v 0.000000 -8.400000 26.000000
v 0.000000 -8.400000 16.000000
v -2.174080 -8.113777 26.000000
v -2.174080 -8.113777 16.000000
v -4.200000 -7.274613 26.000000
v -4.200000 -7.274613 16.000000
v -5.939697 -5.939697 26.000000
v -5.939697 -5.939697 16.000000
v -7.274613 -4.200000 26.000000
v -7.274613 -4.200000 16.000000
v -8.113777 2.174080 -44.000000
v -8.113777 2.174080 -34.000000
v -8.400000 0.000000 -44.000000
v -8.400000 0.000000 -34.000000
v -8.113777 -2.174080 -44.000000
v -8.113777 -2.174080 -34.000000
v -7.274613 -4.200000 -44.000000
v -7.274613 -4.200000 -34.000000
v -5.939697 -5.939697 -44.000000
v -5.939697 -5.939697 -34.000000
v -4.200000 -7.274613 -44.000000
v -4.200000 -7.274613 -34.000000
v -2.174080 -8.113777 -44.000000
v -2.174080 -8.113777 -34.000000
v 0.000000 -8.400000 -44.000000
v 0.000000 -8.400000 -34.000000
v 2.174080 -8.113777 -44.000000
v 2.174080 -8.113777 -34.000000
v 4.200000 -7.274613 -44.000000
v 4.200000 -7.274613 -34.000000
v 5.939697 -5.939697 -44.000000
v 5.939697 -5.939697 -34.000000
v 7.274613 -4.200000 -44.000000
v 7.274613 -4.200000 -34.000000
v 8.113777 -2.174080 -44.000000
v 8.113777 -2.174080 -34.000000
v 8.400000 0.000000 -44.000000
v 8.400000 0.000000 -34.000000
v 8.113777 2.174080 -44.000000
v 8.113777 2.174080 -34.000000
v 7.274613 4.200000 -44.000000
v 7.274613 4.200000 -34.000000
v 5.939697 5.939697 -44.000000
v 5.939697 5.939697 -34.000000
v 4.200000 7.274613 -44.000000
v 4.200000 7.274613 -34.000000
v 2.174080 8.113777 -44.000000
v 2.174080 8.113777 -34.000000
v 0.000000 8.400000 -44.000000
v 0.000000 8.400000 -34.000000
v -2.174080 8.113777 -44.000000
v -2.174080 8.113777 -34.000000
v -4.200000 7.274613 -44.000000
v -4.200000 7.274613 -34.000000
v -5.939697 5.939697 -44.000000
v -5.939697 5.939697 -34.000000
v -7.274613 4.200000 -44.000000
v -7.274613 4.200000 -34.000000
v -8.400000 0.000000 6.000000
v -8.113777 2.174080 6.000000
v -7.274613 4.200000 6.000000
v -5.939697 5.939697 6.000000
v -4.200000 7.274613 6.000000
v -2.174080 8.113777 6.000000
v 0.000000 8.400000 6.000000
v 2.174080 8.113777 6.000000
v 4.200000 7.274613 6.000000
v 5.939697 5.939697 6.000000
v 7.274613 4.200000 6.000000
v 8.113777 2.174080 6.000000
v 8.400000 0.000000 6.000000
v 8.113777 -2.174080 6.000000
v 7.274613 -4.200000 6.000000
v 5.939697 -5.939697 6.000000
v 4.200000 -7.274613 6.000000
v 2.174080 -8.113777 6.000000
v 0.000000 -8.400000 6.000000
v -2.174080 -8.113777 6.000000
v -4.200000 -7.274613 6.000000
v -5.939697 -5.939697 6.000000
v -7.274613 -4.200000 6.000000
v -8.113777 -2.174080 6.000000
v -8.400000 0.000000 -4.000000
v -8.113777 2.174080 -4.000000
v -7.274613 4.200000 -4.000000
v -5.939697 5.939697 -4.000000
v -4.200000 7.274613 -4.000000
v -2.174080 8.113777 -4.000000
v 0.000000 8.400000 -4.000000
v 2.174080 8.113777 -4.000000
v 4.200000 7.274613 -4.000000
v 5.939697 5.939697 -4.000000
v 7.274613 4.200000 -4.000000
v 8.113777 2.174080 -4.000000
v 8.400000 0.000000 -4.000000
v 8.113777 -2.174080 -4.000000
v 7.274613 -4.200000 -4.000000
v 5.939697 -5.939697 -4.000000
v 4.200000 -7.274613 -4.000000
v 2.174080 -8.113777 -4.000000
v 0.000000 -8.400000 -4.000000
v -2.174080 -8.113777 -4.000000
v -4.200000 -7.274613 -4.000000
v -5.939697 -5.939697 -4.000000
v -7.274613 -4.200000 -4.000000
v -8.113777 -2.174080 -4.000000
v -8.400000 0.000000 -14.000000
v -8.113777 2.174080 -14.000000
v -7.274613 4.200000 -14.000000
v -5.939697 5.939697 -14.000000
v -4.200000 7.274613 -14.000000
v -2.174080 8.113777 -14.000000
v 0.000000 8.400000 -14.000000
v 2.174080 8.113777 -14.000000
v 4.200000 7.274613 -14.000000
v 5.939697 5.939697 -14.000000
v 7.274613 4.200000 -14.000000
v 8.113777 2.174080 -14.000000
v 8.400000 0.000000 -14.000000
v 8.113777 -2.174080 -14.000000
v 7.274613 -4.200000 -14.000000
v 5.939697 -5.939697 -14.000000
v 4.200000 -7.274613 -14.000000
v 2.174080 -8.113777 -14.000000
v 0.000000 -8.400000 -14.000000
v -2.174080 -8.113777 -14.000000
v -4.200000 -7.274613 -14.000000
v -5.939697 -5.939697 -14.000000
v -7.274613 -4.200000 -14.000000
v -8.113777 -2.174080 -14.000000
v -8.400000 0.000000 -24.000000
v -8.113777 2.174080 -24.000000
v -7.274613 4.200000 -24.000000
v -5.939697 5.939697 -24.000000
v -4.200000 7.274613 -24.000000
v -2.174080 8.113777 -24.000000
v 0.000000 8.400000 -24.000000
v 2.174080 8.113777 -24.000000
v 4.200000 7.274613 -24.000000
v 5.939697 5.939697 -24.000000
v 7.274613 4.200000 -24.000000
v 8.113777 2.174080 -24.000000
v 8.400000 0.000000 -24.000000
v 8.113777 -2.174080 -24.000000
v 7.274613 -4.200000 -24.000000
v 5.939697 -5.939697 -24.000000
v 4.200000 -7.274613 -24.000000
v 2.174080 -8.113777 -24.000000
v 0.000000 -8.400000 -24.000000
v -2.174080 -8.113777 -24.000000
v -4.200000 -7.274613 -24.000000
v -5.939697 -5.939697 -24.000000
v -7.274613 -4.200000 -24.000000
v -8.113777 -2.174080 -24.000000
v -8.426674 -2.163602 26.000000
v -8.700000 0.000000 26.000000
v -8.700000 0.000000 16.000000
v -8.426674 2.163602 26.000000
v -8.403555 2.251726 16.000000
v -7.623868 4.191257 26.000000
v -7.534421 4.350000 16.000000
v -6.342027 5.955560 26.000000
v -6.151829 6.151829 16.000000
v -4.661693 7.345653 26.000000
v -4.350000 7.534421 16.000000
v -2.688448 8.274192 26.000000
v -2.251726 8.403555 16.000000
v -0.546278 8.682833 26.000000
v 0.000000 8.700000 16.000000
v 1.630217 8.545899 26.000000
v 2.251726 8.403555 16.000000
v 3.704280 7.871995 26.000000
v 4.350000 7.534421 16.000000
v 5.545589 6.703465 26.000000
v 6.151829 6.151829 16.000000
v 7.038448 5.113732 26.000000
v 7.534421 4.350000 16.000000
v 8.089055 3.202684 26.000000
v 8.403555 2.251726 16.000000
v 8.631398 1.090399 26.000000
v 8.700000 0.000000 16.000000
v 8.631398 -1.090399 26.000000
v 8.403555 -2.251726 16.000000
v 8.089055 -3.202684 26.000000
v 7.534421 -4.350000 16.000000
v 7.038448 -5.113732 26.000000
v 6.151829 -6.151829 16.000000
v 5.545589 -6.703465 26.000000
v 4.350000 -7.534421 16.000000
v 3.704280 -7.871995 26.000000
v 2.251726 -8.403555 16.000000
v 1.630217 -8.545899 26.000000
v 0.000000 -8.700000 16.000000
v -0.546278 -8.682833 26.000000
v -2.251726 -8.403555 16.000000
v -2.688448 -8.274192 26.000000
v -4.350000 -7.534421 16.000000
v -4.661693 -7.345653 26.000000
v -6.151829 -6.151829 16.000000
v -6.342027 -5.955560 26.000000
v -7.534421 -4.350000 16.000000
v -7.623868 -4.191257 26.000000
v -8.403555 -2.251726 16.000000
v -8.426674 2.163602 -44.000000
v -8.700000 0.000000 -44.000000
v -8.700000 0.000000 -34.000000
v -8.426674 -2.163602 -44.000000
v -8.403555 -2.251726 -34.000000
v -7.623868 -4.191257 -44.000000
v -7.534421 -4.350000 -34.000000
v -6.342027 -5.955560 -44.000000
v -6.151829 -6.151829 -34.000000
v -4.661693 -7.345653 -44.000000
v -4.350000 -7.534421 -34.000000
v -2.688448 -8.274192 -44.000000
v -2.251726 -8.403555 -34.000000
v -0.546278 -8.682833 -44.000000
v 0.000000 -8.700000 -34.000000
v 1.630217 -8.545899 -44.000000
v 2.251726 -8.403555 -34.000000
v 3.704280 -7.871995 -44.000000
v 4.350000 -7.534421 -34.000000
v 5.545589 -6.703465 -44.000000
v 6.151829 -6.151829 -34.000000
v 7.038448 -5.113732 -44.000000
v 7.534421 -4.350000 -34.000000
v 8.089055 -3.202684 -44.000000
v 8.403555 -2.251726 -34.000000
v 8.631398 -1.090399 -44.000000
v 8.700000 0.000000 -34.000000
v 8.631398 1.090399 -44.000000
v 8.403555 2.251726 -34.000000
v 8.089055 3.202684 -44.000000
v 7.534421 4.350000 -34.000000
v 7.038448 5.113732 -44.000000
v 6.151829 6.151829 -34.000000
v 5.545589 6.703465 -44.000000
v 4.350000 7.534421 -34.000000
v 3.704280 7.871995 -44.000000
v 2.251726 8.403555 -34.000000
v 1.630217 8.545899 -44.000000
v 0.000000 8.700000 -34.000000
v -0.546278 8.682833 -44.000000
v -2.251726 8.403555 -34.000000
v -2.688448 8.274192 -44.000000
v -4.350000 7.534421 -34.000000
v -4.661693 7.345653 -44.000000
v -6.151829 6.151829 -34.000000
v -6.342027 5.955560 -44.000000
v -7.534421 4.350000 -34.000000
v -7.623868 4.191257 -44.000000
v -8.403555 2.251726 -34.000000
v -8.700000 0.000000 6.000000
v -8.403555 -2.251726 6.000000
v -7.534421 -4.350000 6.000000
v -6.151829 -6.151829 6.000000
v -4.350000 -7.534421 6.000000
v -2.251726 -8.403555 6.000000
v 0.000000 -8.700000 6.000000
v 2.251726 -8.403555 6.000000
v 4.350000 -7.534421 6.000000
v 6.151829 -6.151829 6.000000
v 7.534421 -4.350000 6.000000
v 8.403555 -2.251726 6.000000
v 8.700000 0.000000 6.000000
v 8.403555 2.251726 6.000000
v 7.534421 4.350000 6.000000
v 6.151829 6.151829 6.000000
v 4.350000 7.534421 6.000000
v 2.251726 8.403555 6.000000
v 0.000000 8.700000 6.000000
v -2.251726 8.403555 6.000000
v -4.350000 7.534421 6.000000
v -6.151829 6.151829 6.000000
v -7.534421 4.350000 6.000000
v -8.403555 2.251726 6.000000
v -8.700000 0.000000 -4.000000
v -8.403555 -2.251726 -4.000000
v -7.534421 -4.350000 -4.000000
v -6.151829 -6.151829 -4.000000
v -4.350000 -7.534421 -4.000000
v -2.251726 -8.403555 -4.000000
v 0.000000 -8.700000 -4.000000
v 2.251726 -8.403555 -4.000000
v 4.350000 -7.534421 -4.000000
v 6.151829 -6.151829 -4.000000
v 7.534421 -4.350000 -4.000000
v 8.403555 -2.251726 -4.000000
v 8.700000 0.000000 -4.000000
v 8.403555 2.251726 -4.000000
v 7.534421 4.350000 -4.000000
v 6.151829 6.151829 -4.000000
v 4.350000 7.534421 -4.000000
v 2.251726 8.403555 -4.000000
v 0.000000 8.700000 -4.000000
v -2.251726 8.403555 -4.000000
v -4.350000 7.534421 -4.000000
v -6.151829 6.151829 -4.000000
v -7.534421 4.350000 -4.000000
v -8.403555 2.251726 -4.000000
v -8.700000 0.000000 -14.000000
v -8.403555 -2.251726 -14.000000
v -7.534421 -4.350000 -14.000000
v -6.151829 -6.151829 -14.000000
v -4.350000 -7.534421 -14.000000
v -2.251726 -8.403555 -14.000000
v 0.000000 -8.700000 -14.000000
v 2.251726 -8.403555 -14.000000
v 4.350000 -7.534421 -14.000000
v 6.151829 -6.151829 -14.000000
v 7.534421 -4.350000 -14.000000
v 8.403555 -2.251726 -14.000000
v 8.700000 0.000000 -14.000000
v 8.403555 2.251726 -14.000000
v 7.534421 4.350000 -14.000000
v 6.151829 6.151829 -14.000000
v 4.350000 7.534421 -14.000000
v 2.251726 8.403555 -14.000000
v 0.000000 8.700000 -14.000000
v -2.251726 8.403555 -14.000000
v -4.350000 7.534421 -14.000000
v -6.151829 6.151829 -14.000000
v -7.534421 4.350000 -14.000000
v -8.403555 2.251726 -14.000000
v -8.700000 0.000000 -24.000000
v -8.403555 -2.251726 -24.000000
v -7.534421 -4.350000 -24.000000
v -6.151829 -6.151829 -24.000000
v -4.350000 -7.534421 -24.000000
v -2.251726 -8.403555 -24.000000
v 0.000000 -8.700000 -24.000000
v 2.251726 -8.403555 -24.000000
v 4.350000 -7.534421 -24.000000
v 6.151829 -6.151829 -24.000000
v 7.534421 -4.350000 -24.000000
v 8.403555 -2.251726 -24.000000
v 8.700000 0.000000 -24.000000
v 8.403555 2.251726 -24.000000
v 7.534421 4.350000 -24.000000
v 6.151829 6.151829 -24.000000
v 4.350000 7.534421 -24.000000
v 2.251726 8.403555 -24.000000
v 0.000000 8.700000 -24.000000
v -2.251726 8.403555 -24.000000
v -4.350000 7.534421 -24.000000
v -6.151829 6.151829 -24.000000
v -7.534421 4.350000 -24.000000
v -8.403555 2.251726 -24.000000
f 3485 3486 3487
f 3487 3486 3488
f 3487 3488 3489
f 3489 3488 3490
f 3489 3490 3491
f 3491 3490 3492
f 3491 3492 3493
f 3493 3492 3494
f 3493 3494 3495
f 3495 3494 3496
f 3495 3496 3497
f 3497 3496 3498
f 3497 3498 3499
f 3499 3498 3500
f 3499 3500 3501
f 3501 3500 3502
f 3501 3502 3503
f 3503 3502 3504
f 3503 3504 3505
f 3505 3504 3506
f 3505 3506 3507
f 3507 3506 3508
f 3507 3508 3509
f 3509 3508 3510
f 3509 3510 3511
f 3511 3510 3512
f 3511 3512 3513
f 3513 3512 3514
f 3513 3514 3515
f 3515 3514 3516
f 3515 3516 3517
f 3517 3516 3518
f 3517 3518 3519
f 3519 3518 3520
f 3519 3520 3521
f 3521 3520 3522
f 3521 3522 3523
f 3523 3522 3524
f 3523 3524 3525
f 3525 3524 3526
f 3525 3526 3527
f 3527 3526 3528
f 3527 3528 3529
f 3529 3528 3530
f 3529 3530 3531
f 3531 3530 3532
f 3531 3532 3485
f 3485 3532 3486
f 3533 3534 3535
f 3535 3534 3536
f 3535 3536 3537
f 3537 3536 3538
f 3537 3538 3539
f 3539 3538 3540
f 3539 3540 3541
f 3541 3540 3542
f 3541 3542 3543
f 3543 3542 3544
f 3543 3544 3545
f 3545 3544 3546
f 3545 3546 3547
f 3547 3546 3548
f 3547 3548 3549
f 3549 3548 3550
f 3549 3550 3551
f 3551 3550 3552
f 3551 3552 3553
f 3553 3552 3554
f 3553 3554 3555
f 3555 3554 3556
f 3555 3556 3557
f 3557 3556 3558
f 3557 3558 3559
f 3559 3558 3560
f 3559 3560 3561
f 3561 3560 3562
f 3561 3562 3563
f 3563 3562 3564
f 3563 3564 3565
f 3565 3564 3566
f 3565 3566 3567
f 3567 3566 3568
f 3567 3568 3569
f 3569 3568 3570
f 3569 3570 3571
f 3571 3570 3572
f 3571 3572 3573
f 3573 3572 3574
f 3573 3574 3575
f 3575 3574 3576
f 3575 3576 3577
f 3577 3576 3578
f 3577 3578 3579
f 3579 3578 3580
f 3579 3580 3533
f 3533 3580 3534
f 3488 3581 3490
f 3490 3581 3582
f 3490 3582 3492
f 3492 3582 3583
f 3492 3583 3494
f 3494 3583 3584
f 3494 3584 3496
f 3496 3584 3585
f 3496 3585 3498
f 3498 3585 3586
f 3498 3586 3500
f 3500 3586 3587
f 3500 3587 3502
f 3502 3587 3588
f 3502 3588 3504
f 3504 3588 3589
f 3504 3589 3506
f 3506 3589 3590
f 3506 3590 3508
f 3508 3590 3591
f 3508 3591 3510
f 3510 3591 3592
f 3510 3592 3512
f 3512 3592 3593
f 3512 3593 3514
f 3514 3593 3594
f 3514 3594 3516
f 3516 3594 3595
f 3516 3595 3518
f 3518 3595 3596
f 3518 3596 3520
f 3520 3596 3597
f 3520 3597 3522
f 3522 3597 3598
f 3522 3598 3524
f 3524 3598 3599
f 3524 3599 3526
f 3526 3599 3600
f 3526 3600 3528
f 3528 3600 3601
f 3528 3601 3530
f 3530 3601 3602
f 3530 3602 3532
f 3532 3602 3603
f 3532 3603 3486
f 3486 3603 3604
f 3486 3604 3488
f 3488 3604 3581
f 3581 3605 3582
f 3582 3605 3606
f 3582 3606 3583
f 3583 3606 3607
f 3583 3607 3584
f 3584 3607 3608
f 3584 3608 3585
f 3585 3608 3609
f 3585 3609 3586
f 3586 3609 3610
f 3586 3610 3587
f 3587 3610 3611
f 3587 3611 3588
f 3588 3611 3612
f 3588 3612 3589
f 3589 3612 3613
f 3589 3613 3590
f 3590 3613 3614
f 3590 3614 3591
f 3591 3614 3615
f 3591 3615 3592
f 3592 3615 3616
f 3592 3616 3593
f 3593 3616 3617
f 3593 3617 3594
f 3594 3617 3618
f 3594 3618 3595
f 3595 3618 3619
f 3595 3619 3596
f 3596 3619 3620
f 3596 3620 3597
f 3597 3620 3621
f 3597 3621 3598
f 3598 3621 3622
f 3598 3622 3599
f 3599 3622 3623
f 3599 3623 3600
f 3600 3623 3624
f 3600 3624 3601
f 3601 3624 3625
f 3601 3625 3602
f 3602 3625 3626
f 3602 3626 3603
f 3603 3626 3627
f 3603 3627 3604
f 3604 3627 3628
f 3604 3628 3581
f 3581 3628 3605
f 3605 3629 3606
f 3606 3629 3630
f 3606 3630 3607
f 3607 3630 3631
f 3607 3631 3608
f 3608 3631 3632
f 3608 3632 3609
f 3609 3632 3633
f 3609 3633 3610
f 3610 3633 3634
f 3610 3634 3611
f 3611 3634 3635
f 3611 3635 3612
f 3612 3635 3636
f 3612 3636 3613
f 3613 3636 3637
f 3613 3637 3614
f 3614 3637 3638
f 3614 3638 3615
f 3615 3638 3639
f 3615 3639 3616
f 3616 3639 3640
f 3616 3640 3617
f 3617 3640 3641
f 3617 3641 3618
f 3618 3641 3642
f 3618 3642 3619
f 3619 3642 3643
f 3619 3643 3620
f 3620 3643 3644
f 3620 3644 3621
f 3621 3644 3645
f 3621 3645 3622
f 3622 3645 3646
f 3622 3646 3623
f 3623 3646 3647
f 3623 3647 3624
f 3624 3647 3648
f 3624 3648 3625
f 3625 3648 3649
f 3625 3649 3626
f 3626 3649 3650
f 3626 3650 3627
f 3627 3650 3651
f 3627 3651 3628
f 3628 3651 3652
f 3628 3652 3605
f 3605 3652 3629
f 3629 3653 3630
f 3630 3653 3654
f 3630 3654 3631
f 3631 3654 3655
f 3631 3655 3632
f 3632 3655 3656
f 3632 3656 3633
f 3633 3656 3657
f 3633 3657 3634
f 3634 3657 3658
f 3634 3658 3635
f 3635 3658 3659
f 3635 3659 3636
f 3636 3659 3660
f 3636 3660 3637
f 3637 3660 3661
f 3637 3661 3638
f 3638 3661 3662
f 3638 3662 3639
f 3639 3662 3663
f 3639 3663 3640
f 3640 3663 3664
f 3640 3664 3641
f 3641 3664 3665
f 3641 3665 3642
f 3642 3665 3666
f 3642 3666 3643
f 3643 3666 3667
f 3643 3667 3644
f 3644 3667 3668
f 3644 3668 3645
f 3645 3668 3669
f 3645 3669 3646
f 3646 3669 3670
f 3646 3670 3647
f 3647 3670 3671
f 3647 3671 3648
f 3648 3671 3672
f 3648 3672 3649
f 3649 3672 3673
f 3649 3673 3650
f 3650 3673 3674
f 3650 3674 3651
f 3651 3674 3675
f 3651 3675 3652
f 3652 3675 3676
f 3652 3676 3629
f 3629 3676 3653
f 3653 3536 3654
f 3654 3536 3534
f 3654 3534 3655
f 3655 3534 3580
f 3655 3580 3656
f 3656 3580 3578
f 3656 3578 3657
f 3657 3578 3576
f 3657 3576 3658
f 3658 3576 3574
f 3658 3574 3659
f 3659 3574 3572
f 3659 3572 3660
f 3660 3572 3570
f 3660 3570 3661
f 3661 3570 3568
f 3661 3568 3662
f 3662 3568 3566
f 3662 3566 3663
f 3663 3566 3564
f 3663 3564 3664
f 3664 3564 3562
f 3664 3562 3665
f 3665 3562 3560
f 3665 3560 3666
f 3666 3560 3558
f 3666 3558 3667
f 3667 3558 3556
f 3667 3556 3668
f 3668 3556 3554
f 3668 3554 3669
f 3669 3554 3552
f 3669 3552 3670
f 3670 3552 3550
f 3670 3550 3671
f 3671 3550 3548
f 3671 3548 3672
f 3672 3548 3546
f 3672 3546 3673
f 3673 3546 3544
f 3673 3544 3674
f 3674 3544 3542
f 3674 3542 3675
f 3675 3542 3540
f 3675 3540 3676
f 3676 3540 3538
f 3676 3538 3653
f 3653 3538 3536
f 3677 3678 3679
f 3679 3678 3680
f 3679 3680 3681
f 3681 3680 3682
f 3681 3682 3683
f 3683 3682 3684
f 3683 3684 3685
f 3685 3684 3686
f 3685 3686 3687
f 3687 3686 3688
f 3687 3688 3689
f 3689 3688 3690
f 3689 3690 3691
f 3691 3690 3692
f 3691 3692 3693
f 3693 3692 3694
f 3693 3694 3695
f 3695 3694 3696
f 3695 3696 3697
f 3697 3696 3698
f 3697 3698 3699
f 3699 3698 3700
f 3699 3700 3701
f 3701 3700 3702
f 3701 3702 3703
f 3703 3702 3704
f 3703 3704 3705
f 3705 3704 3706
f 3705 3706 3707
f 3707 3706 3708
f 3707 3708 3709
f 3709 3708 3710
f 3709 3710 3711
f 3711 3710 3712
f 3711 3712 3713
f 3713 3712 3714
f 3713 3714 3715
f 3715 3714 3716
f 3715 3716 3717
f 3717 3716 3718
f 3717 3718 3719
f 3719 3718 3720
f 3719 3720 3721
f 3721 3720 3722
f 3721 3722 3723
f 3723 3722 3724
f 3723 3724 3725
f 3725 3724 3677
f 3725 3677 3679
f 3726 3727 3728
f 3728 3727 3729
f 3728 3729 3730
f 3730 3729 3731
f 3730 3731 3732
f 3732 3731 3733
f 3732 3733 3734
f 3734 3733 3735
f 3734 3735 3736
f 3736 3735 3737
f 3736 3737 3738
f 3738 3737 3739
f 3738 3739 3740
f 3740 3739 3741
f 3740 3741 3742
f 3742 3741 3743
f 3742 3743 3744
f 3744 3743 3745
f 3744 3745 3746
f 3746 3745 3747
f 3746 3747 3748
f 3748 3747 3749
f 3748 3749 3750
f 3750 3749 3751
f 3750 3751 3752
f 3752 3751 3753
f 3752 3753 3754
f 3754 3753 3755
f 3754 3755 3756
f 3756 3755 3757
f 3756 3757 3758
f 3758 3757 3759
f 3758 3759 3760
f 3760 3759 3761
f 3760 3761 3762
f 3762 3761 3763
f 3762 3763 3764
f 3764 3763 3765
f 3764 3765 3766
f 3766 3765 3767
f 3766 3767 3768
f 3768 3767 3769
f 3768 3769 3770
f 3770 3769 3771
f 3770 3771 3772
f 3772 3771 3773
f 3772 3773 3774
f 3774 3773 3726
f 3774 3726 3728
f 3679 3775 3725
f 3725 3775 3776
f 3725 3776 3723
f 3723 3776 3777
f 3723 3777 3721
f 3721 3777 3778
f 3721 3778 3719
f 3719 3778 3779
f 3719 3779 3717
f 3717 3779 3780
f 3717 3780 3715
f 3715 3780 3781
f 3715 3781 3713
f 3713 3781 3782
f 3713 3782 3711
f 3711 3782 3783
f 3711 3783 3709
f 3709 3783 3784
f 3709 3784 3707
f 3707 3784 3785
f 3707 3785 3705
f 3705 3785 3786
f 3705 3786 3703
f 3703 3786 3787
f 3703 3787 3701
f 3701 3787 3788
f 3701 3788 3699
f 3699 3788 3789
f 3699 3789 3697
f 3697 3789 3790
f 3697 3790 3695
f 3695 3790 3791
f 3695 3791 3693
f 3693 3791 3792
f 3693 3792 3691
f 3691 3792 3793
f 3691 3793 3689
f 3689 3793 3794
f 3689 3794 3687
f 3687 3794 3795
f 3687 3795 3685
f 3685 3795 3796
f 3685 3796 3683
f 3683 3796 3797
f 3683 3797 3681
f 3681 3797 3798
f 3681 3798 3679
f 3679 3798 3775
f 3775 3799 3776
f 3776 3799 3800
f 3776 3800 3777
f 3777 3800 3801
f 3777 3801 3778
f 3778 3801 3802
f 3778 3802 3779
f 3779 3802 3803
f 3779 3803 3780
f 3780 3803 3804
f 3780 3804 3781
f 3781 3804 3805
f 3781 3805 3782
f 3782 3805 3806
f 3782 3806 3783
f 3783 3806 3807
f 3783 3807 3784
f 3784 3807 3808
f 3784 3808 3785
f 3785 3808 3809
f 3785 3809 3786
f 3786 3809 3810
f 3786 3810 3787
f 3787 3810 3811
f 3787 3811 3788
f 3788 3811 3812
f 3788 3812 3789
f 3789 3812 3813
f 3789 3813 3790
f 3790 3813 3814
f 3790 3814 3791
f 3791 3814 3815
f 3791 3815 3792
f 3792 3815 3816
f 3792 3816 3793
f 3793 3816 3817
f 3793 3817 3794
f 3794 3817 3818
f 3794 3818 3795
f 3795 3818 3819
f 3795 3819 3796
f 3796 3819 3820
f 3796 3820 3797
f 3797 3820 3821
f 3797 3821 3798
f 3798 3821 3822
f 3798 3822 3775
f 3775 3822 3799
f 3799 3823 3800
f 3800 3823 3824
f 3800 3824 3801
f 3801 3824 3825
f 3801 3825 3802
f 3802 3825 3826
f 3802 3826 3803
f 3803 3826 3827
f 3803 3827 3804
f 3804 3827 3828
f 3804 3828 3805
f 3805 3828 3829
f 3805 3829 3806
f 3806 3829 3830
f 3806 3830 3807
f 3807 3830 3831
f 3807 3831 3808
f 3808 3831 3832
f 3808 3832 3809
f 3809 3832 3833
f 3809 3833 3810
f 3810 3833 3834
f 3810 3834 3811
f 3811 3834 3835
f 3811 3835 3812
f 3812 3835 3836
f 3812 3836 3813
f 3813 3836 3837
f 3813 3837 3814
f 3814 3837 3838
f 3814 3838 3815
f 3815 3838 3839
f 3815 3839 3816
f 3816 3839 3840
f 3816 3840 3817
f 3817 3840 3841
f 3817 3841 3818
f 3818 3841 3842
f 3818 3842 3819
f 3819 3842 3843
f 3819 3843 3820
f 3820 3843 3844
f 3820 3844 3821
f 3821 3844 3845
f 3821 3845 3822
f 3822 3845 3846
f 3822 3846 3799
f 3799 3846 3823
f 3823 3847 3824
f 3824 3847 3848
f 3824 3848 3825
f 3825 3848 3849
f 3825 3849 3826
f 3826 3849 3850
f 3826 3850 3827
f 3827 3850 3851
f 3827 3851 3828
f 3828 3851 3852
f 3828 3852 3829
f 3829 3852 3853
f 3829 3853 3830
f 3830 3853 3854
f 3830 3854 3831
f 3831 3854 3855
f 3831 3855 3832
f 3832 3855 3856
f 3832 3856 3833
f 3833 3856 3857
f 3833 3857 3834
f 3834 3857 3858
f 3834 3858 3835
f 3835 3858 3859
f 3835 3859 3836
f 3836 3859 3860
f 3836 3860 3837
f 3837 3860 3861
f 3837 3861 3838
f 3838 3861 3862
f 3838 3862 3839
f 3839 3862 3863
f 3839 3863 3840
f 3840 3863 3864
f 3840 3864 3841
f 3841 3864 3865
f 3841 3865 3842
f 3842 3865 3866
f 3842 3866 3843
f 3843 3866 3867
f 3843 3867 3844
f 3844 3867 3868
f 3844 3868 3845
f 3845 3868 3869
f 3845 3869 3846
f 3846 3869 3870
f 3846 3870 3823
f 3823 3870 3847
f 3847 3728 3848
f 3848 3728 3730
f 3848 3730 3849
f 3849 3730 3732
f 3849 3732 3850
f 3850 3732 3734
f 3850 3734 3851
f 3851 3734 3736
f 3851 3736 3852
f 3852 3736 3738
f 3852 3738 3853
f 3853 3738 3740
f 3853 3740 3854
f 3854 3740 3742
f 3854 3742 3855
f 3855 3742 3744
f 3855 3744 3856
f 3856 3744 3746
f 3856 3746 3857
f 3857 3746 3748
f 3857 3748 3858
f 3858 3748 3750
f 3858 3750 3859
f 3859 3750 3752
f 3859 3752 3860
f 3860 3752 3754
f 3860 3754 3861
f 3861 3754 3756
f 3861 3756 3862
f 3862 3756 3758
f 3862 3758 3863
f 3863 3758 3760
f 3863 3760 3864
f 3864 3760 3762
f 3864 3762 3865
f 3865 3762 3764
f 3865 3764 3866
f 3866 3764 3766
f 3866 3766 3867
f 3867 3766 3768
f 3867 3768 3868
f 3868 3768 3770
f 3868 3770 3869
f 3869 3770 3772
f 3869 3772 3870
f 3870 3772 3774
f 3870 3774 3847
f 3847 3774 3728
f 3489 3680 3487
f 3487 3680 3678
f 3487 3678 3677
f 3680 3489 3682
f 3682 3489 3491
f 3682 3491 3684
f 3684 3491 3493
f 3684 3493 3686
f 3686 3493 3495
f 3686 3495 3688
f 3688 3495 3497
f 3688 3497 3690
f 3690 3497 3499
f 3690 3499 3692
f 3692 3499 3501
f 3692 3501 3694
f 3694 3501 3503
f 3694 3503 3696
f 3696 3503 3505
f 3696 3505 3698
f 3698 3505 3507
f 3698 3507 3700
f 3700 3507 3509
f 3700 3509 3702
f 3702 3509 3511
f 3702 3511 3704
f 3704 3511 3513
f 3704 3513 3706
f 3706 3513 3515
f 3706 3515 3708
f 3708 3515 3517
f 3708 3517 3710
f 3710 3517 3519
f 3710 3519 3712
f 3712 3519 3521
f 3712 3521 3714
f 3714 3521 3523
f 3714 3523 3716
f 3716 3523 3525
f 3716 3525 3718
f 3718 3525 3527
f 3718 3527 3720
f 3720 3527 3529
f 3720 3529 3722
f 3722 3529 3531
f 3722 3531 3724
f 3724 3531 3485
f 3724 3485 3677
f 3677 3485 3487
f 3537 3729 3535
f 3535 3729 3727
f 3535 3727 3726
f 3729 3537 3731
f 3731 3537 3539
f 3731 3539 3733
f 3733 3539 3541
f 3733 3541 3735
f 3735 3541 3543
f 3735 3543 3737
f 3737 3543 3545
f 3737 3545 3739
f 3739 3545 3547
f 3739 3547 3741
f 3741 3547 3549
f 3741 3549 3743
f 3743 3549 3551
f 3743 3551 3745
f 3745 3551 3553
f 3745 3553 3747
f 3747 3553 3555
f 3747 3555 3749
f 3749 3555 3557
f 3749 3557 3751
f 3751 3557 3559
f 3751 3559 3753
f 3753 3559 3561
f 3753 3561 3755
f 3755 3561 3563
f 3755 3563 3757
f 3757 3563 3565
f 3757 3565 3759
f 3759 3565 3567
f 3759 3567 3761
f 3761 3567 3569
f 3761 3569 3763
f 3763 3569 3571
f 3763 3571 3765
f 3765 3571 3573
f 3765 3573 3767
f 3767 3573 3575
f 3767 3575 3769
f 3769 3575 3577
f 3769 3577 3771
f 3771 3577 3579
f 3771 3579 3773
f 3773 3579 3533
f 3773 3533 3726
f 3726 3533 3535
g 2 (1)

v -8.113777 -2.174080 116.000000
v -8.113777 -2.174080 104.750000
v -8.400000 0.000000 116.000000
v -8.400000 0.000000 104.750000
v -8.113777 2.174080 116.000000
v -8.113777 2.174080 104.750000
v -7.274613 4.200000 116.000000
v -7.274613 4.200000 104.750000
v -5.939697 5.939697 116.000000
v -5.939697 5.939697 104.750000
v -4.200000 7.274613 116.000000
v -4.200000 7.274613 104.750000
v -2.174080 8.113777 116.000000
v -2.174080 8.113777 104.750000
v 0.000000 8.400000 116.000000
v 0.000000 8.400000 104.750000
v 2.174080 8.113777 116.000000
v 2.174080 8.113777 104.750000
v 4.200000 7.274613 116.000000
v 4.200000 7.274613 104.750000
v 5.939697 5.939697 116.000000
v 5.939697 5.939697 104.750000
v 7.274613 4.200000 116.000000
v 7.274613 4.200000 104.750000
v 8.113777 2.174080 116.000000
v 8.113777 2.174080 104.750000
v 8.400000 0.000000 116.000000
v 8.400000 0.000000 104.750000
v 8.113777 -2.174080 116.000000
v 8.113777 -2.174080 104.750000
v 7.274613 -4.200000 116.000000
v 7.274613 -4.200000 104.750000
v 5.939697 -5.939697 116.000000
v 5.939697 -5.939697 104.750000
v 4.200000 -7.274613 116.000000
v 4.200000 -7.274613 104.750000
v 2.174080 -8.113777 116.000000
v 2.174080 -8.113777 104.750000
v 0.000000 -8.400000 116.000000
v 0.000000 -8.400000 104.750000
v -2.174080 -8.113777 116.000000
v -2.174080 -8.113777 104.750000
v -4.200000 -7.274613 116.000000
v -4.200000 -7.274613 104.750000
v -5.939697 -5.939697 116.000000
v -5.939697 -5.939697 104.750000
v -7.274613 -4.200000 116.000000
v -7.274613 -4.200000 104.750000
v -8.113777 2.174080 26.000000
v -8.113777 2.174080 37.250000
v -8.400000 0.000000 26.000000
v -8.400000 0.000000 37.250000
v -8.113777 -2.174080 26.000000
v -8.113777 -2.174080 37.250000
v -7.274613 -4.200000 26.000000
v -7.274613 -4.200000 37.250000
v -5.939697 -5.939697 26.000000
v -5.939697 -5.939697 37.250000
v -4.200000 -7.274613 26.000000
v -4.200000 -7.274613 37.250000
v -2.174080 -8.113777 26.000000
v -2.174080 -8.113777 37.250000
v 0.000000 -8.400000 26.000000
v 0.000000 -8.400000 37.250000
v 2.174080 -8.113777 26.000000
v 2.174080 -8.113777 37.250000
v 4.200000 -7.274613 26.000000
v 4.200000 -7.274613 37.250000
v 5.939697 -5.939697 26.000000
v 5.939697 -5.939697 37.250000
v 7.274613 -4.200000 26.000000
v 7.274613 -4.200000 37.250000
v 8.113777 -2.174080 26.000000
v 8.113777 -2.174080 37.250000
v 8.400000 0.000000 26.000000
v 8.400000 0.000000 37.250000
v 8.113777 2.174080 26.000000
v 8.113777 2.174080 37.250000
v 7.274613 4.200000 26.000000
v 7.274613 4.200000 37.250000
v 5.939697 5.939697 26.000000
v 5.939697 5.939697 37.250000
v 4.200000 7.274613 26.000000
v 4.200000 7.274613 37.250000
v 2.174080 8.113777 26.000000
v 2.174080 8.113777 37.250000
v 0.000000 8.400000 26.000000
v 0.000000 8.400000 37.250000
v -2.174080 8.113777 26.000000
v -2.174080 8.113777 37.250000
v -4.200000 7.274613 26.000000
v -4.200000 7.274613 37.250000
v -5.939697 5.939697 26.000000
v -5.939697 5.939697 37.250000
v -7.274613 4.200000 26.000000
v -7.274613 4.200000 37.250000
v -8.400000 0.000000 93.500000
v -8.113777 2.174080 93.500000
v -7.274613 4.200000 93.500000
v -5.939697 5.939697 93.500000
v -4.200000 7.274613 93.500000
v -2.174080 8.113777 93.500000
v 0.000000 8.400000 93.500000
v 2.174080 8.113777 93.500000
v 4.200000 7.274613 93.500000
v 5.939697 5.939697 93.500000
v 7.274613 4.200000 93.500000
v 8.113777 2.174080 93.500000
v 8.400000 0.000000 93.500000
v 8.113777 -2.174080 93.500000
v 7.274613 -4.200000 93.500000
v 5.939697 -5.939697 93.500000
v 4.200000 -7.274613 93.500000
v 2.174080 -8.113777 93.500000
v 0.000000 -8.400000 93.500000
v -2.174080 -8.113777 93.500000
v -4.200000 -7.274613 93.500000
v -5.939697 -5.939697 93.500000
v -7.274613 -4.200000 93.500000
v -8.113777 -2.174080 93.500000
v -8.400000 0.000000 82.250000
v -8.113777 2.174080 82.250000
v -7.274613 4.200000 82.250000
v -5.939697 5.939697 82.250000
v -4.200000 7.274613 82.250000
v -2.174080 8.113777 82.250000
v 0.000000 8.400000 82.250000
v 2.174080 8.113777 82.250000
v 4.200000 7.274613 82.250000
v 5.939697 5.939697 82.250000
v 7.274613 4.200000 82.250000
v 8.113777 2.174080 82.250000
v 8.400000 0.000000 82.250000
v 8.113777 -2.174080 82.250000
v 7.274613 -4.200000 82.250000
v 5.939697 -5.939697 82.250000
v 4.200000 -7.274613 82.250000
v 2.174080 -8.113777 82.250000
v 0.000000 -8.400000 82.250000
v -2.174080 -8.113777 82.250000
v -4.200000 -7.274613 82.250000
v -5.939697 -5.939697 82.250000
v -7.274613 -4.200000 82.250000
v -8.113777 -2.174080 82.250000
v -8.400000 0.000000 71.000000
v -8.113777 2.174080 71.000000
v -7.274613 4.200000 71.000000
v -5.939697 5.939697 71.000000
v -4.200000 7.274613 71.000000
v -2.174080 8.113777 71.000000
v 0.000000 8.400000 71.000000
v 2.174080 8.113777 71.000000
v 4.200000 7.274613 71.000000
v 5.939697 5.939697 71.000000
v 7.274613 4.200000 71.000000
v 8.113777 2.174080 71.000000
v 8.400000 0.000000 71.000000
v 8.113777 -2.174080 71.000000
v 7.274613 -4.200000 71.000000
v 5.939697 -5.939697 71.000000
v 4.200000 -7.274613 71.000000
v 2.174080 -8.113777 71.000000
v 0.000000 -8.400000 71.000000
v -2.174080 -8.113777 71.000000
v -4.200000 -7.274613 71.000000
v -5.939697 -5.939697 71.000000
v -7.274613 -4.200000 71.000000
v -8.113777 -2.174080 71.000000
v -8.400000 0.000000 59.750000
v -8.113777 2.174080 59.750000
v -7.274613 4.200000 59.750000
v -5.939697 5.939697 59.750000
v -4.200000 7.274613 59.750000
v -2.174080 8.113777 59.750000
v 0.000000 8.400000 59.750000
v 2.174080 8.113777 59.750000
v 4.200000 7.274613 59.750000
v 5.939697 5.939697 59.750000
v 7.274613 4.200000 59.750000
v 8.113777 2.174080 59.750000
v 8.400000 0.000000 59.750000
v 8.113777 -2.174080 59.750000
v 7.274613 -4.200000 59.750000
v 5.939697 -5.939697 59.750000
v 4.200000 -7.274613 59.750000
v 2.174080 -8.113777 59.750000
v 0.000000 -8.400000 59.750000
v -2.174080 -8.113777 59.750000
v -4.200000 -7.274613 59.750000
v -5.939697 -5.939697 59.750000
v -7.274613 -4.200000 59.750000
v -8.113777 -2.174080 59.750000
v -8.400000 0.000000 48.500000
v -8.113777 2.174080 48.500000
v -7.274613 4.200000 48.500000
v -5.939697 5.939697 48.500000
v -4.200000 7.274613 48.500000
v -2.174080 8.113777 48.500000
v 0.000000 8.400000 48.500000
v 2.174080 8.113777 48.500000
v 4.200000 7.274613 48.500000
v 5.939697 5.939697 48.500000
v 7.274613 4.200000 48.500000
v 8.113777 2.174080 48.500000
v 8.400000 0.000000 48.500000
v 8.113777 -2.174080 48.500000
v 7.274613 -4.200000 48.500000
v 5.939697 -5.939697 48.500000
v 4.200000 -7.274613 48.500000
v 2.174080 -8.113777 48.500000
v 0.000000 -8.400000 48.500000
v -2.174080 -8.113777 48.500000
v -4.200000 -7.274613 48.500000
v -5.939697 -5.939697 48.500000
v -7.274613 -4.200000 48.500000
v -8.113777 -2.174080 48.500000
v -8.403555 2.251726 116.000000
v -8.403555 2.251726 104.750000
v -8.700000 0.000000 116.000000
v -8.700000 0.000000 104.750000
v -8.403555 -2.251726 116.000000
v -8.403555 -2.251726 104.750000
v -7.534421 -4.350000 116.000000
v -7.534421 -4.350000 104.750000
v -6.151829 -6.151829 116.000000
v -6.151829 -6.151829 104.750000
v -4.350000 -7.534421 116.000000
v -4.350000 -7.534421 104.750000
v -2.251726 -8.403555 116.000000
v -2.251726 -8.403555 104.750000
v 0.000000 -8.700000 116.000000
v 0.000000 -8.700000 104.750000
v 2.251726 -8.403555 116.000000
v 2.251726 -8.403555 104.750000
v 4.350000 -7.534421 116.000000
v 4.350000 -7.534421 104.750000
v 6.151829 -6.151829 116.000000
v 6.151829 -6.151829 104.750000
v 7.534421 -4.350000 116.000000
v 7.534421 -4.350000 104.750000
v 8.403555 -2.251726 116.000000
v 8.403555 -2.251726 104.750000
v 8.700000 0.000000 116.000000
v 8.700000 0.000000 104.750000
v 8.403555 2.251726 116.000000
v 8.403555 2.251726 104.750000
v 7.534421 4.350000 116.000000
v 7.534421 4.350000 104.750000
v 6.151829 6.151829 116.000000
v 6.151829 6.151829 104.750000
v 4.350000 7.534421 116.000000
v 4.350000 7.534421 104.750000
v 2.251726 8.403555 116.000000
v 2.251726 8.403555 104.750000
v 0.000000 8.700000 116.000000
v 0.000000 8.700000 104.750000
v -2.251726 8.403555 116.000000
v -2.251726 8.403555 104.750000
v -4.350000 7.534421 116.000000
v -4.350000 7.534421 104.750000
v -6.151829 6.151829 116.000000
v -6.151829 6.151829 104.750000
v -7.534421 4.350000 116.000000
v -7.534421 4.350000 104.750000
v -8.403555 -2.251726 26.000000
v -8.403555 -2.251726 37.250000
v -8.700000 0.000000 26.000000
v -8.700000 0.000000 37.250000
v -8.403555 2.251726 26.000000
v -8.403555 2.251726 37.250000
v -7.534421 4.350000 26.000000
v -7.534421 4.350000 37.250000
v -6.151829 6.151829 26.000000
v -6.151829 6.151829 37.250000
v -4.350000 7.534421 26.000000
v -4.350000 7.534421 37.250000
v -2.251726 8.403555 26.000000
v -2.251726 8.403555 37.250000
v 0.000000 8.700000 26.000000
v 0.000000 8.700000 37.250000
v 2.251726 8.403555 26.000000
v 2.251726 8.403555 37.250000
v 4.350000 7.534421 26.000000
v 4.350000 7.534421 37.250000
v 6.151829 6.151829 26.000000
v 6.151829 6.151829 37.250000
v 7.534421 4.350000 26.000000
v 7.534421 4.350000 37.250000
v 8.403555 2.251726 26.000000
v 8.403555 2.251726 37.250000
v 8.700000 0.000000 26.000000
v 8.700000 0.000000 37.250000
v 8.403555 -2.251726 26.000000
v 8.403555 -2.251726 37.250000
v 7.534421 -4.350000 26.000000
v 7.534421 -4.350000 37.250000
v 6.151829 -6.151829 26.000000
v 6.151829 -6.151829 37.250000
v 4.350000 -7.534421 26.000000
v 4.350000 -7.534421 37.250000
v 2.251726 -8.403555 26.000000
v 2.251726 -8.403555 37.250000
v 0.000000 -8.700000 26.000000
v 0.000000 -8.700000 37.250000
v -2.251726 -8.403555 26.000000
v -2.251726 -8.403555 37.250000
v -4.350000 -7.534421 26.000000
v -4.350000 -7.534421 37.250000
v -6.151829 -6.151829 26.000000
v -6.151829 -6.151829 37.250000
v -7.534421 -4.350000 26.000000
v -7.534421 -4.350000 37.250000
v -8.700000 0.000000 93.500000
v -8.403555 -2.251726 93.500000
v -7.534421 -4.350000 93.500000
v -6.151829 -6.151829 93.500000
v -4.350000 -7.534421 93.500000
v -2.251726 -8.403555 93.500000
v 0.000000 -8.700000 93.500000
v 2.251726 -8.403555 93.500000
v 4.350000 -7.534421 93.500000
v 6.151829 -6.151829 93.500000
v 7.534421 -4.350000 93.500000
v 8.403555 -2.251726 93.500000
v 8.700000 0.000000 93.500000
v 8.403555 2.251726 93.500000
v 7.534421 4.350000 93.500000
v 6.151829 6.151829 93.500000
v 4.350000 7.534421 93.500000
v 2.251726 8.403555 93.500000
v 0.000000 8.700000 93.500000
v -2.251726 8.403555 93.500000
v -4.350000 7.534421 93.500000
v -6.151829 6.151829 93.500000
v -7.534421 4.350000 93.500000
v -8.403555 2.251726 93.500000
v -8.700000 0.000000 82.250000
v -8.403555 -2.251726 82.250000
v -7.534421 -4.350000 82.250000
v -6.151829 -6.151829 82.250000
v -4.350000 -7.534421 82.250000
v -2.251726 -8.403555 82.250000
v 0.000000 -8.700000 82.250000
v 2.251726 -8.403555 82.250000
v 4.350000 -7.534421 82.250000
v 6.151829 -6.151829 82.250000
v 7.534421 -4.350000 82.250000
v 8.403555 -2.251726 82.250000
v 8.700000 0.000000 82.250000
v 8.403555 2.251726 82.250000
v 7.534421 4.350000 82.250000
v 6.151829 6.151829 82.250000
v 4.350000 7.534421 82.250000
v 2.251726 8.403555 82.250000
v 0.000000 8.700000 82.250000
v -2.251726 8.403555 82.250000
v -4.350000 7.534421 82.250000
v -6.151829 6.151829 82.250000
v -7.534421 4.350000 82.250000
v -8.403555 2.251726 82.250000
v -8.700000 0.000000 71.000000
v -8.403555 -2.251726 71.000000
v -7.534421 -4.350000 71.000000
v -6.151829 -6.151829 71.000000
v -4.350000 -7.534421 71.000000
v -2.251726 -8.403555 71.000000
v 0.000000 -8.700000 71.000000
v 2.251726 -8.403555 71.000000
v 4.350000 -7.534421 71.000000
v 6.151829 -6.151829 71.000000
v 7.534421 -4.350000 71.000000
v 8.403555 -2.251726 71.000000
v 8.700000 0.000000 71.000000
v 8.403555 2.251726 71.000000
v 7.534421 4.350000 71.000000
v 6.151829 6.151829 71.000000
v 4.350000 7.534421 71.000000
v 2.251726 8.403555 71.000000
v 0.000000 8.700000 71.000000
v -2.251726 8.403555 71.000000
v -4.350000 7.534421 71.000000
v -6.151829 6.151829 71.000000
v -7.534421 4.350000 71.000000
v -8.403555 2.251726 71.000000
v -8.700000 0.000000 59.750000
v -8.403555 -2.251726 59.750000
v -7.534421 -4.350000 59.750000
v -6.151829 -6.151829 59.750000
v -4.350000 -7.534421 59.750000
v -2.251726 -8.403555 59.750000
v 0.000000 -8.700000 59.750000
v 2.251726 -8.403555 59.750000
v 4.350000 -7.534421 59.750000
v 6.151829 -6.151829 59.750000
v 7.534421 -4.350000 59.750000
v 8.403555 -2.251726 59.750000
v 8.700000 0.000000 59.750000
v 8.403555 2.251726 59.750000
v 7.534421 4.350000 59.750000
v 6.151829 6.151829 59.750000
v 4.350000 7.534421 59.750000
v 2.251726 8.403555 59.750000
v 0.000000 8.700000 59.750000
v -2.251726 8.403555 59.750000
v -4.350000 7.534421 59.750000
v -6.151829 6.151829 59.750000
v -7.534421 4.350000 59.750000
v -8.403555 2.251726 59.750000
v -8.700000 0.000000 48.500000
v -8.403555 -2.251726 48.500000
v -7.534421 -4.350000 48.500000
v -6.151829 -6.151829 48.500000
v -4.350000 -7.534421 48.500000
v -2.251726 -8.403555 48.500000
v 0.000000 -8.700000 48.500000
v 2.251726 -8.403555 48.500000
v 4.350000 -7.534421 48.500000
v 6.151829 -6.151829 48.500000
v 7.534421 -4.350000 48.500000
v 8.403555 -2.251726 48.500000
v 8.700000 0.000000 48.500000
v 8.403555 2.251726 48.500000
v 7.534421 4.350000 48.500000
v 6.151829 6.151829 48.500000
v 4.350000 7.534421 48.500000
v 2.251726 8.403555 48.500000
v 0.000000 8.700000 48.500000
v -2.251726 8.403555 48.500000
v -4.350000 7.534421 48.500000
v -6.151829 6.151829 48.500000
v -7.534421 4.350000 48.500000
v -8.403555 2.251726 48.500000
f 3871 3872 3873
f 3873 3872 3874
f 3873 3874 3875
f 3875 3874 3876
f 3875 3876 3877
f 3877 3876 3878
f 3877 3878 3879
f 3879 3878 3880
f 3879 3880 3881
f 3881 3880 3882
f 3881 3882 3883
f 3883 3882 3884
f 3883 3884 3885
f 3885 3884 3886
f 3885 3886 3887
f 3887 3886 3888
f 3887 3888 3889
f 3889 3888 3890
f 3889 3890 3891
f 3891 3890 3892
f 3891 3892 3893
f 3893 3892 3894
f 3893 3894 3895
f 3895 3894 3896
f 3895 3896 3897
f 3897 3896 3898
f 3897 3898 3899
f 3899 3898 3900
f 3899 3900 3901
f 3901 3900 3902
f 3901 3902 3903
f 3903 3902 3904
f 3903 3904 3905
f 3905 3904 3906
f 3905 3906 3907
f 3907 3906 3908
f 3907 3908 3909
f 3909 3908 3910
f 3909 3910 3911
f 3911 3910 3912
f 3911 3912 3913
f 3913 3912 3914
f 3913 3914 3915
f 3915 3914 3916
f 3915 3916 3917
f 3917 3916 3918
f 3917 3918 3871
f 3871 3918 3872
f 3919 3920 3921
f 3921 3920 3922
f 3921 3922 3923
f 3923 3922 3924
f 3923 3924 3925
f 3925 3924 3926
f 3925 3926 3927
f 3927 3926 3928
f 3927 3928 3929
f 3929 3928 3930
f 3929 3930 3931
f 3931 3930 3932
f 3931 3932 3933
f 3933 3932 3934
f 3933 3934 3935
f 3935 3934 3936
f 3935 3936 3937
f 3937 3936 3938
f 3937 3938 3939
f 3939 3938 3940
f 3939 3940 3941
f 3941 3940 3942
f 3941 3942 3943
f 3943 3942 3944
f 3943 3944 3945
f 3945 3944 3946
f 3945 3946 3947
f 3947 3946 3948
f 3947 3948 3949
f 3949 3948 3950
f 3949 3950 3951
f 3951 3950 3952
f 3951 3952 3953
f 3953 3952 3954
f 3953 3954 3955
f 3955 3954 3956
f 3955 3956 3957
f 3957 3956 3958
f 3957 3958 3959
f 3959 3958 3960
f 3959 3960 3961
f 3961 3960 3962
f 3961 3962 3963
f 3963 3962 3964
f 3963 3964 3965
f 3965 3964 3966
f 3965 3966 3919
f 3919 3966 3920
f 3874 3967 3876
f 3876 3967 3968
f 3876 3968 3878
f 3878 3968 3969
f 3878 3969 3880
f 3880 3969 3970
f 3880 3970 3882
f 3882 3970 3971
f 3882 3971 3884
f 3884 3971 3972
f 3884 3972 3886
f 3886 3972 3973
f 3886 3973 3888
f 3888 3973 3974
f 3888 3974 3890
f 3890 3974 3975
f 3890 3975 3892
f 3892 3975 3976
f 3892 3976 3894
f 3894 3976 3977
f 3894 3977 3896
f 3896 3977 3978
f 3896 3978 3898
f 3898 3978 3979
f 3898 3979 3900
f 3900 3979 3980
f 3900 3980 3902
f 3902 3980 3981
f 3902 3981 3904
f 3904 3981 3982
f 3904 3982 3906
f 3906 3982 3983
f 3906 3983 3908
f 3908 3983 3984
f 3908 3984 3910
f 3910 3984 3985
f 3910 3985 3912
f 3912 3985 3986
f 3912 3986 3914
f 3914 3986 3987
f 3914 3987 3916
f 3916 3987 3988
f 3916 3988 3918
f 3918 3988 3989
f 3918 3989 3872
f 3872 3989 3990
f 3872 3990 3874
f 3874 3990 3967
f 3967 3991 3968
f 3968 3991 3992
f 3968 3992 3969
f 3969 3992 3993
f 3969 3993 3970
f 3970 3993 3994
f 3970 3994 3971
f 3971 3994 3995
f 3971 3995 3972
f 3972 3995 3996
f 3972 3996 3973
f 3973 3996 3997
f 3973 3997 3974
f 3974 3997 3998
f 3974 3998 3975
f 3975 3998 3999
f 3975 3999 3976
f 3976 3999 4000
f 3976 4000 3977
f 3977 4000 4001
f 3977 4001 3978
f 3978 4001 4002
f 3978 4002 3979
f 3979 4002 4003
f 3979 4003 3980
f 3980 4003 4004
f 3980 4004 3981
f 3981 4004 4005
f 3981 4005 3982
f 3982 4005 4006
f 3982 4006 3983
f 3983 4006 4007
f 3983 4007 3984
f 3984 4007 4008
f 3984 4008 3985
f 3985 4008 4009
f 3985 4009 3986
f 3986 4009 4010
f 3986 4010 3987
f 3987 4010 4011
f 3987 4011 3988
f 3988 4011 4012
f 3988 4012 3989
f 3989 4012 4013
f 3989 4013 3990
f 3990 4013 4014
f 3990 4014 3967
f 3967 4014 3991
f 3991 4015 3992
f 3992 4015 4016
f 3992 4016 3993
f 3993 4016 4017
f 3993 4017 3994
f 3994 4017 4018
f 3994 4018 3995
f 3995 4018 4019
f 3995 4019 3996
f 3996 4019 4020
f 3996 4020 3997
f 3997 4020 4021
f 3997 4021 3998
f 3998 4021 4022
f 3998 4022 3999
f 3999 4022 4023
f 3999 4023 4000
f 4000 4023 4024
f 4000 4024 4001
f 4001 4024 4025
f 4001 4025 4002
f 4002 4025 4026
f 4002 4026 4003
f 4003 4026 4027
f 4003 4027 4004
f 4004 4027 4028
f 4004 4028 4005
f 4005 4028 4029
f 4005 4029 4006
f 4006 4029 4030
f 4006 4030 4007
f 4007 4030 4031
f 4007 4031 4008
f 4008 4031 4032
f 4008 4032 4009
f 4009 4032 4033
f 4009 4033 4010
f 4010 4033 4034
f 4010 4034 4011
f 4011 4034 4035
f 4011 4035 4012
f 4012 4035 4036
f 4012 4036 4013
f 4013 4036 4037
f 4013 4037 4014
f 4014 4037 4038
f 4014 4038 3991
f 3991 4038 4015
f 4015 4039 4016
f 4016 4039 4040
f 4016 4040 4017
f 4017 4040 4041
f 4017 4041 4018
f 4018 4041 4042
f 4018 4042 4019
f 4019 4042 4043
f 4019 4043 4020
f 4020 4043 4044
f 4020 4044 4021
f 4021 4044 4045
f 4021 4045 4022
f 4022 4045 4046
f 4022 4046 4023
f 4023 4046 4047
f 4023 4047 4024
f 4024 4047 4048
f 4024 4048 4025
f 4025 4048 4049
f 4025 4049 4026
f 4026 4049 4050
f 4026 4050 4027
f 4027 4050 4051
f 4027 4051 4028
f 4028 4051 4052
f 4028 4052 4029
f 4029 4052 4053
f 4029 4053 4030
f 4030 4053 4054
f 4030 4054 4031
f 4031 4054 4055
f 4031 4055 4032
f 4032 4055 4056
f 4032 4056 4033
f 4033 4056 4057
f 4033 4057 4034
f 4034 4057 4058
f 4034 4058 4035
f 4035 4058 4059
f 4035 4059 4036
f 4036 4059 4060
f 4036 4060 4037
f 4037 4060 4061
f 4037 4061 4038
f 4038 4061 4062
f 4038 4062 4015
f 4015 4062 4039
f 4039 4063 4040
f 4040 4063 4064
f 4040 4064 4041
f 4041 4064 4065
f 4041 4065 4042
f 4042 4065 4066
f 4042 4066 4043
f 4043 4066 4067
f 4043 4067 4044
f 4044 4067 4068
f 4044 4068 4045
f 4045 4068 4069
f 4045 4069 4046
f 4046 4069 4070
f 4046 4070 4047
f 4047 4070 4071
f 4047 4071 4048
f 4048 4071 4072
f 4048 4072 4049
f 4049 4072 4073
f 4049 4073 4050
f 4050 4073 4074
f 4050 4074 4051
f 4051 4074 4075
f 4051 4075 4052
f 4052 4075 4076
f 4052 4076 4053
f 4053 4076 4077
f 4053 4077 4054
f 4054 4077 4078
f 4054 4078 4055
f 4055 4078 4079
f 4055 4079 4056
f 4056 4079 4080
f 4056 4080 4057
f 4057 4080 4081
f 4057 4081 4058
f 4058 4081 4082
f 4058 4082 4059
f 4059 4082 4083
f 4059 4083 4060
f 4060 4083 4084
f 4060 4084 4061
f 4061 4084 4085
f 4061 4085 4062
f 4062 4085 4086
f 4062 4086 4039
f 4039 4086 4063
f 4063 3922 4064
f 4064 3922 3920
f 4064 3920 4065
f 4065 3920 3966
f 4065 3966 4066
f 4066 3966 3964
f 4066 3964 4067
f 4067 3964 3962
f 4067 3962 4068
f 4068 3962 3960
f 4068 3960 4069
f 4069 3960 3958
f 4069 3958 4070
f 4070 3958 3956
f 4070 3956 4071
f 4071 3956 3954
f 4071 3954 4072
f 4072 3954 3952
f 4072 3952 4073
f 4073 3952 3950
f 4073 3950 4074
f 4074 3950 3948
f 4074 3948 4075
f 4075 3948 3946
f 4075 3946 4076
f 4076 3946 3944
f 4076 3944 4077
f 4077 3944 3942
f 4077 3942 4078
f 4078 3942 3940
f 4078 3940 4079
f 4079 3940 3938
f 4079 3938 4080
f 4080 3938 3936
f 4080 3936 4081
f 4081 3936 3934
f 4081 3934 4082
f 4082 3934 3932
f 4082 3932 4083
f 4083 3932 3930
f 4083 3930 4084
f 4084 3930 3928
f 4084 3928 4085
f 4085 3928 3926
f 4085 3926 4086
f 4086 3926 3924
f 4086 3924 4063
f 4063 3924 3922
f 4087 4088 4089
f 4089 4088 4090
f 4089 4090 4091
f 4091 4090 4092
f 4091 4092 4093
f 4093 4092 4094
f 4093 4094 4095
f 4095 4094 4096
f 4095 4096 4097
f 4097 4096 4098
f 4097 4098 4099
f 4099 4098 4100
f 4099 4100 4101
f 4101 4100 4102
f 4101 4102 4103
f 4103 4102 4104
f 4103 4104 4105
f 4105 4104 4106
f 4105 4106 4107
f 4107 4106 4108
f 4107 4108 4109
f 4109 4108 4110
f 4109 4110 4111
f 4111 4110 4112
f 4111 4112 4113
f 4113 4112 4114
f 4113 4114 4115
f 4115 4114 4116
f 4115 4116 4117
f 4117 4116 4118
f 4117 4118 4119
f 4119 4118 4120
f 4119 4120 4121
f 4121 4120 4122
f 4121 4122 4123
f 4123 4122 4124
f 4123 4124 4125
f 4125 4124 4126
f 4125 4126 4127
f 4127 4126 4128
f 4127 4128 4129
f 4129 4128 4130
f 4129 4130 4131
f 4131 4130 4132
f 4131 4132 4133
f 4133 4132 4134
f 4133 4134 4087
f 4087 4134 4088
f 4135 4136 4137
f 4137 4136 4138
f 4137 4138 4139
f 4139 4138 4140
f 4139 4140 4141
f 4141 4140 4142
f 4141 4142 4143
f 4143 4142 4144
f 4143 4144 4145
f 4145 4144 4146
f 4145 4146 4147
f 4147 4146 4148
f 4147 4148 4149
f 4149 4148 4150
f 4149 4150 4151
f 4151 4150 4152
f 4151 4152 4153
f 4153 4152 4154
f 4153 4154 4155
f 4155 4154 4156
f 4155 4156 4157
f 4157 4156 4158
f 4157 4158 4159
f 4159 4158 4160
f 4159 4160 4161
f 4161 4160 4162
f 4161 4162 4163
f 4163 4162 4164
f 4163 4164 4165
f 4165 4164 4166
f 4165 4166 4167
f 4167 4166 4168
f 4167 4168 4169
f 4169 4168 4170
f 4169 4170 4171
f 4171 4170 4172
f 4171 4172 4173
f 4173 4172 4174
f 4173 4174 4175
f 4175 4174 4176
f 4175 4176 4177
f 4177 4176 4178
f 4177 4178 4179
f 4179 4178 4180
f 4179 4180 4181
f 4181 4180 4182
f 4181 4182 4135
f 4135 4182 4136
f 4090 4183 4092
f 4092 4183 4184
f 4092 4184 4094
f 4094 4184 4185
f 4094 4185 4096
f 4096 4185 4186
f 4096 4186 4098
f 4098 4186 4187
f 4098 4187 4100
f 4100 4187 4188
f 4100 4188 4102
f 4102 4188 4189
f 4102 4189 4104
f 4104 4189 4190
f 4104 4190 4106
f 4106 4190 4191
f 4106 4191 4108
f 4108 4191 4192
f 4108 4192 4110
f 4110 4192 4193
f 4110 4193 4112
f 4112 4193 4194
f 4112 4194 4114
f 4114 4194 4195
f 4114 4195 4116
f 4116 4195 4196
f 4116 4196 4118
f 4118 4196 4197
f 4118 4197 4120
f 4120 4197 4198
f 4120 4198 4122
f 4122 4198 4199
f 4122 4199 4124
f 4124 4199 4200
f 4124 4200 4126
f 4126 4200 4201
f 4126 4201 4128
f 4128 4201 4202
f 4128 4202 4130
f 4130 4202 4203
f 4130 4203 4132
f 4132 4203 4204
f 4132 4204 4134
f 4134 4204 4205
f 4134 4205 4088
f 4088 4205 4206
f 4088 4206 4090
f 4090 4206 4183
f 4183 4207 4184
f 4184 4207 4208
f 4184 4208 4185
f 4185 4208 4209
f 4185 4209 4186
f 4186 4209 4210
f 4186 4210 4187
f 4187 4210 4211
f 4187 4211 4188
f 4188 4211 4212
f 4188 4212 4189
f 4189 4212 4213
f 4189 4213 4190
f 4190 4213 4214
f 4190 4214 4191
f 4191 4214 4215
f 4191 4215 4192
f 4192 4215 4216
f 4192 4216 4193
f 4193 4216 4217
f 4193 4217 4194
f 4194 4217 4218
f 4194 4218 4195
f 4195 4218 4219
f 4195 4219 4196
f 4196 4219 4220
f 4196 4220 4197
f 4197 4220 4221
f 4197 4221 4198
f 4198 4221 4222
f 4198 4222 4199
f 4199 4222 4223
f 4199 4223 4200
f 4200 4223 4224
f 4200 4224 4201
f 4201 4224 4225
f 4201 4225 4202
f 4202 4225 4226
f 4202 4226 4203
f 4203 4226 4227
f 4203 4227 4204
f 4204 4227 4228
f 4204 4228 4205
f 4205 4228 4229
f 4205 4229 4206
f 4206 4229 4230
f 4206 4230 4183
f 4183 4230 4207
f 4207 4231 4208
f 4208 4231 4232
f 4208 4232 4209
f 4209 4232 4233
f 4209 4233 4210
f 4210 4233 4234
f 4210 4234 4211
f 4211 4234 4235
f 4211 4235 4212
f 4212 4235 4236
f 4212 4236 4213
f 4213 4236 4237
f 4213 4237 4214
f 4214 4237 4238
f 4214 4238 4215
f 4215 4238 4239
f 4215 4239 4216
f 4216 4239 4240
f 4216 4240 4217
f 4217 4240 4241
f 4217 4241 4218
f 4218 4241 4242
f 4218 4242 4219
f 4219 4242 4243
f 4219 4243 4220
f 4220 4243 4244
f 4220 4244 4221
f 4221 4244 4245
f 4221 4245 4222
f 4222 4245 4246
f 4222 4246 4223
f 4223 4246 4247
f 4223 4247 4224
f 4224 4247 4248
f 4224 4248 4225
f 4225 4248 4249
f 4225 4249 4226
f 4226 4249 4250
f 4226 4250 4227
f 4227 4250 4251
f 4227 4251 4228
f 4228 4251 4252
f 4228 4252 4229
f 4229 4252 4253
f 4229 4253 4230
f 4230 4253 4254
f 4230 4254 4207
f 4207 4254 4231
f 4231 4255 4232
f 4232 4255 4256
f 4232 4256 4233
f 4233 4256 4257
f 4233 4257 4234
f 4234 4257 4258
f 4234 4258 4235
f 4235 4258 4259
f 4235 4259 4236
f 4236 4259 4260
f 4236 4260 4237
f 4237 4260 4261
f 4237 4261 4238
f 4238 4261 4262
f 4238 4262 4239
f 4239 4262 4263
f 4239 4263 4240
f 4240 4263 4264
f 4240 4264 4241
f 4241 4264 4265
f 4241 4265 4242
f 4242 4265 4266
f 4242 4266 4243
f 4243 4266 4267
f 4243 4267 4244
f 4244 4267 4268
f 4244 4268 4245
f 4245 4268 4269
f 4245 4269 4246
f 4246 4269 4270
f 4246 4270 4247
f 4247 4270 4271
f 4247 4271 4248
f 4248 4271 4272
f 4248 4272 4249
f 4249 4272 4273
f 4249 4273 4250
f 4250 4273 4274
f 4250 4274 4251
f 4251 4274 4275
f 4251 4275 4252
f 4252 4275 4276
f 4252 4276 4253
f 4253 4276 4277
f 4253 4277 4254
f 4254 4277 4278
f 4254 4278 4231
f 4231 4278 4255
f 4255 4279 4256
f 4256 4279 4280
f 4256 4280 4257
f 4257 4280 4281
f 4257 4281 4258
f 4258 4281 4282
f 4258 4282 4259
f 4259 4282 4283
f 4259 4283 4260
f 4260 4283 4284
f 4260 4284 4261
f 4261 4284 4285
f 4261 4285 4262
f 4262 4285 4286
f 4262 4286 4263
f 4263 4286 4287
f 4263 4287 4264
f 4264 4287 4288
f 4264 4288 4265
f 4265 4288 4289
f 4265 4289 4266
f 4266 4289 4290
f 4266 4290 4267
f 4267 4290 4291
f 4267 4291 4268
f 4268 4291 4292
f 4268 4292 4269
f 4269 4292 4293
f 4269 4293 4270
f 4270 4293 4294
f 4270 4294 4271
f 4271 4294 4295
f 4271 4295 4272
f 4272 4295 4296
f 4272 4296 4273
f 4273 4296 4297
f 4273 4297 4274
f 4274 4297 4298
f 4274 4298 4275
f 4275 4298 4299
f 4275 4299 4276
f 4276 4299 4300
f 4276 4300 4277
f 4277 4300 4301
f 4277 4301 4278
f 4278 4301 4302
f 4278 4302 4255
f 4255 4302 4279
f 4279 4138 4280
f 4280 4138 4136
f 4280 4136 4281
f 4281 4136 4182
f 4281 4182 4282
f 4282 4182 4180
f 4282 4180 4283
f 4283 4180 4178
f 4283 4178 4284
f 4284 4178 4176
f 4284 4176 4285
f 4285 4176 4174
f 4285 4174 4286
f 4286 4174 4172
f 4286 4172 4287
f 4287 4172 4170
f 4287 4170 4288
f 4288 4170 4168
f 4288 4168 4289
f 4289 4168 4166
f 4289 4166 4290
f 4290 4166 4164
f 4290 4164 4291
f 4291 4164 4162
f 4291 4162 4292
f 4292 4162 4160
f 4292 4160 4293
f 4293 4160 4158
f 4293 4158 4294
f 4294 4158 4156
f 4294 4156 4295
f 4295 4156 4154
f 4295 4154 4296
f 4296 4154 4152
f 4296 4152 4297
f 4297 4152 4150
f 4297 4150 4298
f 4298 4150 4148
f 4298 4148 4299
f 4299 4148 4146
f 4299 4146 4300
f 4300 4146 4144
f 4300 4144 4301
f 4301 4144 4142
f 4301 4142 4302
f 4302 4142 4140
f 4302 4140 4279
f 4279 4140 4138
f 3871 3873 4089
f 4089 3873 3875
f 4089 3875 4087
f 4087 3875 3877
f 4087 3877 4133
f 4133 3877 3879
f 4133 3879 4131
f 4131 3879 3881
f 4131 3881 4129
f 4129 3881 3883
f 4129 3883 4127
f 4127 3883 3885
f 4127 3885 4125
f 4125 3885 4123
f 4123 3885 3887
f 4123 3887 4121
f 4121 3887 3889
f 4121 3889 4119
f 4119 3889 3891
f 4119 3891 4117
f 4117 3891 3893
f 4117 3893 4115
f 4115 3893 3895
f 4115 3895 4113
f 4113 3895 3897
f 4113 3897 4111
f 4111 3897 3899
f 4111 3899 3901
f 4111 3901 4109
f 4109 3901 3903
f 4109 3903 4107
f 4107 3903 3905
f 4107 3905 4105
f 4105 3905 3907
f 4105 3907 4103
f 4103 3907 3909
f 4103 3909 4101
f 4101 3909 4099
f 4099 3909 3911
f 4099 3911 4097
f 4097 3911 3913
f 4097 3913 4095
f 4095 3913 3915
f 4095 3915 4093
f 4093 3915 3917
f 4093 3917 4091
f 4091 3917 3871
f 4091 3871 4089
f 3923 4135 3921
f 3921 4135 4137
f 3921 4137 3919
f 3919 4137 4139
f 3919 4139 3965
f 3965 4139 4141
f 3965 4141 3963
f 3963 4141 4143
f 3963 4143 3961
f 3961 4143 4145
f 3961 4145 3959
f 3959 4145 4147
f 3959 4147 3957
f 3957 4147 4149
f 3957 4149 4151
f 3923 3925 4135
f 4135 3925 4181
f 4181 3925 3927
f 4181 3927 4179
f 4179 3927 3929
f 4179 3929 4177
f 4177 3929 3931
f 4177 3931 4175
f 4175 3931 3933
f 4175 3933 4173
f 4173 3933 4171
f 4171 3933 3935
f 4171 3935 4169
f 4169 3935 3937
f 4169 3937 4167
f 4167 3937 3939
f 4167 3939 4165
f 4165 3939 3941
f 4165 3941 4163
f 4163 3941 3943
f 4163 3943 4161
f 4161 3943 3945
f 4161 3945 3947
f 4161 3947 4159
f 4159 3947 3949
f 4159 3949 4157
f 4157 3949 3951
f 4157 3951 4155
f 4155 3951 3953
f 4155 3953 4153
f 4153 3953 3955
f 4153 3955 4151
f 4151 3955 3957
g Body2

v -7.840928 -2.100971 116.300110
v -7.839359 -2.100546 107.600136
v -8.117526 0.000000 116.300110
v -8.115901 0.000000 107.600136
v -7.839359 2.100546 107.600136
v -7.837790 2.100122 98.900131
v -7.027173 4.057125 98.900131
v -7.028578 -4.057944 107.600136
v -7.029984 -4.058763 116.300110
v -5.738813 -5.738800 107.600136
v -5.739958 -5.739958 116.300110
v -4.057957 -7.028565 107.600128
v -4.058763 -7.029984 116.300110
v -2.100560 -7.839346 107.600128
v -2.100970 -7.840929 116.300110
v -0.000013 -8.115888 107.600121
v 0.000000 -8.117527 116.300110
v 2.100533 -7.839346 107.600121
v 2.100971 -7.840929 116.300110
v 4.057931 -7.028565 107.600121
v 4.058764 -7.029984 116.300110
v 5.738786 -5.738800 107.600113
v 5.739959 -5.739958 116.300110
v 7.028552 -4.057944 107.600113
v 7.029985 -4.058763 116.300110
v 7.839333 -2.100546 107.600113
v 7.840929 -2.100971 116.300110
v 8.115875 0.000000 107.600113
v 8.117527 0.000000 116.300110
v 7.840929 2.100971 116.300110
v 7.839333 2.100546 107.600113
v 7.029985 4.058763 116.300110
v 7.028552 4.057944 107.600113
v 5.739959 5.739958 116.300110
v 5.738786 5.738800 107.600113
v 4.058764 7.029984 116.300110
v 4.057931 7.028565 107.600121
v 2.100971 7.840929 116.300110
v 2.100533 7.839346 107.600121
v 0.000000 8.117527 116.300110
v -0.000013 8.115888 107.600121
v -2.100970 7.840929 116.300110
v -2.100560 7.839346 107.600128
v -4.058763 7.029984 116.300110
v -4.057957 7.028565 107.600128
v -5.739958 5.739958 116.300110
v -5.738813 5.738800 107.600136
v -7.029984 4.058763 116.300110
v -7.028578 4.057944 107.600136
v -7.840928 2.100971 116.300110
v -7.837790 -2.100122 98.900131
v -8.114276 0.000000 98.900131
v -5.737668 5.737641 98.900131
v -4.057152 7.027146 98.900131
v -2.100149 7.837763 98.900131
v -0.000027 8.114249 98.900131
v 2.100095 7.837763 98.900131
v 4.057098 7.027146 98.900131
v 5.737614 5.737641 98.900131
v 7.027119 4.057125 98.900131
v 7.837736 2.100122 98.900131
v 8.114223 0.000000 98.900131
v 7.837736 -2.100122 98.900131
v 7.027119 -4.057125 98.900131
v 5.737614 -5.737641 98.900131
v 4.057098 -7.027146 98.900131
v 2.100095 -7.837763 98.900131
v -0.000027 -8.114249 98.900131
v -2.100149 -7.837763 98.900131
v -4.057152 -7.027146 98.900131
v -5.737668 -5.737641 98.900131
v -7.027173 -4.057125 98.900131
v -7.837736 -2.100108 98.600136
v -8.114220 0.000000 98.600136
v -7.837736 2.100108 98.600136
v -7.027124 -4.057096 98.600136
v -5.737628 -5.737601 98.600136
v -4.057124 -7.027097 98.600136
v -2.100135 -7.837708 98.600136
v -0.000027 -8.114193 98.600136
v 2.100080 -7.837708 98.600136
v 4.057069 -7.027097 98.600136
v 5.737573 -5.737601 98.600136
v 7.027070 -4.057096 98.600136
v 7.837681 -2.100108 98.600136
v 8.114165 0.000000 98.600136
v 7.837681 2.100108 98.600136
v 7.027070 4.057096 98.600136
v 5.737573 5.737601 98.600136
v 4.057069 7.027097 98.600136
v 2.100080 7.837708 98.600136
v -0.000027 8.114193 98.600136
v -2.100135 7.837708 98.600136
v -4.057124 7.027097 98.600136
v -5.737628 5.737601 98.600136
v -7.027124 4.057096 98.600136
v -8.128725 -2.178078 98.600075
v -8.415474 0.000000 98.600075
v -8.128725 2.178078 98.600075
v -7.288018 4.207723 98.600075
v -5.950647 5.950620 98.600075
v -4.207751 7.287991 98.600075
v -2.178105 8.128698 98.600075
v -0.000027 8.415447 98.600075
v 2.178051 8.128698 98.600075
v 4.207696 7.287991 98.600075
v 5.950592 5.950620 98.600075
v 7.287963 4.207723 98.600075
v 8.128670 2.178078 98.600075
v 8.415420 0.000000 98.600075
v 8.128670 -2.178078 98.600075
v 7.287963 -4.207723 98.600075
v 5.950592 -5.950620 98.600075
v 4.207696 -7.287991 98.600075
v 2.178051 -8.128698 98.600075
v -0.000027 -8.415447 98.600075
v -2.178105 -8.128698 98.600075
v -4.207751 -7.287991 98.600075
v -5.950647 -5.950620 98.600075
v -7.288018 -4.207723 98.600075
v -8.417099 0.000000 107.300079
v -8.130294 -2.178502 107.300079
v -7.289424 -4.208543 107.300079
v -5.951792 -5.951778 107.300079
v -4.208556 -7.289410 107.300072
v -2.178516 -8.130280 107.300072
v -0.000014 -8.417086 107.300064
v 2.178488 -8.130280 107.300064
v 4.208529 -7.289410 107.300056
v 5.951765 -5.951778 107.300056
v 7.289396 -4.208543 107.300056
v 8.130267 -2.178502 107.300056
v 8.417072 0.000000 107.300056
v 8.130267 2.178502 107.300056
v 8.131863 2.178926 116.000053
v 7.290829 4.209362 116.000053
v 7.289396 4.208543 107.300056
v 5.952937 5.952937 116.000053
v 5.951765 5.951778 107.300056
v 4.209362 7.290829 116.000053
v 4.208529 7.289410 107.300056
v 2.178926 8.131863 116.000053
v 2.178488 8.130280 107.300064
v 0.000000 8.418724 116.000053
v -0.000014 8.417086 107.300064
v -2.178926 8.131863 116.000053
v -2.178516 8.130280 107.300072
v -4.209362 7.290829 116.000053
v -4.208556 7.289410 107.300072
v -5.952937 5.952937 116.000053
v -5.951792 5.951778 107.300079
v -7.290829 4.209362 116.000053
v -7.289424 4.208543 107.300079
v -8.131863 2.178926 116.000053
v -8.130294 2.178502 107.300079
v -8.418724 0.000000 116.000053
v 8.418724 0.000000 116.000053
v 8.131863 -2.178926 116.000053
v 7.290829 -4.209362 116.000053
v 5.952937 -5.952937 116.000053
v 4.209362 -7.290829 116.000053
v 2.178926 -8.131863 116.000053
v 0.000000 -8.418724 116.000053
v -2.178926 -8.131863 116.000053
v -4.209362 -7.290829 116.000053
v -5.952937 -5.952937 116.000053
v -7.290829 -4.209362 116.000053
v -8.131863 -2.178926 116.000053
v -8.422853 -2.256897 116.000000
v -8.719979 0.000000 116.000000
v -8.422853 2.256897 116.000000
v -7.551723 4.359990 116.000000
v -6.165956 6.165956 116.000000
v -4.359990 7.551723 116.000000
v -2.256897 8.422853 116.000000
v 0.000000 8.719979 116.000000
v 2.256897 8.422853 116.000000
v 4.359990 7.551723 116.000000
v 6.165956 6.165956 116.000000
v 7.551723 4.359990 116.000000
v 8.422853 2.256897 116.000000
v 8.719979 0.000000 116.000000
v 8.422853 -2.256897 116.000000
v 7.551723 -4.359990 116.000000
v 6.165956 -6.165956 116.000000
v 4.359990 -7.551723 116.000000
v 2.256897 -8.422853 116.000000
v 0.000000 -8.719979 116.000000
v -2.256897 -8.422853 116.000000
v -4.359990 -7.551723 116.000000
v -6.165956 -6.165956 116.000000
v -7.551723 -4.359990 116.000000
v -8.695459 0.000000 117.957108
v -8.399168 -2.250551 117.957108
v -7.530488 -4.347731 117.957108
v -6.148617 -6.148620 117.957108
v -4.347728 -7.530491 117.957108
v -2.250548 -8.399171 117.957108
v 0.000003 -8.695462 117.957108
v 2.250554 -8.399171 117.957108
v 4.347734 -7.530491 117.957108
v 6.148623 -6.148620 117.957108
v 7.530494 -4.347731 117.957108
v 8.399174 -2.250551 117.957108
v 8.695465 0.000000 117.957108
v 8.399174 2.250551 117.957108
v 7.530494 4.347731 117.957108
v 6.148623 6.148620 117.957108
v 4.347734 7.530491 117.957108
v 2.250554 8.399171 117.957108
v 0.000003 8.695462 117.957108
v -2.250548 8.399171 117.957108
v -4.347728 7.530491 117.957108
v -6.148617 6.148620 117.957108
v -7.530488 4.347731 117.957108
v -8.399168 2.250551 117.957108
v -8.636144 0.000000 120.442848
v -8.341874 -2.235200 120.442848
v -7.479119 -4.318076 120.442848
v -6.106674 -6.106681 120.442848
v -4.318069 -7.479126 120.442848
v -2.235193 -8.341881 120.442848
v 0.000007 -8.636151 120.442848
v 2.235207 -8.341881 120.442848
v 4.318083 -7.479126 120.442848
v 6.106688 -6.106681 120.442848
v 7.479133 -4.318076 120.442848
v 8.341888 -2.235200 120.442848
v 8.636158 0.000000 120.442848
v 8.341888 2.235200 120.442848
v 7.479133 4.318076 120.442848
v 6.106688 6.106681 120.442848
v 4.318083 7.479126 120.442848
v 2.235207 8.341881 120.442848
v 0.000007 8.636151 120.442848
v -2.235193 8.341881 120.442848
v -4.318069 7.479126 120.442848
v -6.106674 6.106681 120.442848
v -7.479119 4.318076 120.442848
v -8.341874 2.235200 120.442848
v -8.557110 0.000000 122.928574
v -8.265533 -2.214746 122.928574
v -7.410673 -4.278561 122.928574
v -6.050788 -6.050798 122.928574
v -4.278550 -7.410684 122.928574
v -2.214735 -8.265544 122.928574
v 0.000011 -8.557121 122.928574
v 2.214757 -8.265544 122.928574
v 4.278571 -7.410684 122.928574
v 6.050809 -6.050798 122.928574
v 7.410695 -4.278561 122.928574
v 8.265555 -2.214746 122.928574
v 8.557132 0.000000 122.928574
v 8.265555 2.214746 122.928574
v 7.410695 4.278561 122.928574
v 6.050809 6.050798 122.928574
v 4.278571 7.410684 122.928574
v 2.214757 8.265544 122.928574
v 0.000011 8.557121 122.928574
v -2.214735 8.265544 122.928574
v -4.278550 7.410684 122.928574
v -6.050788 6.050798 122.928574
v -7.410673 4.278561 122.928574
v -8.265533 2.214746 122.928574
v -8.462670 0.000000 125.414314
v -8.174311 -2.190304 125.414314
v -7.328886 -4.231343 125.414314
v -5.984007 -5.984022 125.414314
v -4.231328 -7.328900 125.414314
v -2.190289 -8.174326 125.414314
v 0.000015 -8.462685 125.414314
v 2.190319 -8.174326 125.414314
v 4.231357 -7.328900 125.414314
v 5.984037 -5.984022 125.414314
v 7.328915 -4.231343 125.414314
v 8.174341 -2.190304 125.414314
v 8.462700 0.000000 125.414314
v 8.174341 2.190304 125.414314
v 7.328915 4.231343 125.414314
v 5.984037 5.984022 125.414314
v 4.231357 7.328900 125.414314
v 2.190319 8.174326 125.414314
v 0.000015 8.462685 125.414314
v -2.190289 8.174326 125.414314
v -4.231328 7.328900 125.414314
v -5.984007 5.984022 125.414314
v -7.328886 4.231343 125.414314
v -8.174311 2.190304 125.414314
v -8.355145 0.000000 127.900040
v -8.070450 -2.162476 127.900040
v -7.235765 -4.177582 127.900040
v -5.907974 -5.907993 127.900040
v -4.177563 -7.235784 127.900040
v -2.162457 -8.070468 127.900040
v 0.000019 -8.355164 127.900040
v 2.162494 -8.070468 127.900040
v 4.177601 -7.235784 127.900040
v 5.908012 -5.907993 127.900040
v 7.235803 -4.177582 127.900040
v 8.070487 -2.162476 127.900040
v 8.355182 0.000000 127.900040
v 8.070487 2.162476 127.900040
v 7.235803 4.177582 127.900040
v 5.908012 5.907993 127.900040
v 4.177601 7.235784 127.900040
v 2.162494 8.070468 127.900040
v 0.000019 8.355164 127.900040
v -2.162457 8.070468 127.900040
v -4.177563 7.235784 127.900040
v -5.907974 5.907993 127.900040
v -7.235765 4.177582 127.900040
v -8.070450 2.162476 127.900040
v -8.236010 0.000000 130.385788
v -7.955374 -2.131642 130.385788
v -7.132591 -4.118016 130.385788
v -5.823732 -5.823754 130.385788
v -4.117994 -7.132613 130.385788
v -2.131619 -7.955396 130.385788
v 0.000023 -8.236032 130.385788
v 2.131665 -7.955396 130.385788
v 4.118039 -7.132613 130.385788
v 5.823777 -5.823754 130.385788
v 7.132636 -4.118016 130.385788
v 7.955419 -2.131642 130.385788
v 8.236055 0.000000 130.385788
v 7.955419 2.131642 130.385788
v 7.132636 4.118016 130.385788
v 5.823777 5.823754 130.385788
v 4.118039 7.132613 130.385788
v 2.131665 7.955396 130.385788
v 0.000023 8.236032 130.385788
v -2.131619 7.955396 130.385788
v -4.117994 7.132613 130.385788
v -5.823732 5.823754 130.385788
v -7.132591 4.118016 130.385788
v -7.955374 2.131642 130.385788
v -8.106297 0.000000 132.871521
v -7.830080 -2.098071 132.871521
v -7.020255 -4.053162 132.871521
v -5.732010 -5.732036 132.871521
v -4.053135 -7.020282 132.871521
v -2.098044 -7.830107 132.871521
v 0.000026 -8.106323 132.871521
v 2.098097 -7.830107 132.871521
v 4.053188 -7.020282 132.871521
v 5.732063 -5.732036 132.871521
v 7.020308 -4.053162 132.871521
v 7.830133 -2.098071 132.871521
v 8.106350 0.000000 132.871521
v 7.830133 2.098071 132.871521
v 7.020308 4.053162 132.871521
v 5.732063 5.732036 132.871521
v 4.053188 7.020282 132.871521
v 2.098097 7.830107 132.871521
v 0.000026 8.106323 132.871521
v -2.098044 7.830107 132.871521
v -4.053135 7.020282 132.871521
v -5.732010 5.732036 132.871521
v -7.020255 4.053162 132.871521
v -7.830080 2.098071 132.871521
v -7.966752 0.000000 135.357269
v -7.695291 -2.061955 135.357269
v -6.899406 -3.983391 135.357269
v -5.633336 -5.633366 135.357269
v -3.983361 -6.899436 135.357269
v -2.061925 -7.695321 135.357269
v 0.000030 -7.966783 135.357269
v 2.061986 -7.695321 135.357269
v 3.983422 -6.899436 135.357269
v 5.633397 -5.633366 135.357269
v 6.899467 -3.983391 135.357269
v 7.695352 -2.061955 135.357269
v 7.966813 0.000000 135.357269
v 7.695352 2.061955 135.357269
v 6.899467 3.983391 135.357269
v 5.633397 5.633366 135.357269
v 3.983422 6.899436 135.357269
v 2.061986 7.695321 135.357269
v 0.000030 7.966783 135.357269
v -2.061925 7.695321 135.357269
v -3.983361 6.899436 135.357269
v -5.633336 5.633366 135.357269
v -6.899406 3.983391 135.357269
v -7.695291 2.061955 135.357269
v -7.817940 0.000000 137.843002
v -7.551549 -2.023441 137.843002
v -6.770530 -3.908987 137.843002
v -5.528108 -5.528142 137.843002
v -3.908953 -6.770564 137.843002
v -2.023406 -7.551583 137.843002
v 0.000034 -7.817974 137.843002
v 2.023475 -7.551583 137.843002
v 3.909021 -6.770564 137.843002
v 5.528177 -5.528142 137.843002
v 6.770598 -3.908987 137.843002
v 7.551617 -2.023441 137.843002
v 7.818008 0.000000 137.843002
v 7.551617 2.023441 137.843002
v 6.770598 3.908987 137.843002
v 5.528177 5.528142 137.843002
v 3.909021 6.770564 137.843002
v 2.023475 7.551583 137.843002
v 0.000034 7.817974 137.843002
v -2.023406 7.551583 137.843002
v -3.908953 6.770564 137.843002
v -5.528108 5.528142 137.843002
v -6.770530 3.908987 137.843002
v -7.551549 2.023441 137.843002
v -7.660284 0.000000 140.328766
v -7.399264 -1.982637 140.328766
v -6.633995 -3.830161 140.328766
v -5.416627 -5.416665 140.328766
v -3.830123 -6.634033 140.328766
v -1.982599 -7.399303 140.328766
v 0.000038 -7.660322 140.328766
v 1.982675 -7.399303 140.328766
v 3.830199 -6.634033 140.328766
v 5.416704 -5.416665 140.328766
v 6.634071 -3.830161 140.328766
v 7.399341 -1.982637 140.328766
v 7.660360 0.000000 140.328766
v 7.399341 1.982637 140.328766
v 6.634071 3.830161 140.328766
v 5.416704 5.416665 140.328766
v 3.830199 6.634033 140.328766
v 1.982675 7.399303 140.328766
v 0.000038 7.660322 140.328766
v -1.982599 7.399303 140.328766
v -3.830123 6.634033 140.328766
v -5.416627 5.416665 140.328766
v -6.633995 3.830161 140.328766
v -7.399264 1.982637 140.328766
v -7.494103 0.000000 142.814499
v -7.238747 -1.939628 142.814499
v -6.490078 -3.747073 142.814499
v -5.299119 -5.299161 142.814499
v -3.747031 -6.490120 142.814499
v -1.939585 -7.238789 142.814499
v 0.000042 -7.494145 142.814499
v 1.939670 -7.238789 142.814499
v 3.747115 -6.490120 142.814499
v 5.299203 -5.299161 142.814499
v 6.490162 -3.747073 142.814499
v 7.238831 -1.939628 142.814499
v 7.494188 0.000000 142.814499
v 7.238831 1.939628 142.814499
v 6.490162 3.747073 142.814499
v 5.299203 5.299161 142.814499
v 3.747115 6.490120 142.814499
v 1.939670 7.238789 142.814499
v 0.000042 7.494145 142.814499
v -1.939585 7.238789 142.814499
v -3.747031 6.490120 142.814499
v -5.299119 5.299161 142.814499
v -6.490078 3.747073 142.814499
v -7.238747 1.939628 142.814499
v -7.319641 0.000000 145.300262
v -7.070229 -1.894475 145.300262
v -6.338989 -3.659844 145.300262
v -5.175755 -5.175801 145.300262
v -3.659798 -6.339035 145.300262
v -1.894428 -7.070275 145.300262
v 0.000046 -7.319687 145.300262
v 1.894521 -7.070275 145.300262
v 3.659890 -6.339035 145.300262
v 5.175847 -5.175801 145.300262
v 6.339081 -3.659844 145.300262
v 7.070321 -1.894475 145.300262
v 7.319733 0.000000 145.300262
v 7.070321 1.894475 145.300262
v 6.339081 3.659844 145.300262
v 5.175847 5.175801 145.300262
v 3.659890 6.339035 145.300262
v 1.894521 7.070275 145.300262
v 0.000046 7.319687 145.300262
v -1.894428 7.070275 145.300262
v -3.659798 6.339035 145.300262
v -5.175755 5.175801 145.300262
v -6.338989 3.659844 145.300262
v -7.070229 1.894475 145.300262
v -7.137065 0.000000 147.785995
v -6.893874 -1.847221 147.785995
v -6.180873 -3.568558 147.785995
v -5.046653 -5.046703 147.785995
v -3.568508 -6.180923 147.785995
v -1.847171 -6.893924 147.785995
v 0.000050 -7.137115 147.785995
v 1.847271 -6.893924 147.785995
v 3.568608 -6.180923 147.785995
v 5.046752 -5.046703 147.785995
v 6.180973 -3.568558 147.785995
v 6.893974 -1.847221 147.785995
v 7.137165 0.000000 147.785995
v 6.893974 1.847221 147.785995
v 6.180973 3.568558 147.785995
v 5.046752 5.046703 147.785995
v 3.568608 6.180923 147.785995
v 1.847271 6.893924 147.785995
v 0.000050 7.137115 147.785995
v -1.847171 6.893924 147.785995
v -3.568508 6.180923 147.785995
v -5.046653 5.046703 147.785995
v -6.180873 3.568558 147.785995
v -6.893874 1.847221 147.785995
v -6.946486 0.000000 150.271759
v -6.709788 -1.797897 150.271759
v -6.015826 -3.473270 150.271759
v -4.911891 -4.911945 150.271759
v -3.473216 -6.015880 150.271759
v -1.797843 -6.709842 150.271759
v 0.000054 -6.946539 150.271759
v 1.797950 -6.709842 150.271759
v 3.473323 -6.015880 150.271759
v 4.911999 -4.911945 150.271759
v 6.015933 -3.473270 150.271759
v 6.709896 -1.797897 150.271759
v 6.946593 0.000000 150.271759
v 6.709896 1.797897 150.271759
v 6.015933 3.473270 150.271759
v 4.911999 4.911945 150.271759
v 3.473323 6.015880 150.271759
v 1.797950 6.709842 150.271759
v 0.000054 6.946539 150.271759
v -1.797843 6.709842 150.271759
v -3.473216 6.015880 150.271759
v -4.911891 4.911945 150.271759
v -6.015826 3.473270 150.271759
v -6.709788 1.797897 150.271759
v -6.747959 0.000000 152.757507
v -6.518026 -1.746515 152.757507
v -5.843896 -3.374008 152.757507
v -4.771510 -4.771568 152.757507
v -3.373950 -5.843954 152.757507
v -1.746457 -6.518083 152.757507
v 0.000058 -6.748016 152.757507
v 1.746573 -6.518083 152.757507
v 3.374066 -5.843954 152.757507
v 4.771626 -4.771568 152.757507
v 5.844011 -3.374008 152.757507
v 6.518141 -1.746515 152.757507
v 6.748074 0.000000 152.757507
v 6.518141 1.746515 152.757507
v 5.844011 3.374008 152.757507
v 4.771626 4.771568 152.757507
v 3.374066 5.843954 152.757507
v 1.746573 6.518083 152.757507
v 0.000058 6.748016 152.757507
v -1.746457 6.518083 152.757507
v -3.373950 5.843954 152.757507
v -4.771510 4.771568 152.757507
v -5.843896 3.374008 152.757507
v -6.518026 1.746515 152.757507
v -6.541490 0.000000 155.243271
v -6.318592 -1.693078 155.243271
v -5.665088 -3.270776 155.243271
v -4.625514 -4.625576 155.243271
v -3.270714 -5.665150 155.243271
v -1.693017 -6.318654 155.243271
v 0.000062 -6.541552 155.243271
v 1.693140 -6.318654 155.243271
v 3.270837 -5.665150 155.243271
v 4.625637 -4.625576 155.243271
v 5.665212 -3.270776 155.243271
v 6.318715 -1.693078 155.243271
v 6.541613 0.000000 155.243271
v 6.318715 1.693078 155.243271
v 5.665212 3.270776 155.243271
v 4.625637 4.625576 155.243271
v 3.270837 5.665150 155.243271
v 1.693140 6.318654 155.243271
v 0.000062 6.541552 155.243271
v -1.693017 6.318654 155.243271
v -3.270714 5.665150 155.243271
v -4.625514 4.625576 155.243271
v -5.665088 3.270776 155.243271
v -6.318592 1.693078 155.243271
v -6.327035 0.000000 157.729019
v -6.111444 -1.637574 157.729019
v -5.479364 -3.163550 157.729019
v -4.473870 -4.473935 157.729019
v -3.163485 -5.479430 157.729019
v -1.637509 -6.111509 157.729019
v 0.000066 -6.327100 157.729019
v 1.637640 -6.111509 157.729019
v 3.163616 -5.479430 157.729019
v 4.474001 -4.473935 157.729019
v 5.479495 -3.163550 157.729019
v 6.111575 -1.637574 157.729019
v 6.327166 0.000000 157.729019
v 6.111575 1.637574 157.729019
v 5.479495 3.163550 157.729019
v 4.474001 4.473935 157.729019
v 3.163616 5.479430 157.729019
v 1.637640 6.111509 157.729019
v 0.000066 6.327100 157.729019
v -1.637509 6.111509 157.729019
v -3.163485 5.479430 157.729019
v -4.473870 4.473935 157.729019
v -5.479364 3.163550 157.729019
v -6.111444 1.637574 157.729019
v -6.104500 0.000000 160.214783
v -5.896492 -1.579979 160.214783
v -5.286642 -3.052285 160.214783
v -4.316513 -4.316582 160.214783
v -3.052215 -5.286712 160.214783
v -1.579909 -5.896561 160.214783
v 0.000069 -6.104569 160.214783
v 1.580048 -5.896561 160.214783
v 3.052354 -5.286712 160.214783
v 4.316652 -4.316582 160.214783
v 5.286781 -3.052285 160.214783
v 5.896630 -1.579979 160.214783
v 6.104639 0.000000 160.214783
v 5.896630 1.579979 160.214783
v 5.286781 3.052285 160.214783
v 4.316652 4.316582 160.214783
v 3.052354 5.286712 160.214783
v 1.580048 5.896561 160.214783
v 0.000069 6.104569 160.214783
v -1.579909 5.896561 160.214783
v -3.052215 5.286712 160.214783
v -4.316513 4.316582 160.214783
v -5.286642 3.052285 160.214783
v -5.896492 1.579979 160.214783
v -5.873737 0.000000 162.700531
v -5.673592 -1.520254 162.700531
v -5.086795 -2.936905 162.700531
v -4.153338 -4.153411 162.700531
v -2.936832 -5.086869 162.700531
v -1.520181 -5.673665 162.700531
v 0.000073 -5.873810 162.700531
v 1.520327 -5.673665 162.700531
v 2.936978 -5.086869 162.700531
v 4.153484 -4.153411 162.700531
v 5.086942 -2.936905 162.700531
v 5.673738 -1.520254 162.700531
v 5.873883 0.000000 162.700531
v 5.673738 1.520254 162.700531
v 5.086942 2.936905 162.700531
v 4.153484 4.153411 162.700531
v 2.936978 5.086869 162.700531
v 1.520327 5.673665 162.700531
v 0.000073 5.873810 162.700531
v -1.520181 5.673665 162.700531
v -2.936832 5.086869 162.700531
v -4.153338 4.153411 162.700531
v -5.086795 2.936905 162.700531
v -5.673592 1.520254 162.700531
v -5.634542 0.000000 165.186279
v -5.442547 -1.458347 165.186279
v -4.879646 -2.817309 165.186279
v -3.984200 -3.984277 165.186279
v -2.817232 -4.879723 165.186279
v -1.458269 -5.442624 165.186279
v 0.000077 -5.634619 165.186279
v 1.458424 -5.442624 165.186279
v 2.817387 -4.879723 165.186279
v 3.984354 -3.984277 165.186279
v 4.879800 -2.817309 165.186279
v 5.442701 -1.458347 165.186279
v 5.634696 0.000000 165.186279
v 5.442701 1.458347 165.186279
v 4.879800 2.817309 165.186279
v 3.984354 3.984277 165.186279
v 2.817387 4.879723 165.186279
v 1.458424 5.442624 165.186279
v 0.000077 5.634619 165.186279
v -1.458269 5.442624 165.186279
v -2.817232 4.879723 165.186279
v -3.984200 3.984277 165.186279
v -4.879646 2.817309 165.186279
v -5.442547 1.458347 165.186279
v -5.386644 0.000000 167.672058
v -5.203096 -1.394187 167.672058
v -4.664960 -2.693363 167.672058
v -3.808909 -3.808990 167.672058
v -2.693282 -4.665041 167.672058
v -1.394106 -5.203177 167.672058
v 0.000081 -5.386725 167.672058
v 1.394268 -5.203177 167.672058
v 2.693444 -4.665041 167.672058
v 3.809071 -3.808990 167.672058
v 4.665122 -2.693363 167.672058
v 5.203258 -1.394187 167.672058
v 5.386806 0.000000 167.672058
v 5.203258 1.394187 167.672058
v 4.665122 2.693363 167.672058
v 3.809071 3.808990 167.672058
v 2.693444 4.665041 167.672058
v 1.394268 5.203177 167.672058
v 0.000081 5.386725 167.672058
v -1.394106 5.203177 167.672058
v -2.693282 4.665041 167.672058
v -3.808909 3.808990 167.672058
v -4.664960 2.693363 167.672058
v -5.203096 1.394187 167.672058
v -5.129702 0.000000 170.157806
v -4.954908 -1.327686 170.157806
v -4.442440 -2.564893 170.157806
v -3.627222 -3.627307 170.157806
v -2.564808 -4.442526 170.157806
v -1.327601 -4.954993 170.157806
v 0.000085 -5.129787 170.157806
v 1.327772 -4.954993 170.157806
v 2.564978 -4.442526 170.157806
v 3.627392 -3.627307 170.157806
v 4.442611 -2.564893 170.157806
v 4.955078 -1.327686 170.157806
v 5.129872 0.000000 170.157806
v 4.955078 1.327686 170.157806
v 4.442611 2.564893 170.157806
v 3.627392 3.627307 170.157806
v 2.564978 4.442526 170.157806
v 1.327772 4.954993 170.157806
v 0.000085 5.129787 170.157806
v -1.327601 4.954993 170.157806
v -2.564808 4.442526 170.157806
v -3.627222 3.627307 170.157806
v -4.442440 2.564893 170.157806
v -4.954908 1.327686 170.157806
v -4.863281 0.000000 172.643570
v -4.697565 -1.258733 172.643570
v -4.211713 -2.431685 172.643570
v -3.438833 -3.438922 172.643570
v -2.431596 -4.211802 172.643570
v -1.258644 -4.697654 172.643570
v 0.000089 -4.863370 172.643570
v 1.258822 -4.697654 172.643570
v 2.431774 -4.211802 172.643570
v 3.439011 -3.438922 172.643570
v 4.211891 -2.431685 172.643570
v 4.697743 -1.258733 172.643570
v 4.863459 0.000000 172.643570
v 4.697743 1.258733 172.643570
v 4.211891 2.431685 172.643570
v 3.439011 3.438922 172.643570
v 2.431774 4.211802 172.643570
v 1.258822 4.697654 172.643570
v 0.000089 4.863370 172.643570
v -1.258644 4.697654 172.643570
v -2.431596 4.211802 172.643570
v -3.438833 3.438922 172.643570
v -4.211713 2.431685 172.643570
v -4.697565 1.258733 172.643570
v -4.586841 0.000000 175.129349
v -4.430545 -1.187186 175.129349
v -3.972309 -2.293467 175.129349
v -3.243359 -3.243452 175.129349
v -2.293374 -3.972402 175.129349
v -1.187093 -4.430638 175.129349
v 0.000093 -4.586934 175.129349
v 1.187279 -4.430638 175.129349
v 2.293560 -3.972402 175.129349
v 3.243545 -3.243452 175.129349
v 3.972494 -2.293467 175.129349
v 4.430731 -1.187186 175.129349
v 4.587027 0.000000 175.129349
v 4.430731 1.187186 175.129349
v 3.972494 2.293467 175.129349
v 3.243545 3.243452 175.129349
v 2.293560 3.972402 175.129349
v 1.187279 4.430638 175.129349
v 0.000093 4.586934 175.129349
v -1.187093 4.430638 175.129349
v -2.293374 3.972402 175.129349
v -3.243359 3.243452 175.129349
v -3.972309 2.293467 175.129349
v -4.430545 1.187186 175.129349
v -4.299705 0.000000 177.615097
v -4.153193 -1.112871 177.615097
v -3.723641 -2.149901 177.615097
v -3.040322 -3.040419 177.615097
v -2.149804 -3.723738 177.615097
v -1.112774 -4.153290 177.615097
v 0.000097 -4.299802 177.615097
v 1.112967 -4.153290 177.615097
v 2.149998 -3.723738 177.615097
v 3.040516 -3.040419 177.615097
v 3.723834 -2.149901 177.615097
v 4.153387 -1.112871 177.615097
v 4.299899 0.000000 177.615097
v 4.153387 1.112871 177.615097
v 3.723834 2.149901 177.615097
v 3.040516 3.040419 177.615097
v 2.149998 3.723738 177.615097
v 1.112967 4.153290 177.615097
v 0.000097 4.299802 177.615097
v -1.112774 4.153290 177.615097
v -2.149804 3.723738 177.615097
v -3.040322 3.040419 177.615097
v -3.723641 2.149901 177.615097
v -4.153193 1.112871 177.615097
v -4.001017 0.000000 180.100891
v -3.864682 -1.035565 180.100891
v -3.464969 -2.000559 180.100891
v -2.829117 -2.829217 180.100891
v -2.000458 -3.465070 180.100891
v -1.035465 -3.864783 180.100891
v 0.000101 -4.001118 180.100891
v 1.035666 -3.864783 180.100891
v 2.000659 -3.465070 180.100891
v 2.829318 -2.829217 180.100891
v 3.465170 -2.000559 180.100891
v 3.864884 -1.035565 180.100891
v 4.001218 0.000000 180.100891
v 3.864884 1.035565 180.100891
v 3.465170 2.000559 180.100891
v 2.829318 2.829217 180.100891
v 2.000659 3.465070 180.100891
v 1.035666 3.864783 180.100891
v 0.000101 4.001118 180.100891
v -1.035465 3.864783 180.100891
v -2.000458 3.465070 180.100891
v -2.829117 2.829217 180.100891
v -3.464969 2.000559 180.100891
v -3.864682 1.035565 180.100891
v -3.689685 0.000000 182.586655
v -3.563959 -0.954988 182.586655
v -3.195347 -1.844895 182.586655
v -2.608971 -2.609075 182.586655
v -1.844790 -3.195452 182.586655
v -0.954883 -3.564063 182.586655
v 0.000105 -3.689790 182.586655
v 0.955092 -3.564063 182.586655
v 1.845000 -3.195452 182.586655
v 2.609180 -2.609075 182.586655
v 3.195556 -1.844895 182.586655
v 3.564168 -0.954988 182.586655
v 3.689895 0.000000 182.586655
v 3.564168 0.954988 182.586655
v 3.195556 1.844895 182.586655
v 2.609180 2.609075 182.586655
v 1.845000 3.195452 182.586655
v 0.955092 3.564063 182.586655
v 0.000105 3.689790 182.586655
v -0.954883 3.564063 182.586655
v -1.844790 3.195452 182.586655
v -2.608971 2.609075 182.586655
v -3.195347 1.844895 182.586655
v -3.563959 0.954988 182.586655
v -3.364290 0.000000 185.072418
v -3.249650 -0.870770 185.072418
v -2.913546 -1.682199 185.072418
v -2.378880 -2.378989 185.072418
v -1.682091 -2.913654 185.072418
v -0.870662 -3.249759 185.072418
v 0.000108 -3.364398 185.072418
v 0.870879 -3.249759 185.072418
v 1.682307 -2.913654 185.072418
v 2.379097 -2.378989 185.072418
v 2.913763 -1.682199 185.072418
v 3.249867 -0.870770 185.072418
v 3.364506 0.000000 185.072418
v 3.249867 0.870770 185.072418
v 2.913763 1.682199 185.072418
v 2.379097 2.378989 185.072418
v 1.682307 2.913654 185.072418
v 0.870879 3.249759 185.072418
v 0.000108 3.364398 185.072418
v -0.870662 3.249759 185.072418
v -1.682091 2.913654 185.072418
v -2.378880 2.378989 185.072418
v -2.913546 1.682199 185.072418
v -3.249650 0.870770 185.072418
v -3.105985 0.000000 186.964890
v -3.000147 -0.803917 186.964890
v -2.689847 -1.553048 186.964890
v -2.196230 -2.196342 186.964890
v -1.552937 -2.689958 186.964890
v -0.803805 -3.000258 186.964890
v 0.000111 -3.106096 186.964890
v 0.804028 -3.000258 186.964890
v 1.553159 -2.689958 186.964890
v 2.196453 -2.196342 186.964890
v 2.690070 -1.553048 186.964890
v 3.000370 -0.803917 186.964890
v 3.106208 0.000000 186.964890
v 3.000370 0.803917 186.964890
v 2.690070 1.553048 186.964890
v 2.196453 2.196342 186.964890
v 1.553159 2.689958 186.964890
v 0.804028 3.000258 186.964890
v 0.000111 3.106096 186.964890
v -0.803805 3.000258 186.964890
v -1.552937 2.689958 186.964890
v -2.196230 2.196342 186.964890
v -2.689847 1.553048 186.964890
v -3.000147 0.803917 186.964890
v -2.894089 0.000000 188.464005
v -2.795472 -0.749075 188.464005
v -2.506340 -1.447102 188.464005
v -2.046397 -2.046511 188.464005
v -1.446988 -2.506453 188.464005
v -0.748961 -2.795586 188.464005
v 0.000114 -2.894203 188.464005
v 0.749189 -2.795586 188.464005
v 1.447215 -2.506453 188.464005
v 2.046624 -2.046511 188.464005
v 2.506567 -1.447102 188.464005
v 2.795699 -0.749075 188.464005
v 2.894317 0.000000 188.464005
v 2.795699 0.749075 188.464005
v 2.506567 1.447102 188.464005
v 2.046624 2.046511 188.464005
v 1.447215 2.506453 188.464005
v 0.749189 2.795586 188.464005
v 0.000114 2.894203 188.464005
v -0.748961 2.795586 188.464005
v -1.446988 2.506453 188.464005
v -2.046397 2.046511 188.464005
v -2.506340 1.447102 188.464005
v -2.795472 0.749075 188.464005
v -2.708393 0.000000 189.738098
v -2.616103 -0.701014 189.738098
v -2.345521 -1.354254 189.738098
v -1.915089 -1.915205 189.738098
v -1.354138 -2.345637 189.738098
v -0.700898 -2.616218 189.738098
v 0.000116 -2.708509 189.738098
v 0.701129 -2.616218 189.738098
v 1.354370 -2.345637 189.738098
v 1.915321 -1.915205 189.738098
v 2.345753 -1.354254 189.738098
v 2.616334 -0.701014 189.738098
v 2.708624 0.000000 189.738098
v 2.616334 0.701014 189.738098
v 2.345753 1.354254 189.738098
v 1.915321 1.915205 189.738098
v 1.354370 2.345637 189.738098
v 0.701129 2.616218 189.738098
v 0.000116 2.708509 189.738098
v -0.700898 2.616218 189.738098
v -1.354138 2.345637 189.738098
v -1.915089 1.915205 189.738098
v -2.345521 1.354254 189.738098
v -2.616103 0.701014 189.738098
v -2.539702 0.000000 190.863068
v -2.453160 -0.657354 190.863068
v -2.199431 -1.269910 190.863068
v -1.795806 -1.795923 190.863068
v -1.269792 -2.199548 190.863068
v -0.657236 -2.453277 190.863068
v 0.000118 -2.539819 190.863068
v 0.657471 -2.453277 190.863068
v 1.270027 -2.199548 190.863068
v 1.796041 -1.795923 190.863068
v 2.199666 -1.269910 190.863068
v 2.453395 -0.657354 190.863068
v 2.539937 0.000000 190.863068
v 2.453395 0.657354 190.863068
v 2.199666 1.269910 190.863068
v 1.796041 1.795923 190.863068
v 1.270027 2.199548 190.863068
v 0.657471 2.453277 190.863068
v 0.000118 2.539819 190.863068
v -0.657236 2.453277 190.863068
v -1.269792 2.199548 190.863068
v -1.795806 1.795923 190.863068
v -2.199431 1.269910 190.863068
v -2.453160 0.657354 190.863068
v -2.382953 0.000000 191.880371
v -2.301752 -0.616784 191.880371
v -2.063682 -1.191536 191.880371
v -1.684967 -1.685086 191.880371
v -1.191417 -2.063801 191.880371
v -0.616665 -2.301871 191.880371
v 0.000119 -2.383072 191.880371
v 0.616904 -2.301871 191.880371
v 1.191655 -2.063801 191.880371
v 1.685206 -1.685086 191.880371
v 2.063920 -1.191536 191.880371
v 2.301990 -0.616784 191.880371
v 2.383191 0.000000 191.880371
v 2.301990 0.616784 191.880371
v 2.063920 1.191536 191.880371
v 1.685206 1.685086 191.880371
v 1.191655 2.063801 191.880371
v 0.616904 2.301871 191.880371
v 0.000119 2.383072 191.880371
v -0.616665 2.301871 191.880371
v -1.191417 2.063801 191.880371
v -1.684967 1.685086 191.880371
v -2.063682 1.191536 191.880371
v -2.301752 0.616784 191.880371
v -2.235002 0.000000 192.815430
v -2.158842 -0.578492 192.815430
v -1.935552 -1.117561 192.815430
v -1.580350 -1.580470 192.815430
v -1.117441 -1.935673 192.815430
v -0.578372 -2.158963 192.815430
v 0.000121 -2.235123 192.815430
v 0.578613 -2.158963 192.815430
v 1.117682 -1.935673 192.815430
v 1.580591 -1.580470 192.815430
v 1.935794 -1.117561 192.815430
v 2.159083 -0.578492 192.815430
v 2.235243 0.000000 192.815430
v 2.159083 0.578492 192.815430
v 1.935794 1.117561 192.815430
v 1.580591 1.580470 192.815430
v 1.117682 1.935673 192.815430
v 0.578613 2.158963 192.815430
v 0.000121 2.235123 192.815430
v -0.578372 2.158963 192.815430
v -1.117441 1.935673 192.815430
v -1.580350 1.580470 192.815430
v -1.935552 1.117561 192.815430
v -2.158842 0.578492 192.815430
v -2.093725 0.000000 193.685089
v -2.022379 -0.541928 193.685089
v -1.813203 -1.046924 193.685089
v -1.480452 -1.480574 193.685089
v -1.046802 -1.813325 193.685089
v -0.541806 -2.022501 193.685089
v 0.000122 -2.093847 193.685089
v 0.542050 -2.022501 193.685089
v 1.047046 -1.813325 193.685089
v 1.480696 -1.480574 193.685089
v 1.813447 -1.046924 193.685089
v 2.022623 -0.541928 193.685089
v 2.093969 0.000000 193.685089
v 2.022623 0.541928 193.685089
v 1.813447 1.046924 193.685089
v 1.480696 1.480574 193.685089
v 1.047046 1.813325 193.685089
v 0.542050 2.022501 193.685089
v 0.000122 2.093847 193.685089
v -0.541806 2.022501 193.685089
v -1.046802 1.813325 193.685089
v -1.480452 1.480574 193.685089
v -1.813203 1.046924 193.685089
v -2.022379 0.541928 193.685089
v -1.957590 0.000000 194.501175
v -1.890882 -0.506693 194.501175
v -1.695306 -0.978857 194.501175
v -1.384189 -1.384312 194.501175
v -0.978733 -1.695429 194.501175
v -0.506570 -1.891006 194.501175
v 0.000123 -1.957713 194.501175
v 0.506817 -1.891006 194.501175
v 0.978980 -1.695429 194.501175
v 1.384436 -1.384312 194.501175
v 1.695553 -0.978857 194.501175
v 1.891129 -0.506693 194.501175
v 1.957836 0.000000 194.501175
v 1.891129 0.506693 194.501175
v 1.695553 0.978857 194.501175
v 1.384436 1.384312 194.501175
v 0.978980 1.695429 194.501175
v 0.506817 1.891006 194.501175
v 0.000123 1.957713 194.501175
v -0.506570 1.891006 194.501175
v -0.978733 1.695429 194.501175
v -1.384189 1.384312 194.501175
v -1.695306 0.978857 194.501175
v -1.890882 0.506693 194.501175
v -1.825427 0.000000 195.272385
v -1.763223 -0.472487 195.272385
v -1.580849 -0.912776 195.272385
v -1.290735 -1.290860 195.272385
v -0.912651 -1.580974 195.272385
v -0.472363 -1.763347 195.272385
v 0.000124 -1.825551 195.272385
v 0.472612 -1.763347 195.272385
v 0.912900 -1.580974 195.272385
v 1.290984 -1.290860 195.272385
v 1.581098 -0.912776 195.272385
v 1.763472 -0.472487 195.272385
v 1.825676 0.000000 195.272385
v 1.763472 0.472487 195.272385
v 1.581098 0.912776 195.272385
v 1.290984 1.290860 195.272385
v 0.912900 1.580974 195.272385
v 0.472612 1.763347 195.272385
v 0.000124 1.825551 195.272385
v -0.472363 1.763347 195.272385
v -0.912651 1.580974 195.272385
v -1.290735 1.290860 195.272385
v -1.580849 0.912776 195.272385
v -1.763223 0.472487 195.272385
v -1.696298 0.000000 196.005295
v -1.638494 -0.439067 196.005295
v -1.469020 -0.848212 196.005295
v -1.199427 -1.199553 196.005295
v -0.848086 -1.469146 196.005295
v -0.438941 -1.638619 196.005295
v 0.000126 -1.696424 196.005295
v 0.439192 -1.638619 196.005295
v 0.848337 -1.469146 196.005295
v 1.199678 -1.199553 196.005295
v 1.469272 -0.848212 196.005295
v 1.638745 -0.439067 196.005295
v 1.696549 0.000000 196.005295
v 1.638745 0.439067 196.005295
v 1.469272 0.848212 196.005295
v 1.199678 1.199553 196.005295
v 0.848337 1.469146 196.005295
v 0.439192 1.638619 196.005295
v 0.000126 1.696424 196.005295
v -0.438941 1.638619 196.005295
v -0.848086 1.469146 196.005295
v -1.199427 1.199553 196.005295
v -1.469020 0.848212 196.005295
v -1.638494 0.439067 196.005295
v -1.569413 0.000000 196.705032
v -1.515932 -0.406227 196.705032
v -1.359135 -0.784770 196.705032
v -1.109705 -1.109832 196.705032
v -0.784643 -1.359261 196.705032
v -0.406100 -1.516059 196.705032
v 0.000127 -1.569540 196.705032
v 0.406354 -1.516059 196.705032
v 0.784897 -1.359261 196.705032
v 1.109959 -1.109832 196.705032
v 1.359388 -0.784770 196.705032
v 1.516186 -0.406227 196.705032
v 1.569666 0.000000 196.705032
v 1.516186 0.406227 196.705032
v 1.359388 0.784770 196.705032
v 1.109959 1.109832 196.705032
v 0.784897 1.359261 196.705032
v 0.406354 1.516059 196.705032
v 0.000127 1.569540 196.705032
v -0.406100 1.516059 196.705032
v -0.784643 1.359261 196.705032
v -1.109705 1.109832 196.705032
v -1.359135 0.784770 196.705032
v -1.515932 0.406227 196.705032
v -1.444069 0.000000 197.375656
v -1.394859 -0.373786 197.375656
v -1.250584 -0.722099 197.375656
v -1.021074 -1.021202 197.375656
v -0.721971 -1.250711 197.375656
v -0.373658 -1.394987 197.375656
v 0.000128 -1.444197 197.375656
v 0.373913 -1.394987 197.375656
v 0.722226 -1.250711 197.375656
v 1.021329 -1.021202 197.375656
v 1.250839 -0.722099 197.375656
v 1.395115 -0.373786 197.375656
v 1.444325 0.000000 197.375656
v 1.395115 0.373786 197.375656
v 1.250839 0.722099 197.375656
v 1.021329 1.021202 197.375656
v 0.722226 1.250711 197.375656
v 0.373913 1.394987 197.375656
v 0.000128 1.444197 197.375656
v -0.373658 1.394987 197.375656
v -0.721971 1.250711 197.375656
v -1.021074 1.021202 197.375656
v -1.250584 0.722099 197.375656
v -1.394859 0.373786 197.375656
v -1.319608 0.000000 198.020477
v -1.274639 -0.341573 198.020477
v -1.142797 -0.659869 198.020477
v -0.933066 -0.933195 198.020477
v -0.659740 -1.142926 198.020477
v -0.341444 -1.274768 198.020477
v 0.000129 -1.319737 198.020477
v 0.341702 -1.274768 198.020477
v 0.659997 -1.142926 198.020477
v 0.933324 -0.933195 198.020477
v 1.143055 -0.659869 198.020477
v 1.274897 -0.341573 198.020477
v 1.319866 0.000000 198.020477
v 1.274897 0.341573 198.020477
v 1.143055 0.659869 198.020477
v 0.933324 0.933195 198.020477
v 0.659997 1.142926 198.020477
v 0.341702 1.274768 198.020477
v 0.000129 1.319737 198.020477
v -0.341444 1.274768 198.020477
v -0.659740 1.142926 198.020477
v -0.933066 0.933195 198.020477
v -1.142797 0.659869 198.020477
v -1.274639 0.341573 198.020477
v -1.195373 0.000000 198.642242
v -1.154638 -0.309419 198.642242
v -1.035206 -0.597752 198.642242
v -0.845219 -0.845348 198.642242
v -0.597622 -1.035336 198.642242
v -0.309289 -1.154767 198.642242
v 0.000130 -1.195503 198.642242
v 0.309549 -1.154767 198.642242
v 0.597881 -1.035336 198.642242
v 0.845478 -0.845348 198.642242
v 1.035466 -0.597752 198.642242
v 1.154897 -0.309419 198.642242
v 1.195633 0.000000 198.642242
v 1.154897 0.309419 198.642242
v 1.035466 0.597752 198.642242
v 0.845478 0.845348 198.642242
v 0.597881 1.035336 198.642242
v 0.309549 1.154767 198.642242
v 0.000130 1.195503 198.642242
v -0.309289 1.154767 198.642242
v -0.597622 1.035336 198.642242
v -0.845219 0.845348 198.642242
v -1.035206 0.597752 198.642242
v -1.154638 0.309419 198.642242
v -1.070665 0.000000 199.243256
v -1.034178 -0.277142 199.243256
v -0.927206 -0.535398 199.243256
v -0.757036 -0.757167 199.243256
v -0.535267 -0.927336 199.243256
v -0.277012 -1.034309 199.243256
v 0.000131 -1.070796 199.243256
v 0.277273 -1.034309 199.243256
v 0.535529 -0.927336 199.243256
v 0.757298 -0.757167 199.243256
v 0.927467 -0.535398 199.243256
v 1.034440 -0.277142 199.243256
v 1.070926 0.000000 199.243256
v 1.034440 0.277142 199.243256
v 0.927467 0.535398 199.243256
v 0.757298 0.757167 199.243256
v 0.535529 0.927336 199.243256
v 0.277273 1.034309 199.243256
v 0.000131 1.070796 199.243256
v -0.277012 1.034309 199.243256
v -0.535267 0.927336 199.243256
v -0.757036 0.757167 199.243256
v -0.927206 0.535398 199.243256
v -1.034178 0.277142 199.243256
v -0.944683 0.000000 199.825424
v -0.912489 -0.244536 199.825424
v -0.818102 -0.472407 199.825424
v -0.667953 -0.668085 199.825424
v -0.472276 -0.818233 199.825424
v -0.244404 -0.912621 199.825424
v 0.000132 -0.944814 199.825424
v 0.244668 -0.912621 199.825424
v 0.472539 -0.818233 199.825424
v 0.668216 -0.668085 199.825424
v 0.818365 -0.472407 199.825424
v 0.912752 -0.244536 199.825424
v 0.944946 0.000000 199.825424
v 0.912752 0.244536 199.825424
v 0.818365 0.472407 199.825424
v 0.668216 0.668085 199.825424
v 0.472539 0.818233 199.825424
v 0.244668 0.912621 199.825424
v 0.000132 0.944814 199.825424
v -0.244404 0.912621 199.825424
v -0.472276 0.818233 199.825424
v -0.667953 0.668085 199.825424
v -0.818102 0.472407 199.825424
v -0.912489 0.244536 199.825424
v -0.816435 0.000000 200.390427
v -0.788611 -0.211343 200.390427
v -0.707035 -0.408284 200.390427
v -0.577268 -0.577400 200.390427
v -0.408151 -0.707168 200.390427
v -0.211211 -0.788743 200.390427
v 0.000133 -0.816567 200.390427
v 0.211476 -0.788743 200.390427
v 0.408416 -0.707168 200.390427
v 0.577533 -0.577400 200.390427
v 0.707300 -0.408284 200.390427
v 0.788876 -0.211343 200.390427
v 0.816700 0.000000 200.390427
v 0.788876 0.211343 200.390427
v 0.707300 0.408284 200.390427
v 0.577533 0.577400 200.390427
v 0.408416 0.707168 200.390427
v 0.211476 0.788743 200.390427
v 0.000133 0.816567 200.390427
v -0.211211 0.788743 200.390427
v -0.408151 0.707168 200.390427
v -0.577268 0.577400 200.390427
v -0.707035 0.408284 200.390427
v -0.788611 0.211343 200.390427
v -0.684576 0.000000 200.939651
v -0.661245 -0.177216 200.939651
v -0.592842 -0.342355 200.939651
v -0.484029 -0.484163 200.939651
v -0.342221 -0.592976 200.939651
v -0.177082 -0.661379 200.939651
v 0.000133 -0.684710 200.939651
v 0.177349 -0.661379 200.939651
v 0.342488 -0.592976 200.939651
v 0.484296 -0.484163 200.939651
v 0.593109 -0.342355 200.939651
v 0.661512 -0.177216 200.939651
v 0.684843 0.000000 200.939651
v 0.661512 0.177216 200.939651
v 0.593109 0.342355 200.939651
v 0.484296 0.484163 200.939651
v 0.342488 0.592976 200.939651
v 0.177349 0.661379 200.939651
v 0.000133 0.684710 200.939651
v -0.177082 0.661379 200.939651
v -0.342221 0.592976 200.939651
v -0.484029 0.484163 200.939651
v -0.592842 0.342355 200.939651
v -0.661245 0.177216 200.939651
v -0.547073 0.000000 201.474380
v -0.528427 -0.141628 201.474380
v -0.473761 -0.273604 201.474380
v -0.386800 -0.386934 201.474380
v -0.273469 -0.473895 201.474380
v -0.141493 -0.528562 201.474380
v 0.000134 -0.547207 201.474380
v 0.141762 -0.528562 201.474380
v 0.273738 -0.473895 201.474380
v 0.387068 -0.386934 201.474380
v 0.474030 -0.273604 201.474380
v 0.528696 -0.141628 201.474380
v 0.547342 0.000000 201.474380
v 0.528696 0.141628 201.474380
v 0.474030 0.273604 201.474380
v 0.387068 0.386934 201.474380
v 0.273738 0.473895 201.474380
v 0.141762 0.528562 201.474380
v 0.000134 0.547207 201.474380
v -0.141493 0.528562 201.474380
v -0.273469 0.473895 201.474380
v -0.386800 0.386934 201.474380
v -0.473761 0.273604 201.474380
v -0.528427 0.141628 201.474380
v -0.400340 0.000000 201.995636
v -0.386694 -0.103651 201.995636
v -0.346686 -0.200237 201.995636
v -0.283043 -0.283178 201.995636
v -0.200102 -0.346821 201.995636
v -0.103515 -0.386829 201.995636
v 0.000135 -0.400475 201.995636
v 0.103786 -0.386829 201.995636
v 0.200372 -0.346821 201.995636
v 0.283313 -0.283178 201.995636
v 0.346956 -0.200237 201.995636
v 0.386964 -0.103651 201.995636
v 0.400610 0.000000 201.995636
v 0.386964 0.103651 201.995636
v 0.346956 0.200237 201.995636
v 0.283313 0.283178 201.995636
v 0.200372 0.346821 201.995636
v 0.103786 0.386829 201.995636
v 0.000135 0.400475 201.995636
v -0.103515 0.386829 201.995636
v -0.200102 0.346821 201.995636
v -0.283043 0.283178 201.995636
v -0.346686 0.200237 201.995636
v -0.386694 0.103651 201.995636
v -0.236147 0.000000 202.504456
v -0.228096 -0.061154 202.504456
v -0.204491 -0.118141 202.504456
v -0.166941 -0.167077 202.504456
v -0.118005 -0.204627 202.504456
v -0.061019 -0.228231 202.504456
v 0.000136 -0.236283 202.504456
v 0.061290 -0.228231 202.504456
v 0.118277 -0.204627 202.504456
v 0.167213 -0.167077 202.504456
v 0.204763 -0.118141 202.504456
v 0.228367 -0.061154 202.504456
v 0.236418 0.000000 202.504456
v 0.228367 0.061154 202.504456
v 0.204763 0.118141 202.504456
v 0.167213 0.167077 202.504456
v 0.118277 0.204627 202.504456
v 0.061290 0.228231 202.504456
v 0.000136 0.236283 202.504456
v -0.061019 0.228231 202.504456
v -0.118005 0.204627 202.504456
v -0.166941 0.167077 202.504456
v -0.204491 0.118141 202.504456
v -0.228096 0.061154 202.504456
v 0.000137 0.000000 203.001633
v -0.107983 0.028970 201.909225
v 0.000135 0.000000 202.256088
v -0.111797 0.000000 201.909225
v -0.096801 0.055966 201.909225
v -0.079013 0.079148 201.909225
v -0.055831 0.096936 201.909225
v -0.028835 0.108118 201.909225
v 0.000135 0.111932 201.909225
v 0.029105 0.108118 201.909225
v 0.056101 0.096936 201.909225
v 0.079283 0.079148 201.909225
v 0.097071 0.055966 201.909225
v 0.108253 0.028970 201.909225
v 0.112067 0.000000 201.909225
v 0.097071 -0.055966 201.909225
v 0.108253 -0.028970 201.909225
v 0.056101 -0.096936 201.909225
v 0.079283 -0.079148 201.909225
v 0.000135 -0.111932 201.909225
v 0.029105 -0.108118 201.909225
v -0.055831 -0.096936 201.909225
v -0.028835 -0.108118 201.909225
v -0.096801 -0.055966 201.909225
v -0.079013 -0.079148 201.909225
v -0.107983 -0.028970 201.909225
v -0.247351 -0.066313 201.396667
v -0.256081 0.000000 201.396667
v -0.247351 0.066313 201.396667
v -0.221755 -0.128108 201.396667
v -0.181037 -0.181171 201.396667
v -0.127973 -0.221889 201.396667
v -0.066179 -0.247485 201.396667
v 0.000134 -0.256215 201.396667
v 0.066447 -0.247485 201.396667
v 0.128242 -0.221889 201.396667
v 0.181306 -0.181171 201.396667
v 0.222023 -0.128108 201.396667
v 0.247619 -0.066313 201.396667
v 0.256349 0.000000 201.396667
v 0.247619 0.066313 201.396667
v 0.222023 0.128108 201.396667
v 0.181306 0.181171 201.396667
v 0.128242 0.221889 201.396667
v 0.066447 0.247485 201.396667
v 0.000134 0.256215 201.396667
v -0.066179 0.247485 201.396667
v -0.127973 0.221889 201.396667
v -0.181037 0.181171 201.396667
v -0.221755 0.128108 201.396667
v -0.378774 -0.101528 200.867554
v -0.392141 0.000000 200.867554
v -0.378774 0.101528 200.867554
v -0.339586 -0.196137 200.867554
v -0.277246 -0.277379 200.867554
v -0.196004 -0.339719 200.867554
v -0.101395 -0.378907 200.867554
v 0.000133 -0.392274 200.867554
v 0.101661 -0.378907 200.867554
v 0.196270 -0.339719 200.867554
v 0.277513 -0.277379 200.867554
v 0.339852 -0.196137 200.867554
v 0.379041 -0.101528 200.867554
v 0.392407 0.000000 200.867554
v 0.379041 0.101528 200.867554
v 0.339852 0.196137 200.867554
v 0.277513 0.277379 200.867554
v 0.196270 0.339719 200.867554
v 0.101661 0.378907 200.867554
v 0.000133 0.392274 200.867554
v -0.101395 0.378907 200.867554
v -0.196004 0.339719 200.867554
v -0.277246 0.277379 200.867554
v -0.339586 0.196137 200.867554
v -0.505179 -0.135398 200.322479
v -0.523005 0.000000 200.322479
v -0.505179 0.135398 200.322479
v -0.452918 -0.261569 200.322479
v -0.369781 -0.369914 200.322479
v -0.261436 -0.453050 200.322479
v -0.135265 -0.505312 200.322479
v 0.000132 -0.523137 200.322479
v 0.135530 -0.505312 200.322479
v 0.261701 -0.453050 200.322479
v 0.370046 -0.369914 200.322479
v 0.453183 -0.261569 200.322479
v 0.505444 -0.135398 200.322479
v 0.523270 0.000000 200.322479
v 0.505444 0.135398 200.322479
v 0.453183 0.261569 200.322479
v 0.370046 0.369914 200.322479
v 0.261701 0.453050 200.322479
v 0.135530 0.505312 200.322479
v 0.000132 0.523137 200.322479
v -0.135265 0.505312 200.322479
v -0.261436 0.453050 200.322479
v -0.369781 0.369914 200.322479
v -0.452918 0.261569 200.322479
v -0.628338 -0.168398 199.760742
v -0.650508 0.000000 199.760742
v -0.628338 0.168398 199.760742
v -0.563339 -0.325320 199.760742
v -0.459940 -0.460072 199.760742
v -0.325188 -0.563470 199.760742
v -0.168266 -0.628470 199.760742
v 0.000132 -0.650640 199.760742
v 0.168529 -0.628470 199.760742
v 0.325451 -0.563470 199.760742
v 0.460203 -0.460072 199.760742
v 0.563602 -0.325320 199.760742
v 0.628601 -0.168398 199.760742
v 0.650771 0.000000 199.760742
v 0.628601 0.168398 199.760742
v 0.563602 0.325320 199.760742
v 0.460203 0.460072 199.760742
v 0.325451 0.563470 199.760742
v 0.168529 0.628470 199.760742
v 0.000132 0.650640 199.760742
v -0.168266 0.628470 199.760742
v -0.325188 0.563470 199.760742
v -0.459940 0.460072 199.760742
v -0.563339 0.325320 199.760742
v -0.749460 -0.200852 199.181290
v -0.775902 0.000000 199.181290
v -0.749460 0.200852 199.181290
v -0.671934 -0.388016 199.181290
v -0.548608 -0.548738 199.181290
v -0.387886 -0.672064 199.181290
v -0.200721 -0.749590 199.181290
v 0.000131 -0.776033 199.181290
v 0.200983 -0.749590 199.181290
v 0.388147 -0.672064 199.181290
v 0.548869 -0.548738 199.181290
v 0.672195 -0.388016 199.181290
v 0.749721 -0.200852 199.181290
v 0.776164 0.000000 199.181290
v 0.749721 0.200852 199.181290
v 0.672195 0.388016 199.181290
v 0.548869 0.548738 199.181290
v 0.388147 0.672064 199.181290
v 0.200983 0.749590 199.181290
v 0.000131 0.776033 199.181290
v -0.200721 0.749590 199.181290
v -0.387886 0.672064 199.181290
v -0.548608 0.548738 199.181290
v -0.671934 0.388016 199.181290
v -0.869452 -0.233004 198.582626
v -0.900128 0.000000 198.582626
v -0.869452 0.233004 198.582626
v -0.779516 -0.450129 198.582626
v -0.636448 -0.636578 198.582626
v -0.449999 -0.779646 198.582626
v -0.232874 -0.869582 198.582626
v 0.000130 -0.900257 198.582626
v 0.233133 -0.869582 198.582626
v 0.450258 -0.779646 198.582626
v 0.636708 -0.636578 198.582626
v 0.779775 -0.450129 198.582626
v 0.869712 -0.233004 198.582626
v 0.900387 0.000000 198.582626
v 0.869712 0.233004 198.582626
v 0.779775 0.450129 198.582626
v 0.636708 0.636578 198.582626
v 0.450258 0.779646 198.582626
v 0.233133 0.869582 198.582626
v 0.000130 0.900257 198.582626
v -0.232874 0.869582 198.582626
v -0.449999 0.779646 198.582626
v -0.636448 0.636578 198.582626
v -0.779516 0.450129 198.582626
v -0.989060 -0.265052 197.962891
v -1.023955 0.000000 197.962891
v -0.989060 0.265052 197.962891
v -0.886754 -0.512042 197.962891
v -0.724008 -0.724136 197.962891
v -0.511913 -0.886882 197.962891
v -0.264924 -0.989189 197.962891
v 0.000129 -1.024084 197.962891
v 0.265181 -0.989189 197.962891
v 0.512171 -0.886882 197.962891
v 0.724265 -0.724136 197.962891
v 0.887011 -0.512042 197.962891
v 0.989318 -0.265052 197.962891
v 1.024212 0.000000 197.962891
v 0.989318 0.265052 197.962891
v 0.887011 0.512042 197.962891
v 0.724265 0.724136 197.962891
v 0.512171 0.886882 197.962891
v 0.265181 0.989189 197.962891
v 0.000129 1.024084 197.962891
v -0.264924 0.989189 197.962891
v -0.511913 0.886882 197.962891
v -0.724008 0.724136 197.962891
v -0.886754 0.512042 197.962891
v -1.108940 -0.297174 197.319885
v -1.148064 0.000000 197.319885
v -1.108940 0.297174 197.319885
v -0.994235 -0.574096 197.319885
v -0.811766 -0.811894 197.319885
v -0.573968 -0.994363 197.319885
v -0.297046 -1.109068 197.319885
v 0.000128 -1.148191 197.319885
v 0.297301 -1.109068 197.319885
v 0.574223 -0.994363 197.319885
v 0.812022 -0.811894 197.319885
v 0.994491 -0.574096 197.319885
v 1.109195 -0.297174 197.319885
v 1.148319 0.000000 197.319885
v 1.109195 0.297174 197.319885
v 0.994491 0.574096 197.319885
v 0.812022 0.811894 197.319885
v 0.574223 0.994363 197.319885
v 0.297301 1.109068 197.319885
v 0.000128 1.148191 197.319885
v -0.297046 1.109068 197.319885
v -0.573968 0.994363 197.319885
v -0.811766 0.811894 197.319885
v -0.994235 0.574096 197.319885
v -1.229713 -0.329535 196.650925
v -1.273097 0.000000 196.650925
v -1.229713 0.329535 196.650925
v -1.102518 -0.636612 196.650925
v -0.900179 -0.900305 196.650925
v -0.636485 -1.102644 196.650925
v -0.329408 -1.229840 196.650925
v 0.000127 -1.273224 196.650925
v 0.329661 -1.229840 196.650925
v 0.636739 -1.102644 196.650925
v 0.900432 -0.900305 196.650925
v 1.102771 -0.636612 196.650925
v 1.229967 -0.329535 196.650925
v 1.273351 0.000000 196.650925
v 1.229967 0.329535 196.650925
v 1.102771 0.636612 196.650925
v 0.900432 0.900305 196.650925
v 0.636739 1.102644 196.650925
v 0.329661 1.229840 196.650925
v 0.000127 1.273224 196.650925
v -0.329408 1.229840 196.650925
v -0.636485 1.102644 196.650925
v -0.900179 0.900305 196.650925
v -1.102518 0.636612 196.650925
v -1.352008 -0.362303 195.952713
v -1.399706 0.000000 195.952713
v -1.352008 0.362303 195.952713
v -1.212164 -0.699916 195.952713
v -0.989705 -0.989830 195.952713
v -0.699790 -1.212290 195.952713
v -0.362177 -1.352133 195.952713
v 0.000126 -1.399831 195.952713
v 0.362429 -1.352133 195.952713
v 0.700041 -1.212290 195.952713
v 0.989956 -0.989830 195.952713
v 1.212415 -0.699916 195.952713
v 1.352259 -0.362303 195.952713
v 1.399957 0.000000 195.952713
v 1.352259 0.362303 195.952713
v 1.212415 0.699916 195.952713
v 0.989956 0.989830 195.952713
v 0.700041 1.212290 195.952713
v 0.362429 1.352133 195.952713
v 0.000126 1.399831 195.952713
v -0.362177 1.352133 195.952713
v -0.699790 1.212290 195.952713
v -0.989705 0.989830 195.952713
v -1.212164 0.699916 195.952713
v -1.476495 -0.395659 195.221237
v -1.528584 0.000000 195.221237
v -1.476495 0.395659 195.221237
v -1.323776 -0.764354 195.221237
v -1.080836 -1.080960 195.221237
v -0.764230 -1.323900 195.221237
v -0.395534 -1.476619 195.221237
v 0.000124 -1.528708 195.221237
v 0.395783 -1.476619 195.221237
v 0.764479 -1.323900 195.221237
v 1.081085 -1.080960 195.221237
v 1.324025 -0.764354 195.221237
v 1.476743 -0.395659 195.221237
v 1.528833 0.000000 195.221237
v 1.476743 0.395659 195.221237
v 1.324025 0.764354 195.221237
v 1.081085 1.080960 195.221237
v 0.764479 1.323900 195.221237
v 0.395783 1.476619 195.221237
v 0.000124 1.528708 195.221237
v -0.395534 1.476619 195.221237
v -0.764230 1.323900 195.221237
v -1.080836 1.080960 195.221237
v -1.323776 0.764354 195.221237
v -1.603932 -0.429805 194.451355
v -1.660517 0.000000 194.451355
v -1.603932 0.429805 194.451355
v -1.438034 -0.830320 194.451355
v -1.174127 -1.174250 194.451355
v -0.830197 -1.438157 194.451355
v -0.429682 -1.604056 194.451355
v 0.000123 -1.660641 194.451355
v 0.429929 -1.604056 194.451355
v 0.830443 -1.438157 194.451355
v 1.174373 -1.174250 194.451355
v 1.438280 -0.830320 194.451355
v 1.604179 -0.429805 194.451355
v 1.660764 0.000000 194.451355
v 1.604179 0.429805 194.451355
v 1.438280 0.830320 194.451355
v 1.174373 1.174250 194.451355
v 0.830443 1.438157 194.451355
v 0.429929 1.604056 194.451355
v 0.000123 1.660641 194.451355
v -0.429682 1.604056 194.451355
v -0.830197 1.438157 194.451355
v -1.174127 1.174250 194.451355
v -1.438034 0.830320 194.451355
v -1.735223 -0.464984 193.636551
v -1.796440 0.000000 193.636551
v -1.735223 0.464984 193.636551
v -1.555746 -0.898281 193.636551
v -1.270239 -1.270361 193.636551
v -0.898159 -1.555868 193.636551
v -0.464862 -1.735345 193.636551
v 0.000122 -1.796561 193.636551
v 0.465106 -1.735345 193.636551
v 0.898403 -1.555868 193.636551
v 1.270483 -1.270361 193.636551
v 1.555990 -0.898281 193.636551
v 1.735467 -0.464984 193.636551
v 1.796683 0.000000 193.636551
v 1.735467 0.464984 193.636551
v 1.555990 0.898281 193.636551
v 1.270483 1.270361 193.636551
v 0.898403 1.555868 193.636551
v 0.465106 1.735345 193.636551
v 0.000122 1.796561 193.636551
v -0.464862 1.735345 193.636551
v -0.898159 1.555868 193.636551
v -1.270239 1.270361 193.636551
v -1.555746 0.898281 193.636551
v -1.871492 -0.501497 192.768127
v -1.937516 0.000000 192.768127
v -1.871492 0.501497 192.768127
v -1.677922 -0.968818 192.768127
v -1.369995 -1.370116 192.768127
v -0.968698 -1.678042 192.768127
v -0.501377 -1.871613 192.768127
v 0.000121 -1.937636 192.768127
v 0.501618 -1.871613 192.768127
v 0.968939 -1.678042 192.768127
v 1.370236 -1.370116 192.768127
v 1.678163 -0.968818 192.768127
v 1.871733 -0.501497 192.768127
v 1.937757 0.000000 192.768127
v 1.871733 0.501497 192.768127
v 1.678163 0.968818 192.768127
v 1.370236 1.370116 192.768127
v 0.968939 1.678042 192.768127
v 0.501618 1.871613 192.768127
v 0.000121 1.937636 192.768127
v -0.501377 1.871613 192.768127
v -0.968698 1.678042 192.768127
v -1.369995 1.370116 192.768127
v -1.677922 0.968818 192.768127
v -2.014218 -0.539740 191.834274
v -2.085276 0.000000 191.834274
v -2.014218 0.539740 191.834274
v -1.805886 -1.042697 191.834274
v -1.474478 -1.474597 191.834274
v -1.042578 -1.806005 191.834274
v -0.539621 -2.014337 191.834274
v 0.000119 -2.085395 191.834274
v 0.539859 -2.014337 191.834274
v 1.042817 -1.806005 191.834274
v 1.474716 -1.474597 191.834274
v 1.806124 -1.042697 191.834274
v 2.014456 -0.539740 191.834274
v 2.085514 0.000000 191.834274
v 2.014456 0.539740 191.834274
v 1.806124 1.042697 191.834274
v 1.474716 1.474597 191.834274
v 1.042817 1.806005 191.834274
v 0.539859 2.014337 191.834274
v 0.000119 2.085395 191.834274
v -0.539621 2.014337 191.834274
v -1.042578 1.806005 191.834274
v -1.474478 1.474597 191.834274
v -1.805886 1.042697 191.834274
v -2.165448 -0.580262 190.818161
v -2.241841 0.000000 190.818161
v -2.165448 0.580262 190.818161
v -1.941475 -1.120979 190.818161
v -1.585186 -1.585304 190.818161
v -1.120862 -1.941593 190.818161
v -0.580144 -2.165566 190.818161
v 0.000117 -2.241958 190.818161
v 0.580379 -2.165566 190.818161
v 1.121097 -1.941593 190.818161
v 1.585421 -1.585304 190.818161
v 1.941710 -1.120979 190.818161
v 2.165683 -0.580262 190.818161
v 2.242076 0.000000 190.818161
v 2.165683 0.580262 190.818161
v 1.941710 1.120979 190.818161
v 1.585421 1.585304 190.818161
v 1.121097 1.941593 190.818161
v 0.580379 2.165566 190.818161
v 0.000117 2.241958 190.818161
v -0.580144 2.165566 190.818161
v -1.120862 1.941593 190.818161
v -1.585186 1.585304 190.818161
v -1.941475 1.120979 190.818161
v -2.328217 -0.623875 189.694397
v -2.410351 0.000000 189.694397
v -2.328217 0.623875 189.694397
v -2.087410 -1.205233 189.694397
v -1.704342 -1.704458 189.694397
v -1.205118 -2.087526 189.694397
v -0.623759 -2.328332 189.694397
v 0.000116 -2.410467 189.694397
v 0.623990 -2.328332 189.694397
v 1.205349 -2.087526 189.694397
v 1.704573 -1.704458 189.694397
v 2.087641 -1.205233 189.694397
v 2.328448 -0.623875 189.694397
v 2.410583 0.000000 189.694397
v 2.328448 0.623875 189.694397
v 2.087641 1.205233 189.694397
v 1.704573 1.704458 189.694397
v 1.205349 2.087526 189.694397
v 0.623990 2.328332 189.694397
v 0.000116 2.410467 189.694397
v -0.623759 2.328332 189.694397
v -1.205118 2.087526 189.694397
v -1.704342 1.704458 189.694397
v -2.087410 1.205233 189.694397
v -2.507410 -0.671889 188.421555
v -2.595866 0.000000 188.421555
v -2.507410 0.671889 188.421555
v -2.248071 -1.297990 188.421555
v -1.835521 -1.835635 188.421555
v -1.297876 -2.248185 188.421555
v -0.671775 -2.507524 188.421555
v 0.000114 -2.595980 188.421555
v 0.672003 -2.507524 188.421555
v 1.298104 -2.248185 188.421555
v 1.835749 -1.835635 188.421555
v 2.248298 -1.297990 188.421555
v 2.507638 -0.671889 188.421555
v 2.596094 0.000000 188.421555
v 2.507638 0.671889 188.421555
v 2.248298 1.297990 188.421555
v 1.835749 1.835635 188.421555
v 1.298104 2.248185 188.421555
v 0.672003 2.507524 188.421555
v 0.000114 2.595980 188.421555
v -0.671775 2.507524 188.421555
v -1.297876 2.248185 188.421555
v -1.835521 1.835635 188.421555
v -2.248071 1.297990 188.421555
v -2.711902 -0.726682 186.923767
v -2.807572 0.000000 186.923767
v -2.711902 0.726682 186.923767
v -2.431414 -1.403842 186.923767
v -1.985220 -1.985332 186.923767
v -1.403730 -2.431525 186.923767
v -0.726570 -2.712014 186.923767
v 0.000111 -2.807683 186.923767
v 0.726793 -2.712014 186.923767
v 1.403953 -2.431525 186.923767
v 1.985443 -1.985332 186.923767
v 2.431636 -1.403842 186.923767
v 2.712125 -0.726682 186.923767
v 2.807794 0.000000 186.923767
v 2.712125 0.726682 186.923767
v 2.431636 1.403842 186.923767
v 1.985443 1.985332 186.923767
v 1.403953 2.431525 186.923767
v 0.726793 2.712014 186.923767
v 0.000111 2.807683 186.923767
v -0.726570 2.712014 186.923767
v -1.403730 2.431525 186.923767
v -1.985220 1.985332 186.923767
v -2.431414 1.403842 186.923767
v -2.961206 -0.793482 185.032822
v -3.065670 0.000000 185.032822
v -2.961206 0.793482 185.032822
v -2.654933 -1.532889 185.032822
v -2.167724 -2.167832 185.032822
v -1.532781 -2.655042 185.032822
v -0.793373 -2.961314 185.032822
v 0.000108 -3.065778 185.032822
v 0.793590 -2.961314 185.032822
v 1.532997 -2.655042 185.032822
v 2.167941 -2.167832 185.032822
v 2.655150 -1.532889 185.032822
v 2.961422 -0.793482 185.032822
v 3.065886 0.000000 185.032822
v 2.961422 0.793482 185.032822
v 2.655150 1.532889 185.032822
v 2.167941 2.167832 185.032822
v 1.532997 2.655042 185.032822
v 0.793590 2.961314 185.032822
v 0.000108 3.065778 185.032822
v -0.793373 2.961314 185.032822
v -1.532781 2.655042 185.032822
v -2.167724 2.167832 185.032822
v -2.654933 1.532889 185.032822
v -3.275307 -0.877644 182.548691
v -3.390851 0.000000 182.548691
v -3.275307 0.877644 182.548691
v -2.936549 -1.695478 182.548691
v -2.397663 -2.397768 182.548691
v -1.695373 -2.936654 182.548691
v -0.877539 -3.275411 182.548691
v 0.000105 -3.390955 182.548691
v 0.877748 -3.275411 182.548691
v 1.695582 -2.936654 182.548691
v 2.397872 -2.397768 182.548691
v 2.936758 -1.695478 182.548691
v 3.275516 -0.877644 182.548691
v 3.391060 0.000000 182.548691
v 3.275516 0.877644 182.548691
v 2.936758 1.695478 182.548691
v 2.397872 2.397768 182.548691
v 1.695582 2.936654 182.548691
v 0.877748 3.275411 182.548691
v 0.000105 3.390955 182.548691
v -0.877539 3.275411 182.548691
v -1.695373 2.936654 182.548691
v -2.397663 2.397768 182.548691
v -2.936549 1.695478 182.548691
v -3.575841 -0.958171 180.064499
v -3.701986 0.000000 180.064499
v -3.575841 0.958171 180.064499
v -3.206001 -1.851043 180.064499
v -2.617670 -2.617771 180.064499
v -1.850943 -3.206101 180.064499
v -0.958070 -3.575941 180.064499
v 0.000101 -3.702087 180.064499
v 0.958271 -3.575941 180.064499
v 1.851144 -3.206101 180.064499
v 2.617871 -2.617771 180.064499
v 3.206202 -1.851043 180.064499
v 3.576042 -0.958171 180.064499
v 3.702187 0.000000 180.064499
v 3.576042 0.958171 180.064499
v 3.206202 1.851043 180.064499
v 2.617871 2.617771 180.064499
v 1.851144 3.206101 180.064499
v 0.958271 3.575941 180.064499
v 0.000101 3.702087 180.064499
v -0.958070 3.575941 180.064499
v -1.850943 3.206101 180.064499
v -2.617670 2.617771 180.064499
v -3.206001 1.851043 180.064499
v -3.864186 -1.035431 177.580139
v -4.000503 0.000000 177.580139
v -3.864186 1.035431 177.580139
v -3.464525 -2.000300 177.580139
v -2.828755 -2.828851 177.580139
v -2.000203 -3.464621 177.580139
v -1.035335 -3.864283 177.580139
v 0.000097 -4.000600 177.580139
v 1.035528 -3.864283 177.580139
v 2.000397 -3.464621 177.580139
v 2.828948 -2.828851 177.580139
v 3.464718 -2.000300 177.580139
v 3.864380 -1.035431 177.580139
v 4.000697 0.000000 177.580139
v 3.864380 1.035431 177.580139
v 3.464718 2.000300 177.580139
v 2.828948 2.828851 177.580139
v 2.000397 3.464621 177.580139
v 1.035528 3.864283 177.580139
v 0.000097 4.000600 177.580139
v -1.035335 3.864283 177.580139
v -2.000203 3.464621 177.580139
v -2.828755 2.828851 177.580139
v -3.464525 2.000300 177.580139
v -4.141392 -1.109708 175.095688
v -4.287488 0.000000 175.095688
v -4.141392 1.109708 175.095688
v -3.713061 -2.143790 175.095688
v -3.031685 -3.031778 175.095688
v -2.143698 -3.713154 175.095688
v -1.109615 -4.141485 175.095688
v 0.000093 -4.287581 175.095688
v 1.109800 -4.141485 175.095688
v 2.143883 -3.713154 175.095688
v 3.031870 -3.031778 175.095688
v 3.713247 -2.143790 175.095688
v 4.141578 -1.109708 175.095688
v 4.287674 0.000000 175.095688
v 4.141578 1.109708 175.095688
v 3.713247 2.143790 175.095688
v 3.031870 3.031778 175.095688
v 2.143883 3.713154 175.095688
v 1.109800 4.141485 175.095688
v 0.000093 4.287581 175.095688
v -1.109615 4.141485 175.095688
v -2.143698 3.713154 175.095688
v -3.031685 3.031778 175.095688
v -3.713061 2.143790 175.095688
v -4.408281 -1.181219 172.611130
v -4.563792 0.000000 172.611130
v -4.408281 1.181219 172.611130
v -3.952348 -2.281940 172.611130
v -3.227062 -3.227151 172.611130
v -2.281851 -3.952436 172.611130
v -1.181130 -4.408370 172.611130
v 0.000089 -4.563880 172.611130
v 1.181308 -4.408370 172.611130
v 2.282029 -3.952436 172.611130
v 3.227240 -3.227151 172.611130
v 3.952525 -2.281940 172.611130
v 4.408459 -1.181219 172.611130
v 4.563969 0.000000 172.611130
v 4.408459 1.181219 172.611130
v 3.952525 2.281940 172.611130
v 3.227240 3.227151 172.611130
v 2.282029 3.952436 172.611130
v 1.181308 4.408370 172.611130
v 0.000089 4.563880 172.611130
v -1.181130 4.408370 172.611130
v -2.281851 3.952436 172.611130
v -3.227062 3.227151 172.611130
v -3.952348 2.281940 172.611130
v -4.665505 -1.250141 170.126526
v -4.830089 0.000000 170.126526
v -4.665505 1.250141 170.126526
v -4.182968 -2.415087 170.126526
v -3.415364 -3.415449 170.126526
v -2.415002 -4.183053 170.126526
v -1.250056 -4.665590 170.126526
v 0.000085 -4.830174 170.126526
v 1.250226 -4.665590 170.126526
v 2.415172 -4.183053 170.126526
v 3.415534 -3.415449 170.126526
v 4.183138 -2.415087 170.126526
v 4.665675 -1.250141 170.126526
v 4.830259 0.000000 170.126526
v 4.665675 1.250141 170.126526
v 4.183138 2.415087 170.126526
v 3.415534 3.415449 170.126526
v 2.415172 4.183053 170.126526
v 1.250226 4.665590 170.126526
v 0.000085 4.830174 170.126526
v -1.250056 4.665590 170.126526
v -2.415002 4.183053 170.126526
v -3.415364 3.415449 170.126526
v -4.182968 2.415087 170.126526
v -4.913583 -1.316612 167.641876
v -5.086918 0.000000 167.641876
v -4.913583 1.316612 167.641876
v -4.405390 -2.543500 167.641876
v -3.596971 -3.597052 167.641876
v -2.543419 -4.405471 167.641876
v -1.316531 -4.913664 167.641876
v 0.000081 -5.086999 167.641876
v 1.316693 -4.913664 167.641876
v 2.543581 -4.405471 167.641876
v 3.597133 -3.597052 167.641876
v 4.405552 -2.543500 167.641876
v 4.913745 -1.316612 167.641876
v 5.087080 0.000000 167.641876
v 4.913745 1.316612 167.641876
v 4.405552 2.543500 167.641876
v 3.597133 3.597052 167.641876
v 2.543581 4.405471 167.641876
v 1.316693 4.913664 167.641876
v 0.000081 5.086999 167.641876
v -1.316531 4.913664 167.641876
v -2.543419 4.405471 167.641876
v -3.596971 3.597052 167.641876
v -4.405390 2.543500 167.641876
v -5.152932 -1.380745 165.157150
v -5.334711 0.000000 165.157150
v -5.152932 1.380745 165.157150
v -4.619985 -2.667394 165.157150
v -3.772188 -3.772265 165.157150
v -2.667317 -4.620062 165.157150
v -1.380668 -5.153010 165.157150
v 0.000077 -5.334788 165.157150
v 1.380822 -5.153010 165.157150
v 2.667471 -4.620062 165.157150
v 3.772342 -3.772265 165.157150
v 4.620139 -2.667394 165.157150
v 5.153087 -1.380745 165.157150
v 5.334865 0.000000 165.157150
v 5.153087 1.380745 165.157150
v 4.620139 2.667394 165.157150
v 3.772342 3.772265 165.157150
v 2.667471 4.620062 165.157150
v 1.380822 5.153010 165.157150
v 0.000077 5.334788 165.157150
v -1.380668 5.153010 165.157150
v -2.667317 4.620062 165.157150
v -3.772188 3.772265 165.157150
v -4.619985 2.667394 165.157150
v -5.383883 -1.442627 162.672424
v -5.573808 0.000000 162.672424
v -5.383883 1.442627 162.672424
v -4.827050 -2.786941 162.672424
v -3.941256 -3.941330 162.672424
v -2.786868 -4.827123 162.672424
v -1.442553 -5.383956 162.672424
v 0.000073 -5.573882 162.672424
v 1.442700 -5.383956 162.672424
v 2.787014 -4.827123 162.672424
v 3.941403 -3.941330 162.672424
v 4.827196 -2.786941 162.672424
v 5.384030 -1.442627 162.672424
v 5.573955 0.000000 162.672424
v 5.384030 1.442627 162.672424
v 4.827196 2.786941 162.672424
v 3.941403 3.941330 162.672424
v 2.787014 4.827123 162.672424
v 1.442700 5.383956 162.672424
v 0.000073 5.573882 162.672424
v -1.442553 5.383956 162.672424
v -2.786868 4.827123 162.672424
v -3.941256 3.941330 162.672424
v -4.827050 2.786941 162.672424
v -5.606694 -1.502328 160.187653
v -5.804479 0.000000 160.187653
v -5.606694 1.502328 160.187653
v -5.026817 -2.902274 160.187653
v -4.104366 -4.104436 160.187653
v -2.902205 -5.026887 160.187653
v -1.502258 -5.606764 160.187653
v 0.000069 -5.804549 160.187653
v 1.502397 -5.606764 160.187653
v 2.902344 -5.026887 160.187653
v 4.104505 -4.104436 160.187653
v 5.026956 -2.902274 160.187653
v 5.606833 -1.502328 160.187653
v 5.804618 0.000000 160.187653
v 5.606833 1.502328 160.187653
v 5.026956 2.902274 160.187653
v 4.104505 4.104436 160.187653
v 2.902344 5.026887 160.187653
v 1.502397 5.606764 160.187653
v 0.000069 5.804549 160.187653
v -1.502258 5.606764 160.187653
v -2.902205 5.026887 160.187653
v -4.104366 4.104436 160.187653
v -5.026817 2.902274 160.187653
v -5.821563 -1.559901 157.702850
v -6.026928 0.000000 157.702850
v -5.821563 1.559901 157.702850
v -5.219464 -3.013497 157.702850
v -4.261662 -4.261728 157.702850
v -3.013431 -5.219529 157.702850
v -1.559835 -5.821628 157.702850
v 0.000065 -6.026993 157.702850
v 1.559966 -5.821628 157.702850
v 3.013562 -5.219529 157.702850
v 4.261793 -4.261728 157.702850
v 5.219595 -3.013497 157.702850
v 5.821694 -1.559901 157.702850
v 6.027059 0.000000 157.702850
v 5.821694 1.559901 157.702850
v 5.219595 3.013497 157.702850
v 4.261793 4.261728 157.702850
v 3.013562 5.219529 157.702850
v 1.559966 5.821628 157.702850
v 0.000065 6.026993 157.702850
v -1.559835 5.821628 157.702850
v -3.013431 5.219529 157.702850
v -4.261662 4.261728 157.702850
v -5.219464 3.013497 157.702850
v -6.028632 -1.615383 155.218063
v -6.241301 0.000000 155.218063
v -6.028632 1.615383 155.218063
v -5.405117 -3.120681 155.218063
v -4.413248 -4.413310 155.218063
v -3.120620 -5.405178 155.218063
v -1.615322 -6.028693 155.218063
v 0.000062 -6.241362 155.218063
v 1.615445 -6.028693 155.218063
v 3.120743 -5.405178 155.218063
v 4.413371 -4.413310 155.218063
v 5.405240 -3.120681 155.218063
v 6.028755 -1.615383 155.218063
v 6.241424 0.000000 155.218063
v 6.028755 1.615383 155.218063
v 5.405240 3.120681 155.218063
v 4.413371 4.413310 155.218063
v 3.120743 5.405178 155.218063
v 1.615445 6.028693 155.218063
v 0.000062 6.241362 155.218063
v -1.615322 6.028693 155.218063
v -3.120620 5.405178 155.218063
v -4.413248 4.413310 155.218063
v -5.405117 3.120681 155.218063
v -6.227989 -1.668800 152.733246
v -6.447691 0.000000 152.733246
v -6.227989 1.668800 152.733246
v -5.583856 -3.223874 152.733246
v -4.559189 -4.559247 152.733246
v -3.223817 -5.583914 152.733246
v -1.668742 -6.228047 152.733246
v 0.000058 -6.447748 152.733246
v 1.668858 -6.228047 152.733246
v 3.223932 -5.583914 152.733246
v 4.559304 -4.559247 152.733246
v 5.583972 -3.223874 152.733246
v 6.228104 -1.668800 152.733246
v 6.447806 0.000000 152.733246
v 6.228104 1.668800 152.733246
v 5.583972 3.223874 152.733246
v 4.559304 4.559247 152.733246
v 3.223932 5.583914 152.733246
v 1.668858 6.228047 152.733246
v 0.000058 6.447748 152.733246
v -1.668742 6.228047 152.733246
v -3.223817 5.583914 152.733246
v -4.559189 4.559247 152.733246
v -5.583856 3.223874 152.733246
v -6.419678 -1.720162 150.248459
v -6.646142 0.000000 150.248459
v -6.419678 1.720162 150.248459
v -5.755721 -3.323098 150.248459
v -4.699516 -4.699570 150.248459
v -3.323044 -5.755774 150.248459
v -1.720108 -6.419732 150.248459
v 0.000054 -6.646196 150.248459
v 1.720216 -6.419732 150.248459
v 3.323152 -5.755774 150.248459
v 4.699624 -4.699570 150.248459
v 5.755828 -3.323098 150.248459
v 6.419786 -1.720162 150.248459
v 6.646250 0.000000 150.248459
v 6.419786 1.720162 150.248459
v 5.755828 3.323098 150.248459
v 4.699624 4.699570 150.248459
v 3.323152 5.755774 150.248459
v 1.720216 6.419732 150.248459
v 0.000054 6.646196 150.248459
v -1.720108 6.419732 150.248459
v -3.323044 5.755774 150.248459
v -4.699516 4.699570 150.248459
v -5.755721 3.323098 150.248459
v -6.603694 -1.769468 147.763641
v -6.836649 0.000000 147.763641
v -6.603694 1.769468 147.763641
v -5.920705 -3.418349 147.763641
v -4.834226 -4.834276 147.763641
v -3.418300 -5.920755 147.763641
v -1.769418 -6.603744 147.763641
v 0.000050 -6.836699 147.763641
v 1.769518 -6.603744 147.763641
v 3.418399 -5.920755 147.763641
v 4.834326 -4.834276 147.763641
v 5.920805 -3.418349 147.763641
v 6.603794 -1.769468 147.763641
v 6.836749 0.000000 147.763641
v 6.603794 1.769468 147.763641
v 5.920805 3.418349 147.763641
v 4.834326 4.834276 147.763641
v 3.418399 5.920755 147.763641
v 1.769518 6.603744 147.763641
v 0.000050 6.836699 147.763641
v -1.769418 6.603744 147.763641
v -3.418300 5.920755 147.763641
v -4.834226 4.834276 147.763641
v -5.920705 3.418349 147.763641
v -6.779981 -1.816703 145.278854
v -7.019154 0.000000 145.278854
v -6.779981 1.816703 145.278854
v -6.078760 -3.509600 145.278854
v -4.963278 -4.963324 145.278854
v -3.509554 -6.078806 145.278854
v -1.816657 -6.780027 145.278854
v 0.000046 -7.019200 145.278854
v 1.816749 -6.780027 145.278854
v 3.509646 -6.078806 145.278854
v 4.963370 -4.963324 145.278854
v 6.078852 -3.509600 145.278854
v 6.780073 -1.816703 145.278854
v 7.019246 0.000000 145.278854
v 6.780073 1.816703 145.278854
v 6.078852 3.509600 145.278854
v 4.963370 4.963324 145.278854
v 3.509646 6.078806 145.278854
v 1.816749 6.780027 145.278854
v 0.000046 7.019200 145.278854
v -1.816657 6.780027 145.278854
v -3.509554 6.078806 145.278854
v -4.963278 4.963324 145.278854
v -6.078760 3.509600 145.278854
v -6.948432 -1.861838 142.794083
v -7.193548 0.000000 142.794083
v -6.948432 1.861838 142.794083
v -6.229790 -3.596795 142.794083
v -5.086594 -5.086636 142.794083
v -3.596753 -6.229832 142.794083
v -1.861796 -6.948474 142.794083
v 0.000042 -7.193590 142.794083
v 1.861880 -6.948474 142.794083
v 3.596837 -6.229832 142.794083
v 5.086678 -5.086636 142.794083
v 6.229874 -3.596795 142.794083
v 6.948516 -1.861838 142.794083
v 7.193632 0.000000 142.794083
v 6.948516 1.861838 142.794083
v 6.229874 3.596795 142.794083
v 5.086678 5.086636 142.794083
v 3.596837 6.229832 142.794083
v 1.861880 6.948474 142.794083
v 0.000042 7.193590 142.794083
v -1.861796 6.948474 142.794083
v -3.596753 6.229832 142.794083
v -5.086594 5.086636 142.794083
v -6.229790 3.596795 142.794083
v -7.108885 -1.904830 140.309341
v -7.359661 0.000000 140.309341
v -7.108885 1.904830 140.309341
v -6.373648 -3.679850 140.309341
v -5.204055 -5.204093 140.309341
v -3.679811 -6.373686 140.309341
v -1.904792 -7.108923 140.309341
v 0.000038 -7.359699 140.309341
v 1.904868 -7.108923 140.309341
v 3.679888 -6.373686 140.309341
v 5.204131 -5.204093 140.309341
v 6.373725 -3.679850 140.309341
v 7.108962 -1.904830 140.309341
v 7.359737 0.000000 140.309341
v 7.108962 1.904830 140.309341
v 6.373725 3.679850 140.309341
v 5.204131 5.204093 140.309341
v 3.679888 6.373686 140.309341
v 1.904868 7.108923 140.309341
v 0.000038 7.359699 140.309341
v -1.904792 7.108923 140.309341
v -3.679811 6.373686 140.309341
v -5.204055 5.204093 140.309341
v -6.373648 3.679850 140.309341
v -7.261106 -1.945617 137.824631
v -7.517251 0.000000 137.824631
v -7.261106 1.945617 137.824631
v -6.510126 -3.758643 137.824631
v -5.315489 -5.315524 137.824631
v -3.758609 -6.510160 137.824631
v -1.945582 -7.261140 137.824631
v 0.000034 -7.517286 137.824631
v 1.945651 -7.261140 137.824631
v 3.758677 -6.510160 137.824631
v 5.315558 -5.315524 137.824631
v 6.510195 -3.758643 137.824631
v 7.261175 -1.945617 137.824631
v 7.517320 0.000000 137.824631
v 7.261175 1.945617 137.824631
v 6.510195 3.758643 137.824631
v 5.315558 5.315524 137.824631
v 3.758677 6.510160 137.824631
v 1.945651 7.261140 137.824631
v 0.000034 7.517286 137.824631
v -1.945582 7.261140 137.824631
v -3.758609 6.510160 137.824631
v -5.315489 5.315524 137.824631
v -6.510126 3.758643 137.824631
v -7.404786 -1.984114 135.339981
v -7.665999 0.000000 135.339981
v -7.404786 1.984114 135.339981
v -6.638946 -3.833015 135.339981
v -5.420671 -5.420702 135.339981
v -3.832984 -6.638976 135.339981
v -1.984084 -7.404816 135.339981
v 0.000030 -7.666030 135.339981
v 1.984145 -7.404816 135.339981
v 3.833045 -6.638976 135.339981
v 5.420732 -5.420702 135.339981
v 6.639007 -3.833015 135.339981
v 7.404846 -1.984114 135.339981
v 7.666060 0.000000 135.339981
v 7.404846 1.984114 135.339981
v 6.639007 3.833015 135.339981
v 5.420732 5.420702 135.339981
v 3.833045 6.638976 135.339981
v 1.984145 7.404816 135.339981
v 0.000030 7.666030 135.339981
v -1.984084 7.404816 135.339981
v -3.832984 6.638976 135.339981
v -5.420671 5.420702 135.339981
v -6.638946 3.833015 135.339981
v -7.539513 -2.020214 132.855362
v -7.805479 0.000000 132.855362
v -7.539513 2.020214 132.855362
v -6.759740 -3.902753 132.855362
v -5.519300 -5.519326 132.855362
v -3.902726 -6.759766 132.855362
v -2.020187 -7.539540 132.855362
v 0.000026 -7.805506 132.855362
v 2.020240 -7.539540 132.855362
v 3.902779 -6.759766 132.855362
v 5.519353 -5.519326 132.855362
v 6.759793 -3.902753 132.855362
v 7.539566 -2.020214 132.855362
v 7.805532 0.000000 132.855362
v 7.539566 2.020214 132.855362
v 6.759793 3.902753 132.855362
v 5.519353 5.519326 132.855362
v 3.902779 6.759766 132.855362
v 2.020240 7.539540 132.855362
v 0.000026 7.805506 132.855362
v -2.020187 7.539540 132.855362
v -3.902726 6.759766 132.855362
v -5.519300 5.519326 132.855362
v -6.759740 3.902753 132.855362
v -7.664745 -2.053768 130.370850
v -7.935129 0.000000 130.370850
v -7.664745 2.053768 130.370850
v -6.872020 -3.967576 130.370850
v -5.610977 -5.610999 130.370850
v -3.967553 -6.872043 130.370850
v -2.053746 -7.664768 130.370850
v 0.000023 -7.935151 130.370850
v 2.053791 -7.664768 130.370850
v 3.967598 -6.872043 130.370850
v 5.611022 -5.610999 130.370850
v 6.872065 -3.967576 130.370850
v 7.664790 -2.053768 130.370850
v 7.935174 0.000000 130.370850
v 7.664790 2.053768 130.370850
v 6.872065 3.967576 130.370850
v 5.611022 5.610999 130.370850
v 3.967598 6.872043 130.370850
v 2.053791 7.664768 130.370850
v 0.000023 7.935151 130.370850
v -2.053746 7.664768 130.370850
v -3.967553 6.872043 130.370850
v -5.610977 5.610999 130.370850
v -6.872020 3.967576 130.370850
v -7.779759 -2.084585 127.886436
v -8.054200 0.000000 127.886436
v -7.779759 2.084585 127.886436
v -6.975140 -4.027109 127.886436
v -5.695174 -5.695193 127.886436
v -4.027091 -6.975158 127.886436
v -2.084567 -7.779778 127.886436
v 0.000019 -8.054219 127.886436
v 2.084604 -7.779778 127.886436
v 4.027128 -6.975158 127.886436
v 5.695212 -5.695193 127.886436
v 6.975177 -4.027109 127.886436
v 7.779797 -2.084585 127.886436
v 8.054238 0.000000 127.886436
v 7.779797 2.084585 127.886436
v 6.975177 4.027109 127.886436
v 5.695212 5.695193 127.886436
v 4.027128 6.975158 127.886436
v 2.084604 7.779778 127.886436
v 0.000019 8.054219 127.886436
v -2.084567 7.779778 127.886436
v -4.027091 6.975158 127.886436
v -5.695174 5.695193 127.886436
v -6.975140 4.027109 127.886436
v -7.883559 -2.112397 125.402191
v -8.161662 0.000000 125.402191
v -7.883559 2.112397 125.402191
v -7.068204 -4.080838 125.402191
v -5.771162 -5.771177 125.402191
v -4.080823 -7.068219 125.402191
v -2.112383 -7.883574 125.402191
v 0.000015 -8.161676 125.402191
v 2.112412 -7.883574 125.402191
v 4.080853 -7.068219 125.402191
v 5.771191 -5.771177 125.402191
v 7.068234 -4.080838 125.402191
v 7.883589 -2.112397 125.402191
v 8.161691 0.000000 125.402191
v 7.883589 2.112397 125.402191
v 7.068234 4.080838 125.402191
v 5.771191 5.771177 125.402191
v 4.080853 7.068219 125.402191
v 2.112412 7.883574 125.402191
v 0.000015 8.161676 125.402191
v -2.112383 7.883574 125.402191
v -4.080823 7.068219 125.402191
v -5.771162 5.771177 125.402191
v -7.068204 4.080838 125.402191
v -7.974719 -2.136822 122.918152
v -8.256037 0.000000 122.918152
v -7.974719 2.136822 122.918152
v -7.149936 -4.128024 122.918152
v -5.837896 -5.837907 122.918152
v -4.128013 -7.149947 122.918152
v -2.136811 -7.974729 122.918152
v 0.000011 -8.256047 122.918152
v 2.136833 -7.974729 122.918152
v 4.128035 -7.149947 122.918152
v 5.837918 -5.837907 122.918152
v 7.149958 -4.128024 122.918152
v 7.974740 -2.136822 122.918152
v 8.256058 0.000000 122.918152
v 7.974740 2.136822 122.918152
v 7.149958 4.128024 122.918152
v 5.837918 5.837907 122.918152
v 4.128035 7.149947 122.918152
v 2.136833 7.974729 122.918152
v 0.000011 8.256047 122.918152
v -2.136811 7.974729 122.918152
v -4.128013 7.149947 122.918152
v -5.837896 5.837907 122.918152
v -7.149936 4.128024 122.918152
v -8.050995 -2.157259 120.434540
v -8.335003 0.000000 120.434540
v -8.050995 2.157259 120.434540
v -7.218324 -4.167505 120.434540
v -5.893735 -5.893742 120.434540
v -4.167498 -7.218331 120.434540
v -2.157252 -8.051002 120.434540
v 0.000007 -8.335010 120.434540
v 2.157266 -8.051002 120.434540
v 4.167512 -7.218331 120.434540
v 5.893749 -5.893742 120.434540
v 7.218338 -4.167505 120.434540
v 8.051009 -2.157259 120.434540
v 8.335017 0.000000 120.434540
v 8.051009 2.157259 120.434540
v 7.218338 4.167505 120.434540
v 5.893749 5.893742 120.434540
v 4.167512 7.218331 120.434540
v 2.157266 8.051002 120.434540
v 0.000007 8.335010 120.434540
v -2.157252 8.051002 120.434540
v -4.167498 7.218331 120.434540
v -5.893735 5.893742 120.434540
v -7.218324 4.167505 120.434540
v -8.108222 -2.172592 117.951675
v -8.394249 0.000000 117.951675
v -8.108222 2.172592 117.951675
v -7.269633 -4.197126 117.951675
v -5.935630 -5.935633 117.951675
v -4.197123 -7.269636 117.951675
v -2.172589 -8.108225 117.951675
v 0.000003 -8.394252 117.951675
v 2.172595 -8.108225 117.951675
v 4.197129 -7.269636 117.951675
v 5.935636 -5.935633 117.951675
v 7.269639 -4.197126 117.951675
v 8.108228 -2.172592 117.951675
v 8.394255 0.000000 117.951675
v 8.108228 2.172592 117.951675
v 7.269639 4.197126 117.951675
v 5.935636 5.935633 117.951675
v 4.197129 7.269636 117.951675
v 2.172595 8.108225 117.951675
v 0.000003 8.394252 117.951675
v -2.172589 8.108225 117.951675
v -4.197123 7.269636 117.951675
v -5.935630 5.935633 117.951675
v -7.269633 4.197126 117.951675
v -8.128210 -2.177947 116.300056
v -8.414942 0.000000 116.300056
v -8.128210 2.177947 116.300056
v -7.287554 -4.207471 116.300056
v -5.950263 -5.950263 116.300056
v -4.207471 -7.287554 116.300056
v -2.177947 -8.128210 116.300056
v 0.000000 -8.414943 116.300056
v 2.177948 -8.128210 116.300056
v 4.207472 -7.287554 116.300056
v 5.950264 -5.950263 116.300056
v 7.287555 -4.207471 116.300056
v 8.128211 -2.177947 116.300056
v 8.414943 0.000000 116.300056
v 8.128211 2.177947 116.300056
v 7.287555 4.207471 116.300056
v 5.950264 5.950263 116.300056
v 4.207472 7.287554 116.300056
v 2.177948 8.128210 116.300056
v 0.000000 8.414943 116.300056
v -2.177947 8.128210 116.300056
v -4.207471 7.287554 116.300056
v -5.950263 5.950263 116.300056
v -7.287554 4.207471 116.300056
f 4303 4304 4305
f 4305 4304 4306
f 4305 4306 4307
f 4307 4306 4308
f 4307 4308 4309
f 4304 4303 4310
f 4310 4303 4311
f 4310 4311 4312
f 4312 4311 4313
f 4312 4313 4314
f 4314 4313 4315
f 4314 4315 4316
f 4316 4315 4317
f 4316 4317 4318
f 4318 4317 4319
f 4318 4319 4320
f 4320 4319 4321
f 4320 4321 4322
f 4322 4321 4323
f 4322 4323 4324
f 4324 4323 4325
f 4324 4325 4326
f 4326 4325 4327
f 4326 4327 4328
f 4328 4327 4329
f 4328 4329 4330
f 4330 4329 4331
f 4330 4331 4332
f 4330 4332 4333
f 4333 4332 4334
f 4333 4334 4335
f 4335 4334 4336
f 4335 4336 4337
f 4337 4336 4338
f 4337 4338 4339
f 4339 4338 4340
f 4339 4340 4341
f 4341 4340 4342
f 4341 4342 4343
f 4343 4342 4344
f 4343 4344 4345
f 4345 4344 4346
f 4345 4346 4347
f 4347 4346 4348
f 4347 4348 4349
f 4349 4348 4350
f 4349 4350 4351
f 4351 4350 4352
f 4351 4352 4307
f 4307 4352 4305
f 4353 4354 4306
f 4306 4354 4308
f 4307 4309 4351
f 4351 4309 4355
f 4351 4355 4349
f 4349 4355 4356
f 4349 4356 4347
f 4347 4356 4357
f 4347 4357 4345
f 4345 4357 4358
f 4345 4358 4343
f 4343 4358 4359
f 4343 4359 4341
f 4341 4359 4360
f 4341 4360 4339
f 4339 4360 4361
f 4339 4361 4337
f 4337 4361 4362
f 4337 4362 4335
f 4335 4362 4363
f 4335 4363 4333
f 4333 4363 4364
f 4333 4364 4330
f 4330 4364 4328
f 4364 4365 4328
f 4328 4365 4326
f 4365 4366 4326
f 4326 4366 4324
f 4366 4367 4324
f 4324 4367 4322
f 4367 4368 4322
f 4322 4368 4320
f 4368 4369 4320
f 4320 4369 4318
f 4369 4370 4318
f 4318 4370 4316
f 4370 4371 4316
f 4316 4371 4314
f 4371 4372 4314
f 4314 4372 4312
f 4372 4373 4312
f 4312 4373 4310
f 4373 4374 4310
f 4310 4374 4304
f 4374 4353 4304
f 4304 4353 4306
f 4353 4375 4354
f 4354 4375 4376
f 4354 4376 4377
f 4375 4353 4378
f 4378 4353 4374
f 4378 4374 4379
f 4379 4374 4373
f 4379 4373 4380
f 4380 4373 4372
f 4380 4372 4381
f 4381 4372 4371
f 4381 4371 4382
f 4382 4371 4370
f 4382 4370 4383
f 4383 4370 4369
f 4383 4369 4384
f 4384 4369 4368
f 4384 4368 4385
f 4385 4368 4367
f 4385 4367 4386
f 4386 4367 4366
f 4386 4366 4387
f 4387 4366 4365
f 4387 4365 4388
f 4388 4365 4364
f 4388 4364 4363
f 4388 4363 4389
f 4389 4363 4362
f 4389 4362 4390
f 4390 4362 4361
f 4390 4361 4391
f 4391 4361 4360
f 4391 4360 4392
f 4392 4360 4359
f 4392 4359 4393
f 4393 4359 4358
f 4393 4358 4394
f 4394 4358 4357
f 4394 4357 4395
f 4395 4357 4356
f 4395 4356 4396
f 4396 4356 4355
f 4396 4355 4397
f 4397 4355 4309
f 4397 4309 4398
f 4398 4309 4308
f 4398 4308 4377
f 4377 4308 4354
f 4375 4399 4376
f 4376 4399 4400
f 4376 4400 4377
f 4377 4400 4401
f 4377 4401 4398
f 4398 4401 4402
f 4398 4402 4397
f 4397 4402 4403
f 4397 4403 4396
f 4396 4403 4404
f 4396 4404 4395
f 4395 4404 4405
f 4395 4405 4394
f 4394 4405 4406
f 4394 4406 4393
f 4393 4406 4407
f 4393 4407 4392
f 4392 4407 4408
f 4392 4408 4391
f 4391 4408 4409
f 4391 4409 4390
f 4390 4409 4410
f 4390 4410 4389
f 4389 4410 4411
f 4389 4411 4388
f 4388 4411 4412
f 4388 4412 4387
f 4387 4412 4413
f 4387 4413 4386
f 4386 4413 4414
f 4386 4414 4385
f 4385 4414 4415
f 4385 4415 4384
f 4384 4415 4416
f 4384 4416 4383
f 4383 4416 4417
f 4383 4417 4382
f 4382 4417 4418
f 4382 4418 4381
f 4381 4418 4419
f 4381 4419 4380
f 4380 4419 4420
f 4380 4420 4379
f 4379 4420 4421
f 4379 4421 4378
f 4378 4421 4422
f 4378 4422 4375
f 4375 4422 4399
f 4401 4400 4423
f 4423 4400 4399
f 4423 4399 4424
f 4424 4399 4422
f 4424 4422 4425
f 4425 4422 4421
f 4425 4421 4426
f 4426 4421 4420
f 4426 4420 4427
f 4427 4420 4419
f 4427 4419 4428
f 4428 4419 4418
f 4428 4418 4429
f 4429 4418 4417
f 4429 4417 4430
f 4430 4417 4416
f 4430 4416 4431
f 4431 4416 4415
f 4431 4415 4432
f 4432 4415 4414
f 4432 4414 4433
f 4433 4414 4413
f 4433 4413 4434
f 4434 4413 4412
f 4434 4412 4435
f 4435 4412 4436
f 4435 4436 4437
f 4437 4436 4438
f 4438 4436 4439
f 4438 4439 4440
f 4440 4439 4441
f 4440 4441 4442
f 4442 4441 4443
f 4442 4443 4444
f 4444 4443 4445
f 4444 4445 4446
f 4446 4445 4447
f 4446 4447 4448
f 4448 4447 4449
f 4448 4449 4450
f 4450 4449 4451
f 4450 4451 4452
f 4452 4451 4453
f 4452 4453 4454
f 4454 4453 4455
f 4454 4455 4456
f 4456 4455 4457
f 4456 4457 4458
f 4458 4457 4423
f 4458 4423 4424
f 4412 4411 4436
f 4436 4411 4439
f 4411 4410 4439
f 4439 4410 4441
f 4410 4409 4441
f 4441 4409 4443
f 4409 4408 4443
f 4443 4408 4445
f 4408 4407 4445
f 4445 4407 4447
f 4407 4406 4447
f 4447 4406 4449
f 4406 4405 4449
f 4449 4405 4451
f 4405 4404 4451
f 4451 4404 4453
f 4404 4403 4453
f 4453 4403 4455
f 4403 4402 4455
f 4455 4402 4457
f 4402 4401 4457
f 4457 4401 4423
f 4437 4459 4435
f 4435 4459 4460
f 4435 4460 4434
f 4434 4460 4461
f 4434 4461 4433
f 4433 4461 4462
f 4433 4462 4432
f 4432 4462 4463
f 4432 4463 4431
f 4431 4463 4464
f 4431 4464 4430
f 4430 4464 4465
f 4430 4465 4429
f 4429 4465 4466
f 4429 4466 4428
f 4428 4466 4467
f 4428 4467 4427
f 4427 4467 4468
f 4427 4468 4426
f 4426 4468 4469
f 4426 4469 4425
f 4425 4469 4470
f 4425 4470 4424
f 4424 4470 4458
f 4470 4471 4458
f 4458 4471 4472
f 4458 4472 4456
f 4456 4472 4473
f 4456 4473 4454
f 4454 4473 4474
f 4454 4474 4452
f 4452 4474 4475
f 4452 4475 4450
f 4450 4475 4476
f 4450 4476 4448
f 4448 4476 4477
f 4448 4477 4446
f 4446 4477 4478
f 4446 4478 4444
f 4444 4478 4479
f 4444 4479 4442
f 4442 4479 4480
f 4442 4480 4440
f 4440 4480 4481
f 4440 4481 4438
f 4438 4481 4482
f 4438 4482 4437
f 4437 4482 4483
f 4437 4483 4459
f 4459 4483 4484
f 4459 4484 4460
f 4460 4484 4485
f 4460 4485 4461
f 4461 4485 4486
f 4461 4486 4462
f 4462 4486 4487
f 4462 4487 4463
f 4463 4487 4488
f 4463 4488 4464
f 4464 4488 4489
f 4464 4489 4465
f 4465 4489 4490
f 4465 4490 4466
f 4466 4490 4491
f 4466 4491 4467
f 4467 4491 4492
f 4467 4492 4468
f 4468 4492 4493
f 4468 4493 4469
f 4469 4493 4494
f 4469 4494 4470
f 4470 4494 4471
f 4473 4472 4495
f 4495 4472 4471
f 4495 4471 4496
f 4496 4471 4494
f 4496 4494 4497
f 4497 4494 4493
f 4497 4493 4498
f 4498 4493 4492
f 4498 4492 4499
f 4499 4492 4491
f 4499 4491 4500
f 4500 4491 4490
f 4500 4490 4501
f 4501 4490 4489
f 4501 4489 4502
f 4502 4489 4488
f 4502 4488 4503
f 4503 4488 4487
f 4503 4487 4504
f 4504 4487 4486
f 4504 4486 4505
f 4505 4486 4485
f 4505 4485 4506
f 4506 4485 4484
f 4506 4484 4507
f 4507 4484 4508
f 4508 4484 4483
f 4508 4483 4509
f 4509 4483 4482
f 4509 4482 4510
f 4510 4482 4481
f 4510 4481 4511
f 4511 4481 4480
f 4511 4480 4512
f 4512 4480 4479
f 4512 4479 4513
f 4513 4479 4478
f 4513 4478 4514
f 4514 4478 4477
f 4514 4477 4515
f 4515 4477 4476
f 4515 4476 4516
f 4516 4476 4475
f 4516 4475 4517
f 4517 4475 4474
f 4517 4474 4518
f 4518 4474 4473
f 4518 4473 4495
f 4518 4495 4519
f 4519 4495 4496
f 4519 4496 4520
f 4520 4496 4497
f 4520 4497 4521
f 4521 4497 4498
f 4521 4498 4522
f 4522 4498 4499
f 4522 4499 4523
f 4523 4499 4500
f 4523 4500 4524
f 4524 4500 4501
f 4524 4501 4525
f 4525 4501 4502
f 4525 4502 4526
f 4526 4502 4503
f 4526 4503 4527
f 4527 4503 4504
f 4527 4504 4528
f 4528 4504 4505
f 4528 4505 4529
f 4529 4505 4506
f 4529 4506 4530
f 4530 4506 4507
f 4530 4507 4531
f 4531 4507 4532
f 4532 4507 4508
f 4532 4508 4533
f 4533 4508 4509
f 4533 4509 4534
f 4534 4509 4510
f 4534 4510 4535
f 4535 4510 4511
f 4535 4511 4536
f 4536 4511 4512
f 4536 4512 4537
f 4537 4512 4513
f 4537 4513 4538
f 4538 4513 4514
f 4538 4514 4539
f 4539 4514 4515
f 4539 4515 4540
f 4540 4515 4516
f 4540 4516 4541
f 4541 4516 4517
f 4541 4517 4542
f 4542 4517 4518
f 4542 4518 4519
f 4542 4519 4543
f 4543 4519 4520
f 4543 4520 4544
f 4544 4520 4521
f 4544 4521 4545
f 4545 4521 4522
f 4545 4522 4546
f 4546 4522 4523
f 4546 4523 4547
f 4547 4523 4524
f 4547 4524 4548
f 4548 4524 4525
f 4548 4525 4549
f 4549 4525 4526
f 4549 4526 4550
f 4550 4526 4527
f 4550 4527 4551
f 4551 4527 4528
f 4551 4528 4552
f 4552 4528 4529
f 4552 4529 4553
f 4553 4529 4530
f 4553 4530 4554
f 4554 4530 4531
f 4554 4531 4555
f 4555 4531 4556
f 4556 4531 4532
f 4556 4532 4557
f 4557 4532 4533
f 4557 4533 4558
f 4558 4533 4534
f 4558 4534 4559
f 4559 4534 4535
f 4559 4535 4560
f 4560 4535 4536
f 4560 4536 4561
f 4561 4536 4537
f 4561 4537 4562
f 4562 4537 4538
f 4562 4538 4563
f 4563 4538 4539
f 4563 4539 4564
f 4564 4539 4540
f 4564 4540 4565
f 4565 4540 4541
f 4565 4541 4566
f 4566 4541 4542
f 4566 4542 4543
f 4566 4543 4567
f 4567 4543 4544
f 4567 4544 4568
f 4568 4544 4545
f 4568 4545 4569
f 4569 4545 4546
f 4569 4546 4570
f 4570 4546 4547
f 4570 4547 4571
f 4571 4547 4548
f 4571 4548 4572
f 4572 4548 4549
f 4572 4549 4573
f 4573 4549 4550
f 4573 4550 4574
f 4574 4550 4551
f 4574 4551 4575
f 4575 4551 4552
f 4575 4552 4576
f 4576 4552 4553
f 4576 4553 4577
f 4577 4553 4554
f 4577 4554 4578
f 4578 4554 4555
f 4578 4555 4579
f 4579 4555 4580
f 4580 4555 4556
f 4580 4556 4581
f 4581 4556 4557
f 4581 4557 4582
f 4582 4557 4558
f 4582 4558 4583
f 4583 4558 4559
f 4583 4559 4584
f 4584 4559 4560
f 4584 4560 4585
f 4585 4560 4561
f 4585 4561 4586
f 4586 4561 4562
f 4586 4562 4587
f 4587 4562 4563
f 4587 4563 4588
f 4588 4563 4564
f 4588 4564 4589
f 4589 4564 4565
f 4589 4565 4590
f 4590 4565 4566
f 4590 4566 4567
f 4590 4567 4591
f 4591 4567 4568
f 4591 4568 4592
f 4592 4568 4569
f 4592 4569 4593
f 4593 4569 4570
f 4593 4570 4594
f 4594 4570 4571
f 4594 4571 4595
f 4595 4571 4572
f 4595 4572 4596
f 4596 4572 4573
f 4596 4573 4597
f 4597 4573 4574
f 4597 4574 4598
f 4598 4574 4575
f 4598 4575 4599
f 4599 4575 4576
f 4599 4576 4600
f 4600 4576 4577
f 4600 4577 4601
f 4601 4577 4578
f 4601 4578 4602
f 4602 4578 4579
f 4602 4579 4603
f 4603 4579 4604
f 4604 4579 4580
f 4604 4580 4605
f 4605 4580 4581
f 4605 4581 4606
f 4606 4581 4582
f 4606 4582 4607
f 4607 4582 4583
f 4607 4583 4608
f 4608 4583 4584
f 4608 4584 4609
f 4609 4584 4585
f 4609 4585 4610
f 4610 4585 4586
f 4610 4586 4611
f 4611 4586 4587
f 4611 4587 4612
f 4612 4587 4588
f 4612 4588 4613
f 4613 4588 4589
f 4613 4589 4614
f 4614 4589 4590
f 4614 4590 4591
f 4614 4591 4615
f 4615 4591 4592
f 4615 4592 4616
f 4616 4592 4593
f 4616 4593 4617
f 4617 4593 4594
f 4617 4594 4618
f 4618 4594 4595
f 4618 4595 4619
f 4619 4595 4596
f 4619 4596 4620
f 4620 4596 4597
f 4620 4597 4621
f 4621 4597 4598
f 4621 4598 4622
f 4622 4598 4599
f 4622 4599 4623
f 4623 4599 4600
f 4623 4600 4624
f 4624 4600 4601
f 4624 4601 4625
f 4625 4601 4602
f 4625 4602 4626
f 4626 4602 4603
f 4626 4603 4627
f 4627 4603 4628
f 4628 4603 4604
f 4628 4604 4629
f 4629 4604 4605
f 4629 4605 4630
f 4630 4605 4606
f 4630 4606 4631
f 4631 4606 4607
f 4631 4607 4632
f 4632 4607 4608
f 4632 4608 4633
f 4633 4608 4609
f 4633 4609 4634
f 4634 4609 4610
f 4634 4610 4635
f 4635 4610 4611
f 4635 4611 4636
f 4636 4611 4612
f 4636 4612 4637
f 4637 4612 4613
f 4637 4613 4638
f 4638 4613 4614
f 4638 4614 4615
f 4638 4615 4639
f 4639 4615 4616
f 4639 4616 4640
f 4640 4616 4617
f 4640 4617 4641
f 4641 4617 4618
f 4641 4618 4642
f 4642 4618 4619
f 4642 4619 4643
f 4643 4619 4620
f 4643 4620 4644
f 4644 4620 4621
f 4644 4621 4645
f 4645 4621 4622
f 4645 4622 4646
f 4646 4622 4623
f 4646 4623 4647
f 4647 4623 4624
f 4647 4624 4648
f 4648 4624 4625
f 4648 4625 4649
f 4649 4625 4626
f 4649 4626 4650
f 4650 4626 4627
f 4650 4627 4651
f 4651 4627 4652
f 4652 4627 4628
f 4652 4628 4653
f 4653 4628 4629
f 4653 4629 4654
f 4654 4629 4630
f 4654 4630 4655
f 4655 4630 4631
f 4655 4631 4656
f 4656 4631 4632
f 4656 4632 4657
f 4657 4632 4633
f 4657 4633 4658
f 4658 4633 4634
f 4658 4634 4659
f 4659 4634 4635
f 4659 4635 4660
f 4660 4635 4636
f 4660 4636 4661
f 4661 4636 4637
f 4661 4637 4662
f 4662 4637 4638
f 4662 4638 4639
f 4662 4639 4663
f 4663 4639 4640
f 4663 4640 4664
f 4664 4640 4641
f 4664 4641 4665
f 4665 4641 4642
f 4665 4642 4666
f 4666 4642 4643
f 4666 4643 4667
f 4667 4643 4644
f 4667 4644 4668
f 4668 4644 4645
f 4668 4645 4669
f 4669 4645 4646
f 4669 4646 4670
f 4670 4646 4647
f 4670 4647 4671
f 4671 4647 4648
f 4671 4648 4672
f 4672 4648 4649
f 4672 4649 4673
f 4673 4649 4650
f 4673 4650 4674
f 4674 4650 4651
f 4674 4651 4675
f 4675 4651 4676
f 4676 4651 4652
f 4676 4652 4677
f 4677 4652 4653
f 4677 4653 4678
f 4678 4653 4654
f 4678 4654 4679
f 4679 4654 4655
f 4679 4655 4680
f 4680 4655 4656
f 4680 4656 4681
f 4681 4656 4657
f 4681 4657 4682
f 4682 4657 4658
f 4682 4658 4683
f 4683 4658 4659
f 4683 4659 4684
f 4684 4659 4660
f 4684 4660 4685
f 4685 4660 4661
f 4685 4661 4686
f 4686 4661 4662
f 4686 4662 4663
f 4686 4663 4687
f 4687 4663 4664
f 4687 4664 4688
f 4688 4664 4665
f 4688 4665 4689
f 4689 4665 4666
f 4689 4666 4690
f 4690 4666 4667
f 4690 4667 4691
f 4691 4667 4668
f 4691 4668 4692
f 4692 4668 4669
f 4692 4669 4693
f 4693 4669 4670
f 4693 4670 4694
f 4694 4670 4671
f 4694 4671 4695
f 4695 4671 4672
f 4695 4672 4696
f 4696 4672 4673
f 4696 4673 4697
f 4697 4673 4674
f 4697 4674 4698
f 4698 4674 4675
f 4698 4675 4699
f 4699 4675 4700
f 4700 4675 4676
f 4700 4676 4701
f 4701 4676 4677
f 4701 4677 4702
f 4702 4677 4678
f 4702 4678 4703
f 4703 4678 4679
f 4703 4679 4704
f 4704 4679 4680
f 4704 4680 4705
f 4705 4680 4681
f 4705 4681 4706
f 4706 4681 4682
f 4706 4682 4707
f 4707 4682 4683
f 4707 4683 4708
f 4708 4683 4684
f 4708 4684 4709
f 4709 4684 4685
f 4709 4685 4710
f 4710 4685 4686
f 4710 4686 4687
f 4710 4687 4711
f 4711 4687 4688
f 4711 4688 4712
f 4712 4688 4689
f 4712 4689 4713
f 4713 4689 4690
f 4713 4690 4714
f 4714 4690 4691
f 4714 4691 4715
f 4715 4691 4692
f 4715 4692 4716
f 4716 4692 4693
f 4716 4693 4717
f 4717 4693 4694
f 4717 4694 4718
f 4718 4694 4695
f 4718 4695 4719
f 4719 4695 4696
f 4719 4696 4720
f 4720 4696 4697
f 4720 4697 4721
f 4721 4697 4698
f 4721 4698 4722
f 4722 4698 4699
f 4722 4699 4723
f 4723 4699 4724
f 4724 4699 4700
f 4724 4700 4725
f 4725 4700 4701
f 4725 4701 4726
f 4726 4701 4702
f 4726 4702 4727
f 4727 4702 4703
f 4727 4703 4728
f 4728 4703 4704
f 4728 4704 4729
f 4729 4704 4705
f 4729 4705 4730
f 4730 4705 4706
f 4730 4706 4731
f 4731 4706 4707
f 4731 4707 4732
f 4732 4707 4708
f 4732 4708 4733
f 4733 4708 4709
f 4733 4709 4734
f 4734 4709 4710
f 4734 4710 4711
f 4734 4711 4735
f 4735 4711 4712
f 4735 4712 4736
f 4736 4712 4713
f 4736 4713 4737
f 4737 4713 4714
f 4737 4714 4738
f 4738 4714 4715
f 4738 4715 4739
f 4739 4715 4716
f 4739 4716 4740
f 4740 4716 4717
f 4740 4717 4741
f 4741 4717 4718
f 4741 4718 4742
f 4742 4718 4719
f 4742 4719 4743
f 4743 4719 4720
f 4743 4720 4744
f 4744 4720 4721
f 4744 4721 4745
f 4745 4721 4722
f 4745 4722 4746
f 4746 4722 4723
f 4746 4723 4747
f 4747 4723 4748
f 4748 4723 4724
f 4748 4724 4749
f 4749 4724 4725
f 4749 4725 4750
f 4750 4725 4726
f 4750 4726 4751
f 4751 4726 4727
f 4751 4727 4752
f 4752 4727 4728
f 4752 4728 4753
f 4753 4728 4729
f 4753 4729 4754
f 4754 4729 4730
f 4754 4730 4755
f 4755 4730 4731
f 4755 4731 4756
f 4756 4731 4732
f 4756 4732 4757
f 4757 4732 4733
f 4757 4733 4758
f 4758 4733 4734
f 4758 4734 4735
f 4758 4735 4759
f 4759 4735 4736
f 4759 4736 4760
f 4760 4736 4737
f 4760 4737 4761
f 4761 4737 4738
f 4761 4738 4762
f 4762 4738 4739
f 4762 4739 4763
f 4763 4739 4740
f 4763 4740 4764
f 4764 4740 4741
f 4764 4741 4765
f 4765 4741 4742
f 4765 4742 4766
f 4766 4742 4743
f 4766 4743 4767
f 4767 4743 4744
f 4767 4744 4768
f 4768 4744 4745
f 4768 4745 4769
f 4769 4745 4746
f 4769 4746 4770
f 4770 4746 4747
f 4770 4747 4771
f 4771 4747 4772
f 4772 4747 4748
f 4772 4748 4773
f 4773 4748 4749
f 4773 4749 4774
f 4774 4749 4750
f 4774 4750 4775
f 4775 4750 4751
f 4775 4751 4776
f 4776 4751 4752
f 4776 4752 4777
f 4777 4752 4753
f 4777 4753 4778
f 4778 4753 4754
f 4778 4754 4779
f 4779 4754 4755
f 4779 4755 4780
f 4780 4755 4756
f 4780 4756 4781
f 4781 4756 4757
f 4781 4757 4782
f 4782 4757 4758
f 4782 4758 4759
f 4782 4759 4783
f 4783 4759 4760
f 4783 4760 4784
f 4784 4760 4761
f 4784 4761 4785
f 4785 4761 4762
f 4785 4762 4786
f 4786 4762 4763
f 4786 4763 4787
f 4787 4763 4764
f 4787 4764 4788
f 4788 4764 4765
f 4788 4765 4789
f 4789 4765 4766
f 4789 4766 4790
f 4790 4766 4767
f 4790 4767 4791
f 4791 4767 4768
f 4791 4768 4792
f 4792 4768 4769
f 4792 4769 4793
f 4793 4769 4770
f 4793 4770 4794
f 4794 4770 4771
f 4794 4771 4795
f 4795 4771 4796
f 4796 4771 4772
f 4796 4772 4797
f 4797 4772 4773
f 4797 4773 4798
f 4798 4773 4774
f 4798 4774 4799
f 4799 4774 4775
f 4799 4775 4800
f 4800 4775 4776
f 4800 4776 4801
f 4801 4776 4777
f 4801 4777 4802
f 4802 4777 4778
f 4802 4778 4803
f 4803 4778 4779
f 4803 4779 4804
f 4804 4779 4780
f 4804 4780 4805
f 4805 4780 4781
f 4805 4781 4806
f 4806 4781 4782
f 4806 4782 4783
f 4806 4783 4807
f 4807 4783 4784
f 4807 4784 4808
f 4808 4784 4785
f 4808 4785 4809
f 4809 4785 4786
f 4809 4786 4810
f 4810 4786 4787
f 4810 4787 4811
f 4811 4787 4788
f 4811 4788 4812
f 4812 4788 4789
f 4812 4789 4813
f 4813 4789 4790
f 4813 4790 4814
f 4814 4790 4791
f 4814 4791 4815
f 4815 4791 4792
f 4815 4792 4816
f 4816 4792 4793
f 4816 4793 4817
f 4817 4793 4794
f 4817 4794 4818
f 4818 4794 4795
f 4818 4795 4819
f 4819 4795 4820
f 4820 4795 4796
f 4820 4796 4821
f 4821 4796 4797
f 4821 4797 4822
f 4822 4797 4798
f 4822 4798 4823
f 4823 4798 4799
f 4823 4799 4824
f 4824 4799 4800
f 4824 4800 4825
f 4825 4800 4801
f 4825 4801 4826
f 4826 4801 4802
f 4826 4802 4827
f 4827 4802 4803
f 4827 4803 4828
f 4828 4803 4804
f 4828 4804 4829
f 4829 4804 4805
f 4829 4805 4830
f 4830 4805 4806
f 4830 4806 4807
f 4830 4807 4831
f 4831 4807 4808
f 4831 4808 4832
f 4832 4808 4809
f 4832 4809 4833
f 4833 4809 4810
f 4833 4810 4834
f 4834 4810 4811
f 4834 4811 4835
f 4835 4811 4812
f 4835 4812 4836
f 4836 4812 4813
f 4836 4813 4837
f 4837 4813 4814
f 4837 4814 4838
f 4838 4814 4815
f 4838 4815 4839
f 4839 4815 4816
f 4839 4816 4840
f 4840 4816 4817
f 4840 4817 4841
f 4841 4817 4818
f 4841 4818 4842
f 4842 4818 4819
f 4842 4819 4843
f 4843 4819 4844
f 4844 4819 4820
f 4844 4820 4845
f 4845 4820 4821
f 4845 4821 4846
f 4846 4821 4822
f 4846 4822 4847
f 4847 4822 4823
f 4847 4823 4848
f 4848 4823 4824
f 4848 4824 4849
f 4849 4824 4825
f 4849 4825 4850
f 4850 4825 4826
f 4850 4826 4851
f 4851 4826 4827
f 4851 4827 4852
f 4852 4827 4828
f 4852 4828 4853
f 4853 4828 4829
f 4853 4829 4854
f 4854 4829 4830
f 4854 4830 4831
f 4854 4831 4855
f 4855 4831 4832
f 4855 4832 4856
f 4856 4832 4833
f 4856 4833 4857
f 4857 4833 4834
f 4857 4834 4858
f 4858 4834 4835
f 4858 4835 4859
f 4859 4835 4836
f 4859 4836 4860
f 4860 4836 4837
f 4860 4837 4861
f 4861 4837 4838
f 4861 4838 4862
f 4862 4838 4839
f 4862 4839 4863
f 4863 4839 4840
f 4863 4840 4864
f 4864 4840 4841
f 4864 4841 4865
f 4865 4841 4842
f 4865 4842 4866
f 4866 4842 4843
f 4866 4843 4867
f 4867 4843 4868
f 4868 4843 4844
f 4868 4844 4869
f 4869 4844 4845
f 4869 4845 4870
f 4870 4845 4846
f 4870 4846 4871
f 4871 4846 4847
f 4871 4847 4872
f 4872 4847 4848
f 4872 4848 4873
f 4873 4848 4849
f 4873 4849 4874
f 4874 4849 4850
f 4874 4850 4875
f 4875 4850 4851
f 4875 4851 4876
f 4876 4851 4852
f 4876 4852 4877
f 4877 4852 4853
f 4877 4853 4878
f 4878 4853 4854
f 4878 4854 4855
f 4878 4855 4879
f 4879 4855 4856
f 4879 4856 4880
f 4880 4856 4857
f 4880 4857 4881
f 4881 4857 4858
f 4881 4858 4882
f 4882 4858 4859
f 4882 4859 4883
f 4883 4859 4860
f 4883 4860 4884
f 4884 4860 4861
f 4884 4861 4885
f 4885 4861 4862
f 4885 4862 4886
f 4886 4862 4863
f 4886 4863 4887
f 4887 4863 4864
f 4887 4864 4888
f 4888 4864 4865
f 4888 4865 4889
f 4889 4865 4866
f 4889 4866 4890
f 4890 4866 4867
f 4890 4867 4891
f 4891 4867 4892
f 4892 4867 4868
f 4892 4868 4893
f 4893 4868 4869
f 4893 4869 4894
f 4894 4869 4870
f 4894 4870 4895
f 4895 4870 4871
f 4895 4871 4896
f 4896 4871 4872
f 4896 4872 4897
f 4897 4872 4873
f 4897 4873 4898
f 4898 4873 4874
f 4898 4874 4899
f 4899 4874 4875
f 4899 4875 4900
f 4900 4875 4876
f 4900 4876 4901
f 4901 4876 4877
f 4901 4877 4902
f 4902 4877 4878
f 4902 4878 4879
f 4902 4879 4903
f 4903 4879 4880
f 4903 4880 4904
f 4904 4880 4881
f 4904 4881 4905
f 4905 4881 4882
f 4905 4882 4906
f 4906 4882 4883
f 4906 4883 4907
f 4907 4883 4884
f 4907 4884 4908
f 4908 4884 4885
f 4908 4885 4909
f 4909 4885 4886
f 4909 4886 4910
f 4910 4886 4887
f 4910 4887 4911
f 4911 4887 4888
f 4911 4888 4912
f 4912 4888 4889
f 4912 4889 4913
f 4913 4889 4890
f 4913 4890 4914
f 4914 4890 4891
f 4914 4891 4915
f 4915 4891 4916
f 4916 4891 4892
f 4916 4892 4917
f 4917 4892 4893
f 4917 4893 4918
f 4918 4893 4894
f 4918 4894 4919
f 4919 4894 4895
f 4919 4895 4920
f 4920 4895 4896
f 4920 4896 4921
f 4921 4896 4897
f 4921 4897 4922
f 4922 4897 4898
f 4922 4898 4923
f 4923 4898 4899
f 4923 4899 4924
f 4924 4899 4900
f 4924 4900 4925
f 4925 4900 4901
f 4925 4901 4926
f 4926 4901 4902
f 4926 4902 4903
f 4926 4903 4927
f 4927 4903 4904
f 4927 4904 4928
f 4928 4904 4905
f 4928 4905 4929
f 4929 4905 4906
f 4929 4906 4930
f 4930 4906 4907
f 4930 4907 4931
f 4931 4907 4908
f 4931 4908 4932
f 4932 4908 4909
f 4932 4909 4933
f 4933 4909 4910
f 4933 4910 4934
f 4934 4910 4911
f 4934 4911 4935
f 4935 4911 4912
f 4935 4912 4936
f 4936 4912 4913
f 4936 4913 4937
f 4937 4913 4914
f 4937 4914 4938
f 4938 4914 4915
f 4938 4915 4939
f 4939 4915 4940
f 4940 4915 4916
f 4940 4916 4941
f 4941 4916 4917
f 4941 4917 4942
f 4942 4917 4918
f 4942 4918 4943
f 4943 4918 4919
f 4943 4919 4944
f 4944 4919 4920
f 4944 4920 4945
f 4945 4920 4921
f 4945 4921 4946
f 4946 4921 4922
f 4946 4922 4947
f 4947 4922 4923
f 4947 4923 4948
f 4948 4923 4924
f 4948 4924 4949
f 4949 4924 4925
f 4949 4925 4950
f 4950 4925 4926
f 4950 4926 4927
f 4950 4927 4951
f 4951 4927 4928
f 4951 4928 4952
f 4952 4928 4929
f 4952 4929 4953
f 4953 4929 4930
f 4953 4930 4954
f 4954 4930 4931
f 4954 4931 4955
f 4955 4931 4932
f 4955 4932 4956
f 4956 4932 4933
f 4956 4933 4957
f 4957 4933 4934
f 4957 4934 4958
f 4958 4934 4935
f 4958 4935 4959
f 4959 4935 4936
f 4959 4936 4960
f 4960 4936 4937
f 4960 4937 4961
f 4961 4937 4938
f 4961 4938 4962
f 4962 4938 4939
f 4962 4939 4963
f 4963 4939 4964
f 4964 4939 4940
f 4964 4940 4965
f 4965 4940 4941
f 4965 4941 4966
f 4966 4941 4942
f 4966 4942 4967
f 4967 4942 4943
f 4967 4943 4968
f 4968 4943 4944
f 4968 4944 4969
f 4969 4944 4945
f 4969 4945 4970
f 4970 4945 4946
f 4970 4946 4971
f 4971 4946 4947
f 4971 4947 4972
f 4972 4947 4948
f 4972 4948 4973
f 4973 4948 4949
f 4973 4949 4974
f 4974 4949 4950
f 4974 4950 4951
f 4974 4951 4975
f 4975 4951 4952
f 4975 4952 4976
f 4976 4952 4953
f 4976 4953 4977
f 4977 4953 4954
f 4977 4954 4978
f 4978 4954 4955
f 4978 4955 4979
f 4979 4955 4956
f 4979 4956 4980
f 4980 4956 4957
f 4980 4957 4981
f 4981 4957 4958
f 4981 4958 4982
f 4982 4958 4959
f 4982 4959 4983
f 4983 4959 4960
f 4983 4960 4984
f 4984 4960 4961
f 4984 4961 4985
f 4985 4961 4962
f 4985 4962 4986
f 4986 4962 4963
f 4986 4963 4987
f 4987 4963 4988
f 4988 4963 4964
f 4988 4964 4989
f 4989 4964 4965
f 4989 4965 4990
f 4990 4965 4966
f 4990 4966 4991
f 4991 4966 4967
f 4991 4967 4992
f 4992 4967 4968
f 4992 4968 4993
f 4993 4968 4969
f 4993 4969 4994
f 4994 4969 4970
f 4994 4970 4995
f 4995 4970 4971
f 4995 4971 4996
f 4996 4971 4972
f 4996 4972 4997
f 4997 4972 4973
f 4997 4973 4998
f 4998 4973 4974
f 4998 4974 4975
f 4998 4975 4999
f 4999 4975 4976
f 4999 4976 5000
f 5000 4976 4977
f 5000 4977 5001
f 5001 4977 4978
f 5001 4978 5002
f 5002 4978 4979
f 5002 4979 5003
f 5003 4979 4980
f 5003 4980 5004
f 5004 4980 4981
f 5004 4981 5005
f 5005 4981 4982
f 5005 4982 5006
f 5006 4982 4983
f 5006 4983 5007
f 5007 4983 4984
f 5007 4984 5008
f 5008 4984 4985
f 5008 4985 5009
f 5009 4985 4986
f 5009 4986 5010
f 5010 4986 4987
f 5010 4987 5011
f 5011 4987 5012
f 5012 4987 4988
f 5012 4988 5013
f 5013 4988 4989
f 5013 4989 5014
f 5014 4989 4990
f 5014 4990 5015
f 5015 4990 4991
f 5015 4991 5016
f 5016 4991 4992
f 5016 4992 5017
f 5017 4992 4993
f 5017 4993 5018
f 5018 4993 4994
f 5018 4994 5019
f 5019 4994 4995
f 5019 4995 5020
f 5020 4995 4996
f 5020 4996 5021
f 5021 4996 4997
f 5021 4997 5022
f 5022 4997 4998
f 5022 4998 4999
f 5022 4999 5023
f 5023 4999 5000
f 5023 5000 5024
f 5024 5000 5001
f 5024 5001 5025
f 5025 5001 5002
f 5025 5002 5026
f 5026 5002 5003
f 5026 5003 5027
f 5027 5003 5004
f 5027 5004 5028
f 5028 5004 5005
f 5028 5005 5029
f 5029 5005 5006
f 5029 5006 5030
f 5030 5006 5007
f 5030 5007 5031
f 5031 5007 5008
f 5031 5008 5032
f 5032 5008 5009
f 5032 5009 5033
f 5033 5009 5010
f 5033 5010 5034
f 5034 5010 5011
f 5034 5011 5035
f 5035 5011 5036
f 5036 5011 5012
f 5036 5012 5037
f 5037 5012 5013
f 5037 5013 5038
f 5038 5013 5014
f 5038 5014 5039
f 5039 5014 5015
f 5039 5015 5040
f 5040 5015 5016
f 5040 5016 5041
f 5041 5016 5017
f 5041 5017 5042
f 5042 5017 5018
f 5042 5018 5043
f 5043 5018 5019
f 5043 5019 5044
f 5044 5019 5020
f 5044 5020 5045
f 5045 5020 5021
f 5045 5021 5046
f 5046 5021 5022
f 5046 5022 5023
f 5046 5023 5047
f 5047 5023 5024
f 5047 5024 5048
f 5048 5024 5025
f 5048 5025 5049
f 5049 5025 5026
f 5049 5026 5050
f 5050 5026 5027
f 5050 5027 5051
f 5051 5027 5028
f 5051 5028 5052
f 5052 5028 5029
f 5052 5029 5053
f 5053 5029 5030
f 5053 5030 5054
f 5054 5030 5031
f 5054 5031 5055
f 5055 5031 5032
f 5055 5032 5056
f 5056 5032 5033
f 5056 5033 5057
f 5057 5033 5034
f 5057 5034 5058
f 5058 5034 5035
f 5058 5035 5059
f 5059 5035 5060
f 5060 5035 5036
f 5060 5036 5061
f 5061 5036 5037
f 5061 5037 5062
f 5062 5037 5038
f 5062 5038 5063
f 5063 5038 5039
f 5063 5039 5064
f 5064 5039 5040
f 5064 5040 5065
f 5065 5040 5041
f 5065 5041 5066
f 5066 5041 5042
f 5066 5042 5067
f 5067 5042 5043
f 5067 5043 5068
f 5068 5043 5044
f 5068 5044 5069
f 5069 5044 5045
f 5069 5045 5070
f 5070 5045 5046
f 5070 5046 5047
f 5070 5047 5071
f 5071 5047 5048
f 5071 5048 5072
f 5072 5048 5049
f 5072 5049 5073
f 5073 5049 5050
f 5073 5050 5074
f 5074 5050 5051
f 5074 5051 5075
f 5075 5051 5052
f 5075 5052 5076
f 5076 5052 5053
f 5076 5053 5077
f 5077 5053 5054
f 5077 5054 5078
f 5078 5054 5055
f 5078 5055 5079
f 5079 5055 5056
f 5079 5056 5080
f 5080 5056 5057
f 5080 5057 5081
f 5081 5057 5058
f 5081 5058 5082
f 5082 5058 5059
f 5082 5059 5083
f 5083 5059 5084
f 5084 5059 5060
f 5084 5060 5085
f 5085 5060 5061
f 5085 5061 5086
f 5086 5061 5062
f 5086 5062 5087
f 5087 5062 5063
f 5087 5063 5088
f 5088 5063 5064
f 5088 5064 5089
f 5089 5064 5065
f 5089 5065 5090
f 5090 5065 5066
f 5090 5066 5091
f 5091 5066 5067
f 5091 5067 5092
f 5092 5067 5068
f 5092 5068 5093
f 5093 5068 5069
f 5093 5069 5094
f 5094 5069 5070
f 5094 5070 5071
f 5094 5071 5095
f 5095 5071 5072
f 5095 5072 5096
f 5096 5072 5073
f 5096 5073 5097
f 5097 5073 5074
f 5097 5074 5098
f 5098 5074 5075
f 5098 5075 5099
f 5099 5075 5076
f 5099 5076 5100
f 5100 5076 5077
f 5100 5077 5101
f 5101 5077 5078
f 5101 5078 5102
f 5102 5078 5079
f 5102 5079 5103
f 5103 5079 5080
f 5103 5080 5104
f 5104 5080 5081
f 5104 5081 5105
f 5105 5081 5082
f 5105 5082 5106
f 5106 5082 5083
f 5106 5083 5107
f 5107 5083 5108
f 5108 5083 5084
f 5108 5084 5109
f 5109 5084 5085
f 5109 5085 5110
f 5110 5085 5086
f 5110 5086 5111
f 5111 5086 5087
f 5111 5087 5112
f 5112 5087 5088
f 5112 5088 5113
f 5113 5088 5089
f 5113 5089 5114
f 5114 5089 5090
f 5114 5090 5115
f 5115 5090 5091
f 5115 5091 5116
f 5116 5091 5092
f 5116 5092 5117
f 5117 5092 5093
f 5117 5093 5118
f 5118 5093 5094
f 5118 5094 5095
f 5118 5095 5119
f 5119 5095 5096
f 5119 5096 5120
f 5120 5096 5097
f 5120 5097 5121
f 5121 5097 5098
f 5121 5098 5122
f 5122 5098 5099
f 5122 5099 5123
f 5123 5099 5100
f 5123 5100 5124
f 5124 5100 5101
f 5124 5101 5125
f 5125 5101 5102
f 5125 5102 5126
f 5126 5102 5103
f 5126 5103 5127
f 5127 5103 5104
f 5127 5104 5128
f 5128 5104 5105
f 5128 5105 5129
f 5129 5105 5106
f 5129 5106 5130
f 5130 5106 5107
f 5130 5107 5131
f 5131 5107 5132
f 5132 5107 5108
f 5132 5108 5133
f 5133 5108 5109
f 5133 5109 5134
f 5134 5109 5110
f 5134 5110 5135
f 5135 5110 5111
f 5135 5111 5136
f 5136 5111 5112
f 5136 5112 5137
f 5137 5112 5113
f 5137 5113 5138
f 5138 5113 5114
f 5138 5114 5139
f 5139 5114 5115
f 5139 5115 5140
f 5140 5115 5116
f 5140 5116 5141
f 5141 5116 5117
f 5141 5117 5142
f 5142 5117 5118
f 5142 5118 5119
f 5142 5119 5143
f 5143 5119 5120
f 5143 5120 5144
f 5144 5120 5121
f 5144 5121 5145
f 5145 5121 5122
f 5145 5122 5146
f 5146 5122 5123
f 5146 5123 5147
f 5147 5123 5124
f 5147 5124 5148
f 5148 5124 5125
f 5148 5125 5149
f 5149 5125 5126
f 5149 5126 5150
f 5150 5126 5127
f 5150 5127 5151
f 5151 5127 5128
f 5151 5128 5152
f 5152 5128 5129
f 5152 5129 5153
f 5153 5129 5130
f 5153 5130 5154
f 5154 5130 5131
f 5154 5131 5155
f 5155 5131 5156
f 5156 5131 5132
f 5156 5132 5157
f 5157 5132 5133
f 5157 5133 5158
f 5158 5133 5134
f 5158 5134 5159
f 5159 5134 5135
f 5159 5135 5160
f 5160 5135 5136
f 5160 5136 5161
f 5161 5136 5137
f 5161 5137 5162
f 5162 5137 5138
f 5162 5138 5163
f 5163 5138 5139
f 5163 5139 5164
f 5164 5139 5140
f 5164 5140 5165
f 5165 5140 5141
f 5165 5141 5166
f 5166 5141 5142
f 5166 5142 5143
f 5166 5143 5167
f 5167 5143 5144
f 5167 5144 5168
f 5168 5144 5145
f 5168 5145 5169
f 5169 5145 5146
f 5169 5146 5170
f 5170 5146 5147
f 5170 5147 5171
f 5171 5147 5148
f 5171 5148 5172
f 5172 5148 5149
f 5172 5149 5173
f 5173 5149 5150
f 5173 5150 5174
f 5174 5150 5151
f 5174 5151 5175
f 5175 5151 5152
f 5175 5152 5176
f 5176 5152 5153
f 5176 5153 5177
f 5177 5153 5154
f 5177 5154 5178
f 5178 5154 5155
f 5178 5155 5179
f 5179 5155 5180
f 5180 5155 5156
f 5180 5156 5181
f 5181 5156 5157
f 5181 5157 5182
f 5182 5157 5158
f 5182 5158 5183
f 5183 5158 5159
f 5183 5159 5184
f 5184 5159 5160
f 5184 5160 5185
f 5185 5160 5161
f 5185 5161 5186
f 5186 5161 5162
f 5186 5162 5187
f 5187 5162 5163
f 5187 5163 5188
f 5188 5163 5164
f 5188 5164 5189
f 5189 5164 5165
f 5189 5165 5190
f 5190 5165 5166
f 5190 5166 5167
f 5190 5167 5191
f 5191 5167 5168
f 5191 5168 5192
f 5192 5168 5169
f 5192 5169 5193
f 5193 5169 5170
f 5193 5170 5194
f 5194 5170 5171
f 5194 5171 5195
f 5195 5171 5172
f 5195 5172 5196
f 5196 5172 5173
f 5196 5173 5197
f 5197 5173 5174
f 5197 5174 5198
f 5198 5174 5175
f 5198 5175 5199
f 5199 5175 5176
f 5199 5176 5200
f 5200 5176 5177
f 5200 5177 5201
f 5201 5177 5178
f 5201 5178 5202
f 5202 5178 5179
f 5202 5179 5203
f 5203 5179 5204
f 5204 5179 5180
f 5204 5180 5205
f 5205 5180 5181
f 5205 5181 5206
f 5206 5181 5182
f 5206 5182 5207
f 5207 5182 5183
f 5207 5183 5208
f 5208 5183 5184
f 5208 5184 5209
f 5209 5184 5185
f 5209 5185 5210
f 5210 5185 5186
f 5210 5186 5211
f 5211 5186 5187
f 5211 5187 5212
f 5212 5187 5188
f 5212 5188 5213
f 5213 5188 5189
f 5213 5189 5214
f 5214 5189 5190
f 5214 5190 5191
f 5214 5191 5215
f 5215 5191 5192
f 5215 5192 5216
f 5216 5192 5193
f 5216 5193 5217
f 5217 5193 5194
f 5217 5194 5218
f 5218 5194 5195
f 5218 5195 5219
f 5219 5195 5196
f 5219 5196 5220
f 5220 5196 5197
f 5220 5197 5221
f 5221 5197 5198
f 5221 5198 5222
f 5222 5198 5199
f 5222 5199 5223
f 5223 5199 5200
f 5223 5200 5224
f 5224 5200 5201
f 5224 5201 5225
f 5225 5201 5202
f 5225 5202 5226
f 5226 5202 5203
f 5226 5203 5227
f 5227 5203 5228
f 5228 5203 5204
f 5228 5204 5229
f 5229 5204 5205
f 5229 5205 5230
f 5230 5205 5206
f 5230 5206 5231
f 5231 5206 5207
f 5231 5207 5232
f 5232 5207 5208
f 5232 5208 5233
f 5233 5208 5209
f 5233 5209 5234
f 5234 5209 5210
f 5234 5210 5235
f 5235 5210 5211
f 5235 5211 5236
f 5236 5211 5212
f 5236 5212 5237
f 5237 5212 5213
f 5237 5213 5238
f 5238 5213 5214
f 5238 5214 5215
f 5238 5215 5239
f 5239 5215 5216
f 5239 5216 5240
f 5240 5216 5217
f 5240 5217 5241
f 5241 5217 5218
f 5241 5218 5242
f 5242 5218 5219
f 5242 5219 5243
f 5243 5219 5220
f 5243 5220 5244
f 5244 5220 5221
f 5244 5221 5245
f 5245 5221 5222
f 5245 5222 5246
f 5246 5222 5223
f 5246 5223 5247
f 5247 5223 5224
f 5247 5224 5248
f 5248 5224 5225
f 5248 5225 5249
f 5249 5225 5226
f 5249 5226 5250
f 5250 5226 5227
f 5250 5227 5251
f 5251 5227 5252
f 5252 5227 5228
f 5252 5228 5253
f 5253 5228 5229
f 5253 5229 5254
f 5254 5229 5230
f 5254 5230 5255
f 5255 5230 5231
f 5255 5231 5256
f 5256 5231 5232
f 5256 5232 5257
f 5257 5232 5233
f 5257 5233 5258
f 5258 5233 5234
f 5258 5234 5259
f 5259 5234 5235
f 5259 5235 5260
f 5260 5235 5236
f 5260 5236 5261
f 5261 5236 5237
f 5261 5237 5262
f 5262 5237 5238
f 5262 5238 5239
f 5262 5239 5263
f 5263 5239 5240
f 5263 5240 5264
f 5264 5240 5241
f 5264 5241 5265
f 5265 5241 5242
f 5265 5242 5266
f 5266 5242 5243
f 5266 5243 5267
f 5267 5243 5244
f 5267 5244 5268
f 5268 5244 5245
f 5268 5245 5269
f 5269 5245 5246
f 5269 5246 5270
f 5270 5246 5247
f 5270 5247 5271
f 5271 5247 5248
f 5271 5248 5272
f 5272 5248 5249
f 5272 5249 5273
f 5273 5249 5250
f 5273 5250 5274
f 5274 5250 5251
f 5274 5251 5275
f 5275 5251 5276
f 5276 5251 5252
f 5276 5252 5277
f 5277 5252 5253
f 5277 5253 5278
f 5278 5253 5254
f 5278 5254 5279
f 5279 5254 5255
f 5279 5255 5280
f 5280 5255 5256
f 5280 5256 5281
f 5281 5256 5257
f 5281 5257 5282
f 5282 5257 5258
f 5282 5258 5283
f 5283 5258 5259
f 5283 5259 5284
f 5284 5259 5260
f 5284 5260 5285
f 5285 5260 5261
f 5285 5261 5286
f 5286 5261 5262
f 5286 5262 5263
f 5286 5263 5287
f 5287 5263 5264
f 5287 5264 5288
f 5288 5264 5265
f 5288 5265 5289
f 5289 5265 5266
f 5289 5266 5290
f 5290 5266 5267
f 5290 5267 5291
f 5291 5267 5268
f 5291 5268 5292
f 5292 5268 5269
f 5292 5269 5293
f 5293 5269 5270
f 5293 5270 5294
f 5294 5270 5271
f 5294 5271 5295
f 5295 5271 5272
f 5295 5272 5296
f 5296 5272 5273
f 5296 5273 5297
f 5297 5273 5274
f 5297 5274 5298
f 5298 5274 5275
f 5298 5275 5299
f 5299 5275 5300
f 5300 5275 5276
f 5300 5276 5301
f 5301 5276 5277
f 5301 5277 5302
f 5302 5277 5278
f 5302 5278 5303
f 5303 5278 5279
f 5303 5279 5304
f 5304 5279 5280
f 5304 5280 5305
f 5305 5280 5281
f 5305 5281 5306
f 5306 5281 5282
f 5306 5282 5307
f 5307 5282 5283
f 5307 5283 5308
f 5308 5283 5284
f 5308 5284 5309
f 5309 5284 5285
f 5309 5285 5310
f 5310 5285 5286
f 5310 5286 5287
f 5310 5287 5311
f 5311 5287 5288
f 5311 5288 5312
f 5312 5288 5289
f 5312 5289 5313
f 5313 5289 5290
f 5313 5290 5314
f 5314 5290 5291
f 5314 5291 5315
f 5315 5291 5292
f 5315 5292 5316
f 5316 5292 5293
f 5316 5293 5317
f 5317 5293 5294
f 5317 5294 5318
f 5318 5294 5295
f 5318 5295 5319
f 5319 5295 5296
f 5319 5296 5320
f 5320 5296 5297
f 5320 5297 5321
f 5321 5297 5298
f 5321 5298 5322
f 5322 5298 5299
f 5322 5299 5323
f 5323 5299 5324
f 5324 5299 5300
f 5324 5300 5325
f 5325 5300 5301
f 5325 5301 5326
f 5326 5301 5302
f 5326 5302 5327
f 5327 5302 5303
f 5327 5303 5328
f 5328 5303 5304
f 5328 5304 5329
f 5329 5304 5305
f 5329 5305 5330
f 5330 5305 5306
f 5330 5306 5331
f 5331 5306 5307
f 5331 5307 5332
f 5332 5307 5308
f 5332 5308 5333
f 5333 5308 5309
f 5333 5309 5334
f 5334 5309 5310
f 5334 5310 5311
f 5334 5311 5335
f 5335 5311 5312
f 5335 5312 5336
f 5336 5312 5313
f 5336 5313 5337
f 5337 5313 5314
f 5337 5314 5338
f 5338 5314 5315
f 5338 5315 5339
f 5339 5315 5316
f 5339 5316 5340
f 5340 5316 5317
f 5340 5317 5341
f 5341 5317 5318
f 5341 5318 5342
f 5342 5318 5319
f 5342 5319 5343
f 5343 5319 5320
f 5343 5320 5344
f 5344 5320 5321
f 5344 5321 5345
f 5345 5321 5322
f 5345 5322 5346
f 5346 5322 5323
f 5346 5323 5347
f 5347 5323 5348
f 5348 5323 5324
f 5348 5324 5349
f 5349 5324 5325
f 5349 5325 5350
f 5350 5325 5326
f 5350 5326 5351
f 5351 5326 5327
f 5351 5327 5352
f 5352 5327 5328
f 5352 5328 5353
f 5353 5328 5329
f 5353 5329 5354
f 5354 5329 5330
f 5354 5330 5355
f 5355 5330 5331
f 5355 5331 5356
f 5356 5331 5332
f 5356 5332 5357
f 5357 5332 5333
f 5357 5333 5358
f 5358 5333 5334
f 5358 5334 5335
f 5358 5335 5359
f 5359 5335 5336
f 5359 5336 5360
f 5360 5336 5337
f 5360 5337 5361
f 5361 5337 5338
f 5361 5338 5362
f 5362 5338 5339
f 5362 5339 5363
f 5363 5339 5340
f 5363 5340 5364
f 5364 5340 5341
f 5364 5341 5365
f 5365 5341 5342
f 5365 5342 5366
f 5366 5342 5343
f 5366 5343 5367
f 5367 5343 5344
f 5367 5344 5368
f 5368 5344 5345
f 5368 5345 5369
f 5369 5345 5346
f 5369 5346 5370
f 5370 5346 5347
f 5370 5347 5371
f 5371 5347 5372
f 5372 5347 5348
f 5372 5348 5373
f 5373 5348 5349
f 5373 5349 5374
f 5374 5349 5350
f 5374 5350 5375
f 5375 5350 5351
f 5375 5351 5376
f 5376 5351 5352
f 5376 5352 5377
f 5377 5352 5353
f 5377 5353 5378
f 5378 5353 5354
f 5378 5354 5379
f 5379 5354 5355
f 5379 5355 5380
f 5380 5355 5356
f 5380 5356 5381
f 5381 5356 5357
f 5381 5357 5382
f 5382 5357 5358
f 5382 5358 5359
f 5382 5359 5383
f 5383 5359 5360
f 5383 5360 5384
f 5384 5360 5361
f 5384 5361 5385
f 5385 5361 5362
f 5385 5362 5386
f 5386 5362 5363
f 5386 5363 5387
f 5387 5363 5364
f 5387 5364 5388
f 5388 5364 5365
f 5388 5365 5389
f 5389 5365 5366
f 5389 5366 5390
f 5390 5366 5367
f 5390 5367 5391
f 5391 5367 5368
f 5391 5368 5392
f 5392 5368 5369
f 5392 5369 5393
f 5393 5369 5370
f 5393 5370 5394
f 5394 5370 5371
f 5394 5371 5395
f 5395 5371 5396
f 5396 5371 5372
f 5396 5372 5397
f 5397 5372 5373
f 5397 5373 5398
f 5398 5373 5374
f 5398 5374 5399
f 5399 5374 5375
f 5399 5375 5400
f 5400 5375 5376
f 5400 5376 5401
f 5401 5376 5377
f 5401 5377 5402
f 5402 5377 5378
f 5402 5378 5403
f 5403 5378 5379
f 5403 5379 5404
f 5404 5379 5380
f 5404 5380 5405
f 5405 5380 5381
f 5405 5381 5406
f 5406 5381 5382
f 5406 5382 5383
f 5406 5383 5407
f 5407 5383 5384
f 5407 5384 5408
f 5408 5384 5385
f 5408 5385 5409
f 5409 5385 5386
f 5409 5386 5410
f 5410 5386 5387
f 5410 5387 5411
f 5411 5387 5388
f 5411 5388 5412
f 5412 5388 5389
f 5412 5389 5413
f 5413 5389 5390
f 5413 5390 5414
f 5414 5390 5391
f 5414 5391 5415
f 5415 5391 5392
f 5415 5392 5416
f 5416 5392 5393
f 5416 5393 5417
f 5417 5393 5394
f 5417 5394 5418
f 5418 5394 5395
f 5418 5395 5419
f 5419 5395 5420
f 5420 5395 5396
f 5420 5396 5421
f 5421 5396 5397
f 5421 5397 5422
f 5422 5397 5398
f 5422 5398 5423
f 5423 5398 5399
f 5423 5399 5424
f 5424 5399 5400
f 5424 5400 5425
f 5425 5400 5401
f 5425 5401 5426
f 5426 5401 5402
f 5426 5402 5427
f 5427 5402 5403
f 5427 5403 5428
f 5428 5403 5404
f 5428 5404 5429
f 5429 5404 5405
f 5429 5405 5430
f 5430 5405 5406
f 5430 5406 5407
f 5430 5407 5431
f 5431 5407 5408
f 5431 5408 5432
f 5432 5408 5409
f 5432 5409 5433
f 5433 5409 5410
f 5433 5410 5434
f 5434 5410 5411
f 5434 5411 5435
f 5435 5411 5412
f 5435 5412 5436
f 5436 5412 5413
f 5436 5413 5437
f 5437 5413 5414
f 5437 5414 5438
f 5438 5414 5415
f 5438 5415 5439
f 5439 5415 5416
f 5439 5416 5440
f 5440 5416 5417
f 5440 5417 5441
f 5441 5417 5418
f 5441 5418 5442
f 5442 5418 5419
f 5442 5419 5443
f 5443 5419 5444
f 5444 5419 5420
f 5444 5420 5445
f 5445 5420 5421
f 5445 5421 5446
f 5446 5421 5422
f 5446 5422 5447
f 5447 5422 5423
f 5447 5423 5448
f 5448 5423 5424
f 5448 5424 5449
f 5449 5424 5425
f 5449 5425 5450
f 5450 5425 5426
f 5450 5426 5451
f 5451 5426 5427
f 5451 5427 5452
f 5452 5427 5428
f 5452 5428 5453
f 5453 5428 5429
f 5453 5429 5454
f 5454 5429 5430
f 5454 5430 5431
f 5454 5431 5455
f 5455 5431 5432
f 5455 5432 5456
f 5456 5432 5433
f 5456 5433 5457
f 5457 5433 5434
f 5457 5434 5458
f 5458 5434 5435
f 5458 5435 5459
f 5459 5435 5436
f 5459 5436 5460
f 5460 5436 5437
f 5460 5437 5461
f 5461 5437 5438
f 5461 5438 5462
f 5462 5438 5439
f 5462 5439 5463
f 5463 5439 5440
f 5463 5440 5464
f 5464 5440 5441
f 5464 5441 5465
f 5465 5441 5442
f 5465 5442 5466
f 5466 5442 5443
f 5466 5443 5467
f 5467 5443 5468
f 5468 5443 5444
f 5468 5444 5469
f 5469 5444 5445
f 5469 5445 5470
f 5470 5445 5446
f 5470 5446 5471
f 5471 5446 5447
f 5471 5447 5472
f 5472 5447 5448
f 5472 5448 5473
f 5473 5448 5449
f 5473 5449 5474
f 5474 5449 5450
f 5474 5450 5475
f 5475 5450 5451
f 5475 5451 5476
f 5476 5451 5452
f 5476 5452 5477
f 5477 5452 5453
f 5477 5453 5478
f 5478 5453 5454
f 5478 5454 5455
f 5478 5455 5479
f 5479 5455 5456
f 5479 5456 5480
f 5480 5456 5457
f 5480 5457 5481
f 5481 5457 5458
f 5481 5458 5482
f 5482 5458 5459
f 5482 5459 5483
f 5483 5459 5460
f 5483 5460 5484
f 5484 5460 5461
f 5484 5461 5485
f 5485 5461 5462
f 5485 5462 5486
f 5486 5462 5463
f 5486 5463 5487
f 5487 5463 5464
f 5487 5464 5488
f 5488 5464 5465
f 5488 5465 5489
f 5489 5465 5466
f 5489 5466 5490
f 5490 5466 5467
f 5490 5467 5491
f 5491 5467 5492
f 5492 5467 5468
f 5492 5468 5493
f 5493 5468 5469
f 5493 5469 5494
f 5494 5469 5470
f 5494 5470 5495
f 5495 5470 5471
f 5495 5471 5496
f 5496 5471 5472
f 5496 5472 5497
f 5497 5472 5473
f 5497 5473 5498
f 5498 5473 5474
f 5498 5474 5499
f 5499 5474 5475
f 5499 5475 5500
f 5500 5475 5476
f 5500 5476 5501
f 5501 5476 5477
f 5501 5477 5502
f 5502 5477 5478
f 5502 5478 5479
f 5502 5479 5503
f 5503 5479 5480
f 5503 5480 5504
f 5504 5480 5481
f 5504 5481 5505
f 5505 5481 5482
f 5505 5482 5506
f 5506 5482 5483
f 5506 5483 5507
f 5507 5483 5484
f 5507 5484 5508
f 5508 5484 5485
f 5508 5485 5509
f 5509 5485 5486
f 5509 5486 5510
f 5510 5486 5487
f 5510 5487 5511
f 5511 5487 5488
f 5511 5488 5512
f 5512 5488 5489
f 5512 5489 5513
f 5513 5489 5490
f 5513 5490 5514
f 5514 5490 5491
f 5514 5491 5515
f 5515 5491 5516
f 5516 5491 5492
f 5516 5492 5517
f 5517 5492 5493
f 5517 5493 5518
f 5518 5493 5494
f 5518 5494 5519
f 5519 5494 5495
f 5519 5495 5520
f 5520 5495 5496
f 5520 5496 5521
f 5521 5496 5497
f 5521 5497 5522
f 5522 5497 5498
f 5522 5498 5523
f 5523 5498 5499
f 5523 5499 5524
f 5524 5499 5500
f 5524 5500 5525
f 5525 5500 5501
f 5525 5501 5526
f 5526 5501 5502
f 5526 5502 5503
f 5526 5503 5527
f 5527 5503 5504
f 5527 5504 5528
f 5528 5504 5505
f 5528 5505 5529
f 5529 5505 5506
f 5529 5506 5530
f 5530 5506 5507
f 5530 5507 5531
f 5531 5507 5508
f 5531 5508 5532
f 5532 5508 5509
f 5532 5509 5533
f 5533 5509 5510
f 5533 5510 5534
f 5534 5510 5511
f 5534 5511 5535
f 5535 5511 5512
f 5535 5512 5536
f 5536 5512 5513
f 5536 5513 5537
f 5537 5513 5514
f 5537 5514 5538
f 5538 5514 5515
f 5538 5515 5539
f 5539 5515 5540
f 5540 5515 5516
f 5540 5516 5541
f 5541 5516 5517
f 5541 5517 5542
f 5542 5517 5518
f 5542 5518 5543
f 5543 5518 5519
f 5543 5519 5544
f 5544 5519 5520
f 5544 5520 5545
f 5545 5520 5521
f 5545 5521 5546
f 5546 5521 5522
f 5546 5522 5547
f 5547 5522 5523
f 5547 5523 5548
f 5548 5523 5524
f 5548 5524 5549
f 5549 5524 5525
f 5549 5525 5550
f 5550 5525 5526
f 5550 5526 5527
f 5550 5527 5551
f 5551 5527 5528
f 5551 5528 5552
f 5552 5528 5529
f 5552 5529 5553
f 5553 5529 5530
f 5553 5530 5554
f 5554 5530 5531
f 5554 5531 5555
f 5555 5531 5532
f 5555 5532 5556
f 5556 5532 5533
f 5556 5533 5557
f 5557 5533 5534
f 5557 5534 5558
f 5558 5534 5535
f 5558 5535 5559
f 5559 5535 5536
f 5559 5536 5560
f 5560 5536 5537
f 5560 5537 5561
f 5561 5537 5538
f 5561 5538 5562
f 5562 5538 5539
f 5562 5539 5563
f 5563 5539 5564
f 5564 5539 5540
f 5564 5540 5565
f 5565 5540 5541
f 5565 5541 5566
f 5566 5541 5542
f 5566 5542 5567
f 5567 5542 5543
f 5567 5543 5568
f 5568 5543 5544
f 5568 5544 5569
f 5569 5544 5545
f 5569 5545 5570
f 5570 5545 5546
f 5570 5546 5571
f 5571 5546 5547
f 5571 5547 5572
f 5572 5547 5548
f 5572 5548 5573
f 5573 5548 5549
f 5573 5549 5574
f 5574 5549 5550
f 5574 5550 5551
f 5574 5551 5575
f 5575 5551 5552
f 5575 5552 5576
f 5576 5552 5553
f 5576 5553 5577
f 5577 5553 5554
f 5577 5554 5578
f 5578 5554 5555
f 5578 5555 5579
f 5579 5555 5556
f 5579 5556 5580
f 5580 5556 5557
f 5580 5557 5581
f 5581 5557 5558
f 5581 5558 5582
f 5582 5558 5559
f 5582 5559 5583
f 5583 5559 5560
f 5583 5560 5584
f 5584 5560 5561
f 5584 5561 5585
f 5585 5561 5562
f 5585 5562 5586
f 5586 5562 5563
f 5586 5563 5587
f 5587 5563 5588
f 5588 5563 5564
f 5588 5564 5589
f 5589 5564 5565
f 5589 5565 5590
f 5590 5565 5566
f 5590 5566 5591
f 5591 5566 5567
f 5591 5567 5592
f 5592 5567 5568
f 5592 5568 5593
f 5593 5568 5569
f 5593 5569 5594
f 5594 5569 5570
f 5594 5570 5595
f 5595 5570 5571
f 5595 5571 5596
f 5596 5571 5572
f 5596 5572 5597
f 5597 5572 5573
f 5597 5573 5598
f 5598 5573 5574
f 5598 5574 5575
f 5598 5575 5599
f 5599 5575 5576
f 5599 5576 5600
f 5600 5576 5577
f 5600 5577 5601
f 5601 5577 5578
f 5601 5578 5602
f 5602 5578 5579
f 5602 5579 5603
f 5603 5579 5580
f 5603 5580 5604
f 5604 5580 5581
f 5604 5581 5605
f 5605 5581 5582
f 5605 5582 5606
f 5606 5582 5583
f 5606 5583 5607
f 5607 5583 5584
f 5607 5584 5608
f 5608 5584 5585
f 5608 5585 5609
f 5609 5585 5586
f 5609 5586 5610
f 5610 5586 5587
f 5610 5587 5611
f 5611 5587 5612
f 5612 5587 5588
f 5612 5588 5613
f 5613 5588 5589
f 5613 5589 5614
f 5614 5589 5590
f 5614 5590 5615
f 5615 5590 5591
f 5615 5591 5616
f 5616 5591 5592
f 5616 5592 5617
f 5617 5592 5593
f 5617 5593 5618
f 5618 5593 5594
f 5618 5594 5619
f 5619 5594 5595
f 5619 5595 5620
f 5620 5595 5596
f 5620 5596 5621
f 5621 5596 5597
f 5621 5597 5622
f 5622 5597 5598
f 5622 5598 5599
f 5622 5599 5623
f 5623 5599 5600
f 5623 5600 5624
f 5624 5600 5601
f 5624 5601 5625
f 5625 5601 5602
f 5625 5602 5626
f 5626 5602 5603
f 5626 5603 5627
f 5627 5603 5604
f 5627 5604 5628
f 5628 5604 5605
f 5628 5605 5629
f 5629 5605 5606
f 5629 5606 5630
f 5630 5606 5607
f 5630 5607 5631
f 5631 5607 5608
f 5631 5608 5632
f 5632 5608 5609
f 5632 5609 5633
f 5633 5609 5610
f 5633 5610 5634
f 5634 5610 5611
f 5634 5611 5635
f 5635 5611 5636
f 5636 5611 5612
f 5636 5612 5637
f 5637 5612 5613
f 5637 5613 5638
f 5638 5613 5614
f 5638 5614 5639
f 5639 5614 5615
f 5639 5615 5640
f 5640 5615 5616
f 5640 5616 5641
f 5641 5616 5617
f 5641 5617 5642
f 5642 5617 5618
f 5642 5618 5643
f 5643 5618 5619
f 5643 5619 5644
f 5644 5619 5620
f 5644 5620 5645
f 5645 5620 5621
f 5645 5621 5646
f 5646 5621 5622
f 5646 5622 5623
f 5646 5623 5647
f 5647 5623 5624
f 5647 5624 5648
f 5648 5624 5625
f 5648 5625 5649
f 5649 5625 5626
f 5649 5626 5650
f 5650 5626 5627
f 5650 5627 5651
f 5651 5627 5628
f 5651 5628 5652
f 5652 5628 5629
f 5652 5629 5653
f 5653 5629 5630
f 5653 5630 5654
f 5654 5630 5631
f 5654 5631 5655
f 5655 5631 5632
f 5655 5632 5656
f 5656 5632 5633
f 5656 5633 5657
f 5657 5633 5634
f 5657 5634 5658
f 5658 5634 5635
f 5658 5635 5659
f 5659 5635 5660
f 5660 5635 5636
f 5660 5636 5661
f 5661 5636 5637
f 5661 5637 5662
f 5662 5637 5638
f 5662 5638 5663
f 5663 5638 5639
f 5663 5639 5664
f 5664 5639 5640
f 5664 5640 5665
f 5665 5640 5641
f 5665 5641 5666
f 5666 5641 5642
f 5666 5642 5667
f 5667 5642 5643
f 5667 5643 5668
f 5668 5643 5644
f 5668 5644 5669
f 5669 5644 5645
f 5669 5645 5670
f 5670 5645 5646
f 5670 5646 5647
f 5670 5647 5671
f 5671 5647 5648
f 5648 5649 5671
f 5649 5650 5671
f 5650 5651 5671
f 5651 5652 5671
f 5652 5653 5671
f 5653 5654 5671
f 5654 5655 5671
f 5655 5656 5671
f 5656 5657 5671
f 5657 5658 5671
f 5660 5671 5659
f 5662 5671 5661
f 5664 5671 5663
f 5666 5671 5665
f 5668 5671 5667
f 5670 5671 5669
f 5659 5671 5658
f 5667 5671 5666
f 5669 5671 5668
f 5665 5671 5664
f 5663 5671 5662
f 5661 5671 5660
f 5672 5673 5674
f 5672 5675 5673
f 5675 5676 5673
f 5676 5677 5673
f 5677 5678 5673
f 5678 5679 5673
f 5679 5680 5673
f 5680 5681 5673
f 5681 5682 5673
f 5682 5683 5673
f 5683 5684 5673
f 5684 5685 5673
f 5686 5673 5687
f 5688 5673 5689
f 5690 5673 5691
f 5692 5673 5693
f 5694 5673 5695
f 5674 5673 5696
f 5687 5673 5685
f 5696 5673 5694
f 5695 5673 5692
f 5693 5673 5690
f 5691 5673 5688
f 5689 5673 5686
f 5696 5697 5674
f 5674 5697 5698
f 5674 5698 5699
f 5697 5696 5700
f 5700 5696 5694
f 5700 5694 5701
f 5701 5694 5695
f 5701 5695 5702
f 5702 5695 5692
f 5702 5692 5703
f 5703 5692 5693
f 5703 5693 5704
f 5704 5693 5690
f 5704 5690 5705
f 5705 5690 5691
f 5705 5691 5706
f 5706 5691 5688
f 5706 5688 5707
f 5707 5688 5689
f 5707 5689 5708
f 5708 5689 5686
f 5708 5686 5709
f 5709 5686 5687
f 5709 5687 5710
f 5710 5687 5685
f 5710 5685 5684
f 5710 5684 5711
f 5711 5684 5683
f 5711 5683 5712
f 5712 5683 5682
f 5712 5682 5713
f 5713 5682 5681
f 5713 5681 5714
f 5714 5681 5680
f 5714 5680 5715
f 5715 5680 5679
f 5715 5679 5716
f 5716 5679 5678
f 5716 5678 5717
f 5717 5678 5677
f 5717 5677 5718
f 5718 5677 5676
f 5718 5676 5719
f 5719 5676 5675
f 5719 5675 5720
f 5720 5675 5672
f 5720 5672 5699
f 5699 5672 5674
f 5697 5721 5698
f 5698 5721 5722
f 5698 5722 5723
f 5721 5697 5724
f 5724 5697 5700
f 5724 5700 5725
f 5725 5700 5701
f 5725 5701 5726
f 5726 5701 5702
f 5726 5702 5727
f 5727 5702 5703
f 5727 5703 5728
f 5728 5703 5704
f 5728 5704 5729
f 5729 5704 5705
f 5729 5705 5730
f 5730 5705 5706
f 5730 5706 5731
f 5731 5706 5707
f 5731 5707 5732
f 5732 5707 5708
f 5732 5708 5733
f 5733 5708 5709
f 5733 5709 5734
f 5734 5709 5710
f 5734 5710 5711
f 5734 5711 5735
f 5735 5711 5712
f 5735 5712 5736
f 5736 5712 5713
f 5736 5713 5737
f 5737 5713 5714
f 5737 5714 5738
f 5738 5714 5715
f 5738 5715 5739
f 5739 5715 5716
f 5739 5716 5740
f 5740 5716 5717
f 5740 5717 5741
f 5741 5717 5718
f 5741 5718 5742
f 5742 5718 5719
f 5742 5719 5743
f 5743 5719 5720
f 5743 5720 5744
f 5744 5720 5699
f 5744 5699 5723
f 5723 5699 5698
f 5721 5745 5722
f 5722 5745 5746
f 5722 5746 5747
f 5745 5721 5748
f 5748 5721 5724
f 5748 5724 5749
f 5749 5724 5725
f 5749 5725 5750
f 5750 5725 5726
f 5750 5726 5751
f 5751 5726 5727
f 5751 5727 5752
f 5752 5727 5728
f 5752 5728 5753
f 5753 5728 5729
f 5753 5729 5754
f 5754 5729 5730
f 5754 5730 5755
f 5755 5730 5731
f 5755 5731 5756
f 5756 5731 5732
f 5756 5732 5757
f 5757 5732 5733
f 5757 5733 5758
f 5758 5733 5734
f 5758 5734 5735
f 5758 5735 5759
f 5759 5735 5736
f 5759 5736 5760
f 5760 5736 5737
f 5760 5737 5761
f 5761 5737 5738
f 5761 5738 5762
f 5762 5738 5739
f 5762 5739 5763
f 5763 5739 5740
f 5763 5740 5764
f 5764 5740 5741
f 5764 5741 5765
f 5765 5741 5742
f 5765 5742 5766
f 5766 5742 5743
f 5766 5743 5767
f 5767 5743 5744
f 5767 5744 5768
f 5768 5744 5723
f 5768 5723 5747
f 5747 5723 5722
f 5745 5769 5746
f 5746 5769 5770
f 5746 5770 5771
f 5769 5745 5772
f 5772 5745 5748
f 5772 5748 5773
f 5773 5748 5749
f 5773 5749 5774
f 5774 5749 5750
f 5774 5750 5775
f 5775 5750 5751
f 5775 5751 5776
f 5776 5751 5752
f 5776 5752 5777
f 5777 5752 5753
f 5777 5753 5778
f 5778 5753 5754
f 5778 5754 5779
f 5779 5754 5755
f 5779 5755 5780
f 5780 5755 5756
f 5780 5756 5781
f 5781 5756 5757
f 5781 5757 5782
f 5782 5757 5758
f 5782 5758 5759
f 5782 5759 5783
f 5783 5759 5760
f 5783 5760 5784
f 5784 5760 5761
f 5784 5761 5785
f 5785 5761 5762
f 5785 5762 5786
f 5786 5762 5763
f 5786 5763 5787
f 5787 5763 5764
f 5787 5764 5788
f 5788 5764 5765
f 5788 5765 5789
f 5789 5765 5766
f 5789 5766 5790
f 5790 5766 5767
f 5790 5767 5791
f 5791 5767 5768
f 5791 5768 5792
f 5792 5768 5747
f 5792 5747 5771
f 5771 5747 5746
f 5769 5793 5770
f 5770 5793 5794
f 5770 5794 5795
f 5793 5769 5796
f 5796 5769 5772
f 5796 5772 5797
f 5797 5772 5773
f 5797 5773 5798
f 5798 5773 5774
f 5798 5774 5799
f 5799 5774 5775
f 5799 5775 5800
f 5800 5775 5776
f 5800 5776 5801
f 5801 5776 5777
f 5801 5777 5802
f 5802 5777 5778
f 5802 5778 5803
f 5803 5778 5779
f 5803 5779 5804
f 5804 5779 5780
f 5804 5780 5805
f 5805 5780 5781
f 5805 5781 5806
f 5806 5781 5782
f 5806 5782 5783
f 5806 5783 5807
f 5807 5783 5784
f 5807 5784 5808
f 5808 5784 5785
f 5808 5785 5809
f 5809 5785 5786
f 5809 5786 5810
f 5810 5786 5787
f 5810 5787 5811
f 5811 5787 5788
f 5811 5788 5812
f 5812 5788 5789
f 5812 5789 5813
f 5813 5789 5790
f 5813 5790 5814
f 5814 5790 5791
f 5814 5791 5815
f 5815 5791 5792
f 5815 5792 5816
f 5816 5792 5771
f 5816 5771 5795
f 5795 5771 5770
f 5793 5817 5794
f 5794 5817 5818
f 5794 5818 5819
f 5817 5793 5820
f 5820 5793 5796
f 5820 5796 5821
f 5821 5796 5797
f 5821 5797 5822
f 5822 5797 5798
f 5822 5798 5823
f 5823 5798 5799
f 5823 5799 5824
f 5824 5799 5800
f 5824 5800 5825
f 5825 5800 5801
f 5825 5801 5826
f 5826 5801 5802
f 5826 5802 5827
f 5827 5802 5803
f 5827 5803 5828
f 5828 5803 5804
f 5828 5804 5829
f 5829 5804 5805
f 5829 5805 5830
f 5830 5805 5806
f 5830 5806 5807
f 5830 5807 5831
f 5831 5807 5808
f 5831 5808 5832
f 5832 5808 5809
f 5832 5809 5833
f 5833 5809 5810
f 5833 5810 5834
f 5834 5810 5811
f 5834 5811 5835
f 5835 5811 5812
f 5835 5812 5836
f 5836 5812 5813
f 5836 5813 5837
f 5837 5813 5814
f 5837 5814 5838
f 5838 5814 5815
f 5838 5815 5839
f 5839 5815 5816
f 5839 5816 5840
f 5840 5816 5795
f 5840 5795 5819
f 5819 5795 5794
f 5817 5841 5818
f 5818 5841 5842
f 5818 5842 5843
f 5841 5817 5844
f 5844 5817 5820
f 5844 5820 5845
f 5845 5820 5821
f 5845 5821 5846
f 5846 5821 5822
f 5846 5822 5847
f 5847 5822 5823
f 5847 5823 5848
f 5848 5823 5824
f 5848 5824 5849
f 5849 5824 5825
f 5849 5825 5850
f 5850 5825 5826
f 5850 5826 5851
f 5851 5826 5827
f 5851 5827 5852
f 5852 5827 5828
f 5852 5828 5853
f 5853 5828 5829
f 5853 5829 5854
f 5854 5829 5830
f 5854 5830 5831
f 5854 5831 5855
f 5855 5831 5832
f 5855 5832 5856
f 5856 5832 5833
f 5856 5833 5857
f 5857 5833 5834
f 5857 5834 5858
f 5858 5834 5835
f 5858 5835 5859
f 5859 5835 5836
f 5859 5836 5860
f 5860 5836 5837
f 5860 5837 5861
f 5861 5837 5838
f 5861 5838 5862
f 5862 5838 5839
f 5862 5839 5863
f 5863 5839 5840
f 5863 5840 5864
f 5864 5840 5819
f 5864 5819 5843
f 5843 5819 5818
f 5841 5865 5842
f 5842 5865 5866
f 5842 5866 5867
f 5865 5841 5868
f 5868 5841 5844
f 5868 5844 5869
f 5869 5844 5845
f 5869 5845 5870
f 5870 5845 5846
f 5870 5846 5871
f 5871 5846 5847
f 5871 5847 5872
f 5872 5847 5848
f 5872 5848 5873
f 5873 5848 5849
f 5873 5849 5874
f 5874 5849 5850
f 5874 5850 5875
f 5875 5850 5851
f 5875 5851 5876
f 5876 5851 5852
f 5876 5852 5877
f 5877 5852 5853
f 5877 5853 5878
f 5878 5853 5854
f 5878 5854 5855
f 5878 5855 5879
f 5879 5855 5856
f 5879 5856 5880
f 5880 5856 5857
f 5880 5857 5881
f 5881 5857 5858
f 5881 5858 5882
f 5882 5858 5859
f 5882 5859 5883
f 5883 5859 5860
f 5883 5860 5884
f 5884 5860 5861
f 5884 5861 5885
f 5885 5861 5862
f 5885 5862 5886
f 5886 5862 5863
f 5886 5863 5887
f 5887 5863 5864
f 5887 5864 5888
f 5888 5864 5843
f 5888 5843 5867
f 5867 5843 5842
f 5865 5889 5866
f 5866 5889 5890
f 5866 5890 5891
f 5889 5865 5892
f 5892 5865 5868
f 5892 5868 5893
f 5893 5868 5869
f 5893 5869 5894
f 5894 5869 5870
f 5894 5870 5895
f 5895 5870 5871
f 5895 5871 5896
f 5896 5871 5872
f 5896 5872 5897
f 5897 5872 5873
f 5897 5873 5898
f 5898 5873 5874
f 5898 5874 5899
f 5899 5874 5875
f 5899 5875 5900
f 5900 5875 5876
f 5900 5876 5901
f 5901 5876 5877
f 5901 5877 5902
f 5902 5877 5878
f 5902 5878 5879
f 5902 5879 5903
f 5903 5879 5880
f 5903 5880 5904
f 5904 5880 5881
f 5904 5881 5905
f 5905 5881 5882
f 5905 5882 5906
f 5906 5882 5883
f 5906 5883 5907
f 5907 5883 5884
f 5907 5884 5908
f 5908 5884 5885
f 5908 5885 5909
f 5909 5885 5886
f 5909 5886 5910
f 5910 5886 5887
f 5910 5887 5911
f 5911 5887 5888
f 5911 5888 5912
f 5912 5888 5867
f 5912 5867 5891
f 5891 5867 5866
f 5889 5913 5890
f 5890 5913 5914
f 5890 5914 5915
f 5913 5889 5916
f 5916 5889 5892
f 5916 5892 5917
f 5917 5892 5893
f 5917 5893 5918
f 5918 5893 5894
f 5918 5894 5919
f 5919 5894 5895
f 5919 5895 5920
f 5920 5895 5896
f 5920 5896 5921
f 5921 5896 5897
f 5921 5897 5922
f 5922 5897 5898
f 5922 5898 5923
f 5923 5898 5899
f 5923 5899 5924
f 5924 5899 5900
f 5924 5900 5925
f 5925 5900 5901
f 5925 5901 5926
f 5926 5901 5902
f 5926 5902 5903
f 5926 5903 5927
f 5927 5903 5904
f 5927 5904 5928
f 5928 5904 5905
f 5928 5905 5929
f 5929 5905 5906
f 5929 5906 5930
f 5930 5906 5907
f 5930 5907 5931
f 5931 5907 5908
f 5931 5908 5932
f 5932 5908 5909
f 5932 5909 5933
f 5933 5909 5910
f 5933 5910 5934
f 5934 5910 5911
f 5934 5911 5935
f 5935 5911 5912
f 5935 5912 5936
f 5936 5912 5891
f 5936 5891 5915
f 5915 5891 5890
f 5913 5937 5914
f 5914 5937 5938
f 5914 5938 5939
f 5937 5913 5940
f 5940 5913 5916
f 5940 5916 5941
f 5941 5916 5917
f 5941 5917 5942
f 5942 5917 5918
f 5942 5918 5943
f 5943 5918 5919
f 5943 5919 5944
f 5944 5919 5920
f 5944 5920 5945
f 5945 5920 5921
f 5945 5921 5946
f 5946 5921 5922
f 5946 5922 5947
f 5947 5922 5923
f 5947 5923 5948
f 5948 5923 5924
f 5948 5924 5949
f 5949 5924 5925
f 5949 5925 5950
f 5950 5925 5926
f 5950 5926 5927
f 5950 5927 5951
f 5951 5927 5928
f 5951 5928 5952
f 5952 5928 5929
f 5952 5929 5953
f 5953 5929 5930
f 5953 5930 5954
f 5954 5930 5931
f 5954 5931 5955
f 5955 5931 5932
f 5955 5932 5956
f 5956 5932 5933
f 5956 5933 5957
f 5957 5933 5934
f 5957 5934 5958
f 5958 5934 5935
f 5958 5935 5959
f 5959 5935 5936
f 5959 5936 5960
f 5960 5936 5915
f 5960 5915 5939
f 5939 5915 5914
f 5937 5961 5938
f 5938 5961 5962
f 5938 5962 5963
f 5961 5937 5964
f 5964 5937 5940
f 5964 5940 5965
f 5965 5940 5941
f 5965 5941 5966
f 5966 5941 5942
f 5966 5942 5967
f 5967 5942 5943
f 5967 5943 5968
f 5968 5943 5944
f 5968 5944 5969
f 5969 5944 5945
f 5969 5945 5970
f 5970 5945 5946
f 5970 5946 5971
f 5971 5946 5947
f 5971 5947 5972
f 5972 5947 5948
f 5972 5948 5973
f 5973 5948 5949
f 5973 5949 5974
f 5974 5949 5950
f 5974 5950 5951
f 5974 5951 5975
f 5975 5951 5952
f 5975 5952 5976
f 5976 5952 5953
f 5976 5953 5977
f 5977 5953 5954
f 5977 5954 5978
f 5978 5954 5955
f 5978 5955 5979
f 5979 5955 5956
f 5979 5956 5980
f 5980 5956 5957
f 5980 5957 5981
f 5981 5957 5958
f 5981 5958 5982
f 5982 5958 5959
f 5982 5959 5983
f 5983 5959 5960
f 5983 5960 5984
f 5984 5960 5939
f 5984 5939 5963
f 5963 5939 5938
f 5961 5985 5962
f 5962 5985 5986
f 5962 5986 5987
f 5985 5961 5988
f 5988 5961 5964
f 5988 5964 5989
f 5989 5964 5965
f 5989 5965 5990
f 5990 5965 5966
f 5990 5966 5991
f 5991 5966 5967
f 5991 5967 5992
f 5992 5967 5968
f 5992 5968 5993
f 5993 5968 5969
f 5993 5969 5994
f 5994 5969 5970
f 5994 5970 5995
f 5995 5970 5971
f 5995 5971 5996
f 5996 5971 5972
f 5996 5972 5997
f 5997 5972 5973
f 5997 5973 5998
f 5998 5973 5974
f 5998 5974 5975
f 5998 5975 5999
f 5999 5975 5976
f 5999 5976 6000
f 6000 5976 5977
f 6000 5977 6001
f 6001 5977 5978
f 6001 5978 6002
f 6002 5978 5979
f 6002 5979 6003
f 6003 5979 5980
f 6003 5980 6004
f 6004 5980 5981
f 6004 5981 6005
f 6005 5981 5982
f 6005 5982 6006
f 6006 5982 5983
f 6006 5983 6007
f 6007 5983 5984
f 6007 5984 6008
f 6008 5984 5963
f 6008 5963 5987
f 5987 5963 5962
f 5985 6009 5986
f 5986 6009 6010
f 5986 6010 6011
f 6009 5985 6012
f 6012 5985 5988
f 6012 5988 6013
f 6013 5988 5989
f 6013 5989 6014
f 6014 5989 5990
f 6014 5990 6015
f 6015 5990 5991
f 6015 5991 6016
f 6016 5991 5992
f 6016 5992 6017
f 6017 5992 5993
f 6017 5993 6018
f 6018 5993 5994
f 6018 5994 6019
f 6019 5994 5995
f 6019 5995 6020
f 6020 5995 5996
f 6020 5996 6021
f 6021 5996 5997
f 6021 5997 6022
f 6022 5997 5998
f 6022 5998 5999
f 6022 5999 6023
f 6023 5999 6000
f 6023 6000 6024
f 6024 6000 6001
f 6024 6001 6025
f 6025 6001 6002
f 6025 6002 6026
f 6026 6002 6003
f 6026 6003 6027
f 6027 6003 6004
f 6027 6004 6028
f 6028 6004 6005
f 6028 6005 6029
f 6029 6005 6006
f 6029 6006 6030
f 6030 6006 6007
f 6030 6007 6031
f 6031 6007 6008
f 6031 6008 6032
f 6032 6008 5987
f 6032 5987 6011
f 6011 5987 5986
f 6009 6033 6010
f 6010 6033 6034
f 6010 6034 6035
f 6033 6009 6036
f 6036 6009 6012
f 6036 6012 6037
f 6037 6012 6013
f 6037 6013 6038
f 6038 6013 6014
f 6038 6014 6039
f 6039 6014 6015
f 6039 6015 6040
f 6040 6015 6016
f 6040 6016 6041
f 6041 6016 6017
f 6041 6017 6042
f 6042 6017 6018
f 6042 6018 6043
f 6043 6018 6019
f 6043 6019 6044
f 6044 6019 6020
f 6044 6020 6045
f 6045 6020 6021
f 6045 6021 6046
f 6046 6021 6022
f 6046 6022 6023
f 6046 6023 6047
f 6047 6023 6024
f 6047 6024 6048
f 6048 6024 6025
f 6048 6025 6049
f 6049 6025 6026
f 6049 6026 6050
f 6050 6026 6027
f 6050 6027 6051
f 6051 6027 6028
f 6051 6028 6052
f 6052 6028 6029
f 6052 6029 6053
f 6053 6029 6030
f 6053 6030 6054
f 6054 6030 6031
f 6054 6031 6055
f 6055 6031 6032
f 6055 6032 6056
f 6056 6032 6011
f 6056 6011 6035
f 6035 6011 6010
f 6033 6057 6034
f 6034 6057 6058
f 6034 6058 6059
f 6057 6033 6060
f 6060 6033 6036
f 6060 6036 6061
f 6061 6036 6037
f 6061 6037 6062
f 6062 6037 6038
f 6062 6038 6063
f 6063 6038 6039
f 6063 6039 6064
f 6064 6039 6040
f 6064 6040 6065
f 6065 6040 6041
f 6065 6041 6066
f 6066 6041 6042
f 6066 6042 6067
f 6067 6042 6043
f 6067 6043 6068
f 6068 6043 6044
f 6068 6044 6069
f 6069 6044 6045
f 6069 6045 6070
f 6070 6045 6046
f 6070 6046 6047
f 6070 6047 6071
f 6071 6047 6048
f 6071 6048 6072
f 6072 6048 6049
f 6072 6049 6073
f 6073 6049 6050
f 6073 6050 6074
f 6074 6050 6051
f 6074 6051 6075
f 6075 6051 6052
f 6075 6052 6076
f 6076 6052 6053
f 6076 6053 6077
f 6077 6053 6054
f 6077 6054 6078
f 6078 6054 6055
f 6078 6055 6079
f 6079 6055 6056
f 6079 6056 6080
f 6080 6056 6035
f 6080 6035 6059
f 6059 6035 6034
f 6057 6081 6058
f 6058 6081 6082
f 6058 6082 6083
f 6081 6057 6084
f 6084 6057 6060
f 6084 6060 6085
f 6085 6060 6061
f 6085 6061 6086
f 6086 6061 6062
f 6086 6062 6087
f 6087 6062 6063
f 6087 6063 6088
f 6088 6063 6064
f 6088 6064 6089
f 6089 6064 6065
f 6089 6065 6090
f 6090 6065 6066
f 6090 6066 6091
f 6091 6066 6067
f 6091 6067 6092
f 6092 6067 6068
f 6092 6068 6093
f 6093 6068 6069
f 6093 6069 6094
f 6094 6069 6070
f 6094 6070 6071
f 6094 6071 6095
f 6095 6071 6072
f 6095 6072 6096
f 6096 6072 6073
f 6096 6073 6097
f 6097 6073 6074
f 6097 6074 6098
f 6098 6074 6075
f 6098 6075 6099
f 6099 6075 6076
f 6099 6076 6100
f 6100 6076 6077
f 6100 6077 6101
f 6101 6077 6078
f 6101 6078 6102
f 6102 6078 6079
f 6102 6079 6103
f 6103 6079 6080
f 6103 6080 6104
f 6104 6080 6059
f 6104 6059 6083
f 6083 6059 6058
f 6081 6105 6082
f 6082 6105 6106
f 6082 6106 6107
f 6105 6081 6108
f 6108 6081 6084
f 6108 6084 6109
f 6109 6084 6085
f 6109 6085 6110
f 6110 6085 6086
f 6110 6086 6111
f 6111 6086 6087
f 6111 6087 6112
f 6112 6087 6088
f 6112 6088 6113
f 6113 6088 6089
f 6113 6089 6114
f 6114 6089 6090
f 6114 6090 6115
f 6115 6090 6091
f 6115 6091 6116
f 6116 6091 6092
f 6116 6092 6117
f 6117 6092 6093
f 6117 6093 6118
f 6118 6093 6094
f 6118 6094 6095
f 6118 6095 6119
f 6119 6095 6096
f 6119 6096 6120
f 6120 6096 6097
f 6120 6097 6121
f 6121 6097 6098
f 6121 6098 6122
f 6122 6098 6099
f 6122 6099 6123
f 6123 6099 6100
f 6123 6100 6124
f 6124 6100 6101
f 6124 6101 6125
f 6125 6101 6102
f 6125 6102 6126
f 6126 6102 6103
f 6126 6103 6127
f 6127 6103 6104
f 6127 6104 6128
f 6128 6104 6083
f 6128 6083 6107
f 6107 6083 6082
f 6105 6129 6106
f 6106 6129 6130
f 6106 6130 6131
f 6129 6105 6132
f 6132 6105 6108
f 6132 6108 6133
f 6133 6108 6109
f 6133 6109 6134
f 6134 6109 6110
f 6134 6110 6135
f 6135 6110 6111
f 6135 6111 6136
f 6136 6111 6112
f 6136 6112 6137
f 6137 6112 6113
f 6137 6113 6138
f 6138 6113 6114
f 6138 6114 6139
f 6139 6114 6115
f 6139 6115 6140
f 6140 6115 6116
f 6140 6116 6141
f 6141 6116 6117
f 6141 6117 6142
f 6142 6117 6118
f 6142 6118 6119
f 6142 6119 6143
f 6143 6119 6120
f 6143 6120 6144
f 6144 6120 6121
f 6144 6121 6145
f 6145 6121 6122
f 6145 6122 6146
f 6146 6122 6123
f 6146 6123 6147
f 6147 6123 6124
f 6147 6124 6148
f 6148 6124 6125
f 6148 6125 6149
f 6149 6125 6126
f 6149 6126 6150
f 6150 6126 6127
f 6150 6127 6151
f 6151 6127 6128
f 6151 6128 6152
f 6152 6128 6107
f 6152 6107 6131
f 6131 6107 6106
f 6129 6153 6130
f 6130 6153 6154
f 6130 6154 6155
f 6153 6129 6156
f 6156 6129 6132
f 6156 6132 6157
f 6157 6132 6133
f 6157 6133 6158
f 6158 6133 6134
f 6158 6134 6159
f 6159 6134 6135
f 6159 6135 6160
f 6160 6135 6136
f 6160 6136 6161
f 6161 6136 6137
f 6161 6137 6162
f 6162 6137 6138
f 6162 6138 6163
f 6163 6138 6139
f 6163 6139 6164
f 6164 6139 6140
f 6164 6140 6165
f 6165 6140 6141
f 6165 6141 6166
f 6166 6141 6142
f 6166 6142 6143
f 6166 6143 6167
f 6167 6143 6144
f 6167 6144 6168
f 6168 6144 6145
f 6168 6145 6169
f 6169 6145 6146
f 6169 6146 6170
f 6170 6146 6147
f 6170 6147 6171
f 6171 6147 6148
f 6171 6148 6172
f 6172 6148 6149
f 6172 6149 6173
f 6173 6149 6150
f 6173 6150 6174
f 6174 6150 6151
f 6174 6151 6175
f 6175 6151 6152
f 6175 6152 6176
f 6176 6152 6131
f 6176 6131 6155
f 6155 6131 6130
f 6153 6177 6154
f 6154 6177 6178
f 6154 6178 6179
f 6177 6153 6180
f 6180 6153 6156
f 6180 6156 6181
f 6181 6156 6157
f 6181 6157 6182
f 6182 6157 6158
f 6182 6158 6183
f 6183 6158 6159
f 6183 6159 6184
f 6184 6159 6160
f 6184 6160 6185
f 6185 6160 6161
f 6185 6161 6186
f 6186 6161 6162
f 6186 6162 6187
f 6187 6162 6163
f 6187 6163 6188
f 6188 6163 6164
f 6188 6164 6189
f 6189 6164 6165
f 6189 6165 6190
f 6190 6165 6166
f 6190 6166 6167
f 6190 6167 6191
f 6191 6167 6168
f 6191 6168 6192
f 6192 6168 6169
f 6192 6169 6193
f 6193 6169 6170
f 6193 6170 6194
f 6194 6170 6171
f 6194 6171 6195
f 6195 6171 6172
f 6195 6172 6196
f 6196 6172 6173
f 6196 6173 6197
f 6197 6173 6174
f 6197 6174 6198
f 6198 6174 6175
f 6198 6175 6199
f 6199 6175 6176
f 6199 6176 6200
f 6200 6176 6155
f 6200 6155 6179
f 6179 6155 6154
f 6177 6201 6178
f 6178 6201 6202
f 6178 6202 6203
f 6201 6177 6204
f 6204 6177 6180
f 6204 6180 6205
f 6205 6180 6181
f 6205 6181 6206
f 6206 6181 6182
f 6206 6182 6207
f 6207 6182 6183
f 6207 6183 6208
f 6208 6183 6184
f 6208 6184 6209
f 6209 6184 6185
f 6209 6185 6210
f 6210 6185 6186
f 6210 6186 6211
f 6211 6186 6187
f 6211 6187 6212
f 6212 6187 6188
f 6212 6188 6213
f 6213 6188 6189
f 6213 6189 6214
f 6214 6189 6190
f 6214 6190 6191
f 6214 6191 6215
f 6215 6191 6192
f 6215 6192 6216
f 6216 6192 6193
f 6216 6193 6217
f 6217 6193 6194
f 6217 6194 6218
f 6218 6194 6195
f 6218 6195 6219
f 6219 6195 6196
f 6219 6196 6220
f 6220 6196 6197
f 6220 6197 6221
f 6221 6197 6198
f 6221 6198 6222
f 6222 6198 6199
f 6222 6199 6223
f 6223 6199 6200
f 6223 6200 6224
f 6224 6200 6179
f 6224 6179 6203
f 6203 6179 6178
f 6201 6225 6202
f 6202 6225 6226
f 6202 6226 6227
f 6225 6201 6228
f 6228 6201 6204
f 6228 6204 6229
f 6229 6204 6205
f 6229 6205 6230
f 6230 6205 6206
f 6230 6206 6231
f 6231 6206 6207
f 6231 6207 6232
f 6232 6207 6208
f 6232 6208 6233
f 6233 6208 6209
f 6233 6209 6234
f 6234 6209 6210
f 6234 6210 6235
f 6235 6210 6211
f 6235 6211 6236
f 6236 6211 6212
f 6236 6212 6237
f 6237 6212 6213
f 6237 6213 6238
f 6238 6213 6214
f 6238 6214 6215
f 6238 6215 6239
f 6239 6215 6216
f 6239 6216 6240
f 6240 6216 6217
f 6240 6217 6241
f 6241 6217 6218
f 6241 6218 6242
f 6242 6218 6219
f 6242 6219 6243
f 6243 6219 6220
f 6243 6220 6244
f 6244 6220 6221
f 6244 6221 6245
f 6245 6221 6222
f 6245 6222 6246
f 6246 6222 6223
f 6246 6223 6247
f 6247 6223 6224
f 6247 6224 6248
f 6248 6224 6203
f 6248 6203 6227
f 6227 6203 6202
f 6225 6249 6226
f 6226 6249 6250
f 6226 6250 6251
f 6249 6225 6252
f 6252 6225 6228
f 6252 6228 6253
f 6253 6228 6229
f 6253 6229 6254
f 6254 6229 6230
f 6254 6230 6255
f 6255 6230 6231
f 6255 6231 6256
f 6256 6231 6232
f 6256 6232 6257
f 6257 6232 6233
f 6257 6233 6258
f 6258 6233 6234
f 6258 6234 6259
f 6259 6234 6235
f 6259 6235 6260
f 6260 6235 6236
f 6260 6236 6261
f 6261 6236 6237
f 6261 6237 6262
f 6262 6237 6238
f 6262 6238 6239
f 6262 6239 6263
f 6263 6239 6240
f 6263 6240 6264
f 6264 6240 6241
f 6264 6241 6265
f 6265 6241 6242
f 6265 6242 6266
f 6266 6242 6243
f 6266 6243 6267
f 6267 6243 6244
f 6267 6244 6268
f 6268 6244 6245
f 6268 6245 6269
f 6269 6245 6246
f 6269 6246 6270
f 6270 6246 6247
f 6270 6247 6271
f 6271 6247 6248
f 6271 6248 6272
f 6272 6248 6227
f 6272 6227 6251
f 6251 6227 6226
f 6249 6273 6250
f 6250 6273 6274
f 6250 6274 6275
f 6273 6249 6276
f 6276 6249 6252
f 6276 6252 6277
f 6277 6252 6253
f 6277 6253 6278
f 6278 6253 6254
f 6278 6254 6279
f 6279 6254 6255
f 6279 6255 6280
f 6280 6255 6256
f 6280 6256 6281
f 6281 6256 6257
f 6281 6257 6282
f 6282 6257 6258
f 6282 6258 6283
f 6283 6258 6259
f 6283 6259 6284
f 6284 6259 6260
f 6284 6260 6285
f 6285 6260 6261
f 6285 6261 6286
f 6286 6261 6262
f 6286 6262 6263
f 6286 6263 6287
f 6287 6263 6264
f 6287 6264 6288
f 6288 6264 6265
f 6288 6265 6289
f 6289 6265 6266
f 6289 6266 6290
f 6290 6266 6267
f 6290 6267 6291
f 6291 6267 6268
f 6291 6268 6292
f 6292 6268 6269
f 6292 6269 6293
f 6293 6269 6270
f 6293 6270 6294
f 6294 6270 6271
f 6294 6271 6295
f 6295 6271 6272
f 6295 6272 6296
f 6296 6272 6251
f 6296 6251 6275
f 6275 6251 6250
f 6273 6297 6274
f 6274 6297 6298
f 6274 6298 6299
f 6297 6273 6300
f 6300 6273 6276
f 6300 6276 6301
f 6301 6276 6277
f 6301 6277 6302
f 6302 6277 6278
f 6302 6278 6303
f 6303 6278 6279
f 6303 6279 6304
f 6304 6279 6280
f 6304 6280 6305
f 6305 6280 6281
f 6305 6281 6306
f 6306 6281 6282
f 6306 6282 6307
f 6307 6282 6283
f 6307 6283 6308
f 6308 6283 6284
f 6308 6284 6309
f 6309 6284 6285
f 6309 6285 6310
f 6310 6285 6286
f 6310 6286 6287
f 6310 6287 6311
f 6311 6287 6288
f 6311 6288 6312
f 6312 6288 6289
f 6312 6289 6313
f 6313 6289 6290
f 6313 6290 6314
f 6314 6290 6291
f 6314 6291 6315
f 6315 6291 6292
f 6315 6292 6316
f 6316 6292 6293
f 6316 6293 6317
f 6317 6293 6294
f 6317 6294 6318
f 6318 6294 6295
f 6318 6295 6319
f 6319 6295 6296
f 6319 6296 6320
f 6320 6296 6275
f 6320 6275 6299
f 6299 6275 6274
f 6297 6321 6298
f 6298 6321 6322
f 6298 6322 6323
f 6321 6297 6324
f 6324 6297 6300
f 6324 6300 6325
f 6325 6300 6301
f 6325 6301 6326
f 6326 6301 6302
f 6326 6302 6327
f 6327 6302 6303
f 6327 6303 6328
f 6328 6303 6304
f 6328 6304 6329
f 6329 6304 6305
f 6329 6305 6330
f 6330 6305 6306
f 6330 6306 6331
f 6331 6306 6307
f 6331 6307 6332
f 6332 6307 6308
f 6332 6308 6333
f 6333 6308 6309
f 6333 6309 6334
f 6334 6309 6310
f 6334 6310 6311
f 6334 6311 6335
f 6335 6311 6312
f 6335 6312 6336
f 6336 6312 6313
f 6336 6313 6337
f 6337 6313 6314
f 6337 6314 6338
f 6338 6314 6315
f 6338 6315 6339
f 6339 6315 6316
f 6339 6316 6340
f 6340 6316 6317
f 6340 6317 6341
f 6341 6317 6318
f 6341 6318 6342
f 6342 6318 6319
f 6342 6319 6343
f 6343 6319 6320
f 6343 6320 6344
f 6344 6320 6299
f 6344 6299 6323
f 6323 6299 6298
f 6321 6345 6322
f 6322 6345 6346
f 6322 6346 6347
f 6345 6321 6348
f 6348 6321 6324
f 6348 6324 6349
f 6349 6324 6325
f 6349 6325 6350
f 6350 6325 6326
f 6350 6326 6351
f 6351 6326 6327
f 6351 6327 6352
f 6352 6327 6328
f 6352 6328 6353
f 6353 6328 6329
f 6353 6329 6354
f 6354 6329 6330
f 6354 6330 6355
f 6355 6330 6331
f 6355 6331 6356
f 6356 6331 6332
f 6356 6332 6357
f 6357 6332 6333
f 6357 6333 6358
f 6358 6333 6334
f 6358 6334 6335
f 6358 6335 6359
f 6359 6335 6336
f 6359 6336 6360
f 6360 6336 6337
f 6360 6337 6361
f 6361 6337 6338
f 6361 6338 6362
f 6362 6338 6339
f 6362 6339 6363
f 6363 6339 6340
f 6363 6340 6364
f 6364 6340 6341
f 6364 6341 6365
f 6365 6341 6342
f 6365 6342 6366
f 6366 6342 6343
f 6366 6343 6367
f 6367 6343 6344
f 6367 6344 6368
f 6368 6344 6323
f 6368 6323 6347
f 6347 6323 6322
f 6345 6369 6346
f 6346 6369 6370
f 6346 6370 6371
f 6369 6345 6372
f 6372 6345 6348
f 6372 6348 6373
f 6373 6348 6349
f 6373 6349 6374
f 6374 6349 6350
f 6374 6350 6375
f 6375 6350 6351
f 6375 6351 6376
f 6376 6351 6352
f 6376 6352 6377
f 6377 6352 6353
f 6377 6353 6378
f 6378 6353 6354
f 6378 6354 6379
f 6379 6354 6355
f 6379 6355 6380
f 6380 6355 6356
f 6380 6356 6381
f 6381 6356 6357
f 6381 6357 6382
f 6382 6357 6358
f 6382 6358 6359
f 6382 6359 6383
f 6383 6359 6360
f 6383 6360 6384
f 6384 6360 6361
f 6384 6361 6385
f 6385 6361 6362
f 6385 6362 6386
f 6386 6362 6363
f 6386 6363 6387
f 6387 6363 6364
f 6387 6364 6388
f 6388 6364 6365
f 6388 6365 6389
f 6389 6365 6366
f 6389 6366 6390
f 6390 6366 6367
f 6390 6367 6391
f 6391 6367 6368
f 6391 6368 6392
f 6392 6368 6347
f 6392 6347 6371
f 6371 6347 6346
f 6369 6393 6370
f 6370 6393 6394
f 6370 6394 6395
f 6393 6369 6396
f 6396 6369 6372
f 6396 6372 6397
f 6397 6372 6373
f 6397 6373 6398
f 6398 6373 6374
f 6398 6374 6399
f 6399 6374 6375
f 6399 6375 6400
f 6400 6375 6376
f 6400 6376 6401
f 6401 6376 6377
f 6401 6377 6402
f 6402 6377 6378
f 6402 6378 6403
f 6403 6378 6379
f 6403 6379 6404
f 6404 6379 6380
f 6404 6380 6405
f 6405 6380 6381
f 6405 6381 6406
f 6406 6381 6382
f 6406 6382 6383
f 6406 6383 6407
f 6407 6383 6384
f 6407 6384 6408
f 6408 6384 6385
f 6408 6385 6409
f 6409 6385 6386
f 6409 6386 6410
f 6410 6386 6387
f 6410 6387 6411
f 6411 6387 6388
f 6411 6388 6412
f 6412 6388 6389
f 6412 6389 6413
f 6413 6389 6390
f 6413 6390 6414
f 6414 6390 6391
f 6414 6391 6415
f 6415 6391 6392
f 6415 6392 6416
f 6416 6392 6371
f 6416 6371 6395
f 6395 6371 6370
f 6393 6417 6394
f 6394 6417 6418
f 6394 6418 6419
f 6417 6393 6420
f 6420 6393 6396
f 6420 6396 6421
f 6421 6396 6397
f 6421 6397 6422
f 6422 6397 6398
f 6422 6398 6423
f 6423 6398 6399
f 6423 6399 6424
f 6424 6399 6400
f 6424 6400 6425
f 6425 6400 6401
f 6425 6401 6426
f 6426 6401 6402
f 6426 6402 6427
f 6427 6402 6403
f 6427 6403 6428
f 6428 6403 6404
f 6428 6404 6429
f 6429 6404 6405
f 6429 6405 6430
f 6430 6405 6406
f 6430 6406 6407
f 6430 6407 6431
f 6431 6407 6408
f 6431 6408 6432
f 6432 6408 6409
f 6432 6409 6433
f 6433 6409 6410
f 6433 6410 6434
f 6434 6410 6411
f 6434 6411 6435
f 6435 6411 6412
f 6435 6412 6436
f 6436 6412 6413
f 6436 6413 6437
f 6437 6413 6414
f 6437 6414 6438
f 6438 6414 6415
f 6438 6415 6439
f 6439 6415 6416
f 6439 6416 6440
f 6440 6416 6395
f 6440 6395 6419
f 6419 6395 6394
f 6417 6441 6418
f 6418 6441 6442
f 6418 6442 6443
f 6441 6417 6444
f 6444 6417 6420
f 6444 6420 6445
f 6445 6420 6421
f 6445 6421 6446
f 6446 6421 6422
f 6446 6422 6447
f 6447 6422 6423
f 6447 6423 6448
f 6448 6423 6424
f 6448 6424 6449
f 6449 6424 6425
f 6449 6425 6450
f 6450 6425 6426
f 6450 6426 6451
f 6451 6426 6427
f 6451 6427 6452
f 6452 6427 6428
f 6452 6428 6453
f 6453 6428 6429
f 6453 6429 6454
f 6454 6429 6430
f 6454 6430 6431
f 6454 6431 6455
f 6455 6431 6432
f 6455 6432 6456
f 6456 6432 6433
f 6456 6433 6457
f 6457 6433 6434
f 6457 6434 6458
f 6458 6434 6435
f 6458 6435 6459
f 6459 6435 6436
f 6459 6436 6460
f 6460 6436 6437
f 6460 6437 6461
f 6461 6437 6438
f 6461 6438 6462
f 6462 6438 6439
f 6462 6439 6463
f 6463 6439 6440
f 6463 6440 6464
f 6464 6440 6419
f 6464 6419 6443
f 6443 6419 6418
f 6441 6465 6442
f 6442 6465 6466
f 6442 6466 6467
f 6465 6441 6468
f 6468 6441 6444
f 6468 6444 6469
f 6469 6444 6445
f 6469 6445 6470
f 6470 6445 6446
f 6470 6446 6471
f 6471 6446 6447
f 6471 6447 6472
f 6472 6447 6448
f 6472 6448 6473
f 6473 6448 6449
f 6473 6449 6474
f 6474 6449 6450
f 6474 6450 6475
f 6475 6450 6451
f 6475 6451 6476
f 6476 6451 6452
f 6476 6452 6477
f 6477 6452 6453
f 6477 6453 6478
f 6478 6453 6454
f 6478 6454 6455
f 6478 6455 6479
f 6479 6455 6456
f 6479 6456 6480
f 6480 6456 6457
f 6480 6457 6481
f 6481 6457 6458
f 6481 6458 6482
f 6482 6458 6459
f 6482 6459 6483
f 6483 6459 6460
f 6483 6460 6484
f 6484 6460 6461
f 6484 6461 6485
f 6485 6461 6462
f 6485 6462 6486
f 6486 6462 6463
f 6486 6463 6487
f 6487 6463 6464
f 6487 6464 6488
f 6488 6464 6443
f 6488 6443 6467
f 6467 6443 6442
f 6465 6489 6466
f 6466 6489 6490
f 6466 6490 6491
f 6489 6465 6492
f 6492 6465 6468
f 6492 6468 6493
f 6493 6468 6469
f 6493 6469 6494
f 6494 6469 6470
f 6494 6470 6495
f 6495 6470 6471
f 6495 6471 6496
f 6496 6471 6472
f 6496 6472 6497
f 6497 6472 6473
f 6497 6473 6498
f 6498 6473 6474
f 6498 6474 6499
f 6499 6474 6475
f 6499 6475 6500
f 6500 6475 6476
f 6500 6476 6501
f 6501 6476 6477
f 6501 6477 6502
f 6502 6477 6478
f 6502 6478 6479
f 6502 6479 6503
f 6503 6479 6480
f 6503 6480 6504
f 6504 6480 6481
f 6504 6481 6505
f 6505 6481 6482
f 6505 6482 6506
f 6506 6482 6483
f 6506 6483 6507
f 6507 6483 6484
f 6507 6484 6508
f 6508 6484 6485
f 6508 6485 6509
f 6509 6485 6486
f 6509 6486 6510
f 6510 6486 6487
f 6510 6487 6511
f 6511 6487 6488
f 6511 6488 6512
f 6512 6488 6467
f 6512 6467 6491
f 6491 6467 6466
f 6489 6513 6490
f 6490 6513 6514
f 6490 6514 6515
f 6513 6489 6516
f 6516 6489 6492
f 6516 6492 6517
f 6517 6492 6493
f 6517 6493 6518
f 6518 6493 6494
f 6518 6494 6519
f 6519 6494 6495
f 6519 6495 6520
f 6520 6495 6496
f 6520 6496 6521
f 6521 6496 6497
f 6521 6497 6522
f 6522 6497 6498
f 6522 6498 6523
f 6523 6498 6499
f 6523 6499 6524
f 6524 6499 6500
f 6524 6500 6525
f 6525 6500 6501
f 6525 6501 6526
f 6526 6501 6502
f 6526 6502 6503
f 6526 6503 6527
f 6527 6503 6504
f 6527 6504 6528
f 6528 6504 6505
f 6528 6505 6529
f 6529 6505 6506
f 6529 6506 6530
f 6530 6506 6507
f 6530 6507 6531
f 6531 6507 6508
f 6531 6508 6532
f 6532 6508 6509
f 6532 6509 6533
f 6533 6509 6510
f 6533 6510 6534
f 6534 6510 6511
f 6534 6511 6535
f 6535 6511 6512
f 6535 6512 6536
f 6536 6512 6491
f 6536 6491 6515
f 6515 6491 6490
f 6513 6537 6514
f 6514 6537 6538
f 6514 6538 6539
f 6537 6513 6540
f 6540 6513 6516
f 6540 6516 6541
f 6541 6516 6517
f 6541 6517 6542
f 6542 6517 6518
f 6542 6518 6543
f 6543 6518 6519
f 6543 6519 6544
f 6544 6519 6520
f 6544 6520 6545
f 6545 6520 6521
f 6545 6521 6546
f 6546 6521 6522
f 6546 6522 6547
f 6547 6522 6523
f 6547 6523 6548
f 6548 6523 6524
f 6548 6524 6549
f 6549 6524 6525
f 6549 6525 6550
f 6550 6525 6526
f 6550 6526 6527
f 6550 6527 6551
f 6551 6527 6528
f 6551 6528 6552
f 6552 6528 6529
f 6552 6529 6553
f 6553 6529 6530
f 6553 6530 6554
f 6554 6530 6531
f 6554 6531 6555
f 6555 6531 6532
f 6555 6532 6556
f 6556 6532 6533
f 6556 6533 6557
f 6557 6533 6534
f 6557 6534 6558
f 6558 6534 6535
f 6558 6535 6559
f 6559 6535 6536
f 6559 6536 6560
f 6560 6536 6515
f 6560 6515 6539
f 6539 6515 6514
f 6537 6561 6538
f 6538 6561 6562
f 6538 6562 6563
f 6561 6537 6564
f 6564 6537 6540
f 6564 6540 6565
f 6565 6540 6541
f 6565 6541 6566
f 6566 6541 6542
f 6566 6542 6567
f 6567 6542 6543
f 6567 6543 6568
f 6568 6543 6544
f 6568 6544 6569
f 6569 6544 6545
f 6569 6545 6570
f 6570 6545 6546
f 6570 6546 6571
f 6571 6546 6547
f 6571 6547 6572
f 6572 6547 6548
f 6572 6548 6573
f 6573 6548 6549
f 6573 6549 6574
f 6574 6549 6550
f 6574 6550 6551
f 6574 6551 6575
f 6575 6551 6552
f 6575 6552 6576
f 6576 6552 6553
f 6576 6553 6577
f 6577 6553 6554
f 6577 6554 6578
f 6578 6554 6555
f 6578 6555 6579
f 6579 6555 6556
f 6579 6556 6580
f 6580 6556 6557
f 6580 6557 6581
f 6581 6557 6558
f 6581 6558 6582
f 6582 6558 6559
f 6582 6559 6583
f 6583 6559 6560
f 6583 6560 6584
f 6584 6560 6539
f 6584 6539 6563
f 6563 6539 6538
f 6561 6585 6562
f 6562 6585 6586
f 6562 6586 6587
f 6585 6561 6588
f 6588 6561 6564
f 6588 6564 6589
f 6589 6564 6565
f 6589 6565 6590
f 6590 6565 6566
f 6590 6566 6591
f 6591 6566 6567
f 6591 6567 6592
f 6592 6567 6568
f 6592 6568 6593
f 6593 6568 6569
f 6593 6569 6594
f 6594 6569 6570
f 6594 6570 6595
f 6595 6570 6571
f 6595 6571 6596
f 6596 6571 6572
f 6596 6572 6597
f 6597 6572 6573
f 6597 6573 6598
f 6598 6573 6574
f 6598 6574 6575
f 6598 6575 6599
f 6599 6575 6576
f 6599 6576 6600
f 6600 6576 6577
f 6600 6577 6601
f 6601 6577 6578
f 6601 6578 6602
f 6602 6578 6579
f 6602 6579 6603
f 6603 6579 6580
f 6603 6580 6604
f 6604 6580 6581
f 6604 6581 6605
f 6605 6581 6582
f 6605 6582 6606
f 6606 6582 6583
f 6606 6583 6607
f 6607 6583 6584
f 6607 6584 6608
f 6608 6584 6563
f 6608 6563 6587
f 6587 6563 6562
f 6585 6609 6586
f 6586 6609 6610
f 6586 6610 6611
f 6609 6585 6612
f 6612 6585 6588
f 6612 6588 6613
f 6613 6588 6589
f 6613 6589 6614
f 6614 6589 6590
f 6614 6590 6615
f 6615 6590 6591
f 6615 6591 6616
f 6616 6591 6592
f 6616 6592 6617
f 6617 6592 6593
f 6617 6593 6618
f 6618 6593 6594
f 6618 6594 6619
f 6619 6594 6595
f 6619 6595 6620
f 6620 6595 6596
f 6620 6596 6621
f 6621 6596 6597
f 6621 6597 6622
f 6622 6597 6598
f 6622 6598 6599
f 6622 6599 6623
f 6623 6599 6600
f 6623 6600 6624
f 6624 6600 6601
f 6624 6601 6625
f 6625 6601 6602
f 6625 6602 6626
f 6626 6602 6603
f 6626 6603 6627
f 6627 6603 6604
f 6627 6604 6628
f 6628 6604 6605
f 6628 6605 6629
f 6629 6605 6606
f 6629 6606 6630
f 6630 6606 6607
f 6630 6607 6631
f 6631 6607 6608
f 6631 6608 6632
f 6632 6608 6587
f 6632 6587 6611
f 6611 6587 6586
f 6609 6633 6610
f 6610 6633 6634
f 6610 6634 6635
f 6633 6609 6636
f 6636 6609 6612
f 6636 6612 6637
f 6637 6612 6613
f 6637 6613 6638
f 6638 6613 6614
f 6638 6614 6639
f 6639 6614 6615
f 6639 6615 6640
f 6640 6615 6616
f 6640 6616 6641
f 6641 6616 6617
f 6641 6617 6642
f 6642 6617 6618
f 6642 6618 6643
f 6643 6618 6619
f 6643 6619 6644
f 6644 6619 6620
f 6644 6620 6645
f 6645 6620 6621
f 6645 6621 6646
f 6646 6621 6622
f 6646 6622 6623
f 6646 6623 6647
f 6647 6623 6624
f 6647 6624 6648
f 6648 6624 6625
f 6648 6625 6649
f 6649 6625 6626
f 6649 6626 6650
f 6650 6626 6627
f 6650 6627 6651
f 6651 6627 6628
f 6651 6628 6652
f 6652 6628 6629
f 6652 6629 6653
f 6653 6629 6630
f 6653 6630 6654
f 6654 6630 6631
f 6654 6631 6655
f 6655 6631 6632
f 6655 6632 6656
f 6656 6632 6611
f 6656 6611 6635
f 6635 6611 6610
f 6633 6657 6634
f 6634 6657 6658
f 6634 6658 6659
f 6657 6633 6660
f 6660 6633 6636
f 6660 6636 6661
f 6661 6636 6637
f 6661 6637 6662
f 6662 6637 6638
f 6662 6638 6663
f 6663 6638 6639
f 6663 6639 6664
f 6664 6639 6640
f 6664 6640 6665
f 6665 6640 6641
f 6665 6641 6666
f 6666 6641 6642
f 6666 6642 6667
f 6667 6642 6643
f 6667 6643 6668
f 6668 6643 6644
f 6668 6644 6669
f 6669 6644 6645
f 6669 6645 6670
f 6670 6645 6646
f 6670 6646 6647
f 6670 6647 6671
f 6671 6647 6648
f 6671 6648 6672
f 6672 6648 6649
f 6672 6649 6673
f 6673 6649 6650
f 6673 6650 6674
f 6674 6650 6651
f 6674 6651 6675
f 6675 6651 6652
f 6675 6652 6676
f 6676 6652 6653
f 6676 6653 6677
f 6677 6653 6654
f 6677 6654 6678
f 6678 6654 6655
f 6678 6655 6679
f 6679 6655 6656
f 6679 6656 6680
f 6680 6656 6635
f 6680 6635 6659
f 6659 6635 6634
f 6657 6681 6658
f 6658 6681 6682
f 6658 6682 6683
f 6681 6657 6684
f 6684 6657 6660
f 6684 6660 6685
f 6685 6660 6661
f 6685 6661 6686
f 6686 6661 6662
f 6686 6662 6687
f 6687 6662 6663
f 6687 6663 6688
f 6688 6663 6664
f 6688 6664 6689
f 6689 6664 6665
f 6689 6665 6690
f 6690 6665 6666
f 6690 6666 6691
f 6691 6666 6667
f 6691 6667 6692
f 6692 6667 6668
f 6692 6668 6693
f 6693 6668 6669
f 6693 6669 6694
f 6694 6669 6670
f 6694 6670 6671
f 6694 6671 6695
f 6695 6671 6672
f 6695 6672 6696
f 6696 6672 6673
f 6696 6673 6697
f 6697 6673 6674
f 6697 6674 6698
f 6698 6674 6675
f 6698 6675 6699
f 6699 6675 6676
f 6699 6676 6700
f 6700 6676 6677
f 6700 6677 6701
f 6701 6677 6678
f 6701 6678 6702
f 6702 6678 6679
f 6702 6679 6703
f 6703 6679 6680
f 6703 6680 6704
f 6704 6680 6659
f 6704 6659 6683
f 6683 6659 6658
f 6681 6705 6682
f 6682 6705 6706
f 6682 6706 6707
f 6705 6681 6708
f 6708 6681 6684
f 6708 6684 6709
f 6709 6684 6685
f 6709 6685 6710
f 6710 6685 6686
f 6710 6686 6711
f 6711 6686 6687
f 6711 6687 6712
f 6712 6687 6688
f 6712 6688 6713
f 6713 6688 6689
f 6713 6689 6714
f 6714 6689 6690
f 6714 6690 6715
f 6715 6690 6691
f 6715 6691 6716
f 6716 6691 6692
f 6716 6692 6717
f 6717 6692 6693
f 6717 6693 6718
f 6718 6693 6694
f 6718 6694 6695
f 6718 6695 6719
f 6719 6695 6696
f 6719 6696 6720
f 6720 6696 6697
f 6720 6697 6721
f 6721 6697 6698
f 6721 6698 6722
f 6722 6698 6699
f 6722 6699 6723
f 6723 6699 6700
f 6723 6700 6724
f 6724 6700 6701
f 6724 6701 6725
f 6725 6701 6702
f 6725 6702 6726
f 6726 6702 6703
f 6726 6703 6727
f 6727 6703 6704
f 6727 6704 6728
f 6728 6704 6683
f 6728 6683 6707
f 6707 6683 6682
f 6705 6729 6706
f 6706 6729 6730
f 6706 6730 6731
f 6729 6705 6732
f 6732 6705 6708
f 6732 6708 6733
f 6733 6708 6709
f 6733 6709 6734
f 6734 6709 6710
f 6734 6710 6735
f 6735 6710 6711
f 6735 6711 6736
f 6736 6711 6712
f 6736 6712 6737
f 6737 6712 6713
f 6737 6713 6738
f 6738 6713 6714
f 6738 6714 6739
f 6739 6714 6715
f 6739 6715 6740
f 6740 6715 6716
f 6740 6716 6741
f 6741 6716 6717
f 6741 6717 6742
f 6742 6717 6718
f 6742 6718 6719
f 6742 6719 6743
f 6743 6719 6720
f 6743 6720 6744
f 6744 6720 6721
f 6744 6721 6745
f 6745 6721 6722
f 6745 6722 6746
f 6746 6722 6723
f 6746 6723 6747
f 6747 6723 6724
f 6747 6724 6748
f 6748 6724 6725
f 6748 6725 6749
f 6749 6725 6726
f 6749 6726 6750
f 6750 6726 6727
f 6750 6727 6751
f 6751 6727 6728
f 6751 6728 6752
f 6752 6728 6707
f 6752 6707 6731
f 6731 6707 6706
f 6729 6753 6730
f 6730 6753 6754
f 6730 6754 6755
f 6753 6729 6756
f 6756 6729 6732
f 6756 6732 6757
f 6757 6732 6733
f 6757 6733 6758
f 6758 6733 6734
f 6758 6734 6759
f 6759 6734 6735
f 6759 6735 6760
f 6760 6735 6736
f 6760 6736 6761
f 6761 6736 6737
f 6761 6737 6762
f 6762 6737 6738
f 6762 6738 6763
f 6763 6738 6739
f 6763 6739 6764
f 6764 6739 6740
f 6764 6740 6765
f 6765 6740 6741
f 6765 6741 6766
f 6766 6741 6742
f 6766 6742 6743
f 6766 6743 6767
f 6767 6743 6744
f 6767 6744 6768
f 6768 6744 6745
f 6768 6745 6769
f 6769 6745 6746
f 6769 6746 6770
f 6770 6746 6747
f 6770 6747 6771
f 6771 6747 6748
f 6771 6748 6772
f 6772 6748 6749
f 6772 6749 6773
f 6773 6749 6750
f 6773 6750 6774
f 6774 6750 6751
f 6774 6751 6775
f 6775 6751 6752
f 6775 6752 6776
f 6776 6752 6731
f 6776 6731 6755
f 6755 6731 6730
f 6753 6777 6754
f 6754 6777 6778
f 6754 6778 6779
f 6777 6753 6780
f 6780 6753 6756
f 6780 6756 6781
f 6781 6756 6757
f 6781 6757 6782
f 6782 6757 6758
f 6782 6758 6783
f 6783 6758 6759
f 6783 6759 6784
f 6784 6759 6760
f 6784 6760 6785
f 6785 6760 6761
f 6785 6761 6786
f 6786 6761 6762
f 6786 6762 6787
f 6787 6762 6763
f 6787 6763 6788
f 6788 6763 6764
f 6788 6764 6789
f 6789 6764 6765
f 6789 6765 6790
f 6790 6765 6766
f 6790 6766 6767
f 6790 6767 6791
f 6791 6767 6768
f 6791 6768 6792
f 6792 6768 6769
f 6792 6769 6793
f 6793 6769 6770
f 6793 6770 6794
f 6794 6770 6771
f 6794 6771 6795
f 6795 6771 6772
f 6795 6772 6796
f 6796 6772 6773
f 6796 6773 6797
f 6797 6773 6774
f 6797 6774 6798
f 6798 6774 6775
f 6798 6775 6799
f 6799 6775 6776
f 6799 6776 6800
f 6800 6776 6755
f 6800 6755 6779
f 6779 6755 6754
f 6777 6801 6778
f 6778 6801 6802
f 6778 6802 6803
f 6801 6777 6804
f 6804 6777 6780
f 6804 6780 6805
f 6805 6780 6781
f 6805 6781 6806
f 6806 6781 6782
f 6806 6782 6807
f 6807 6782 6783
f 6807 6783 6808
f 6808 6783 6784
f 6808 6784 6809
f 6809 6784 6785
f 6809 6785 6810
f 6810 6785 6786
f 6810 6786 6811
f 6811 6786 6787
f 6811 6787 6812
f 6812 6787 6788
f 6812 6788 6813
f 6813 6788 6789
f 6813 6789 6814
f 6814 6789 6790
f 6814 6790 6791
f 6814 6791 6815
f 6815 6791 6792
f 6815 6792 6816
f 6816 6792 6793
f 6816 6793 6817
f 6817 6793 6794
f 6817 6794 6818
f 6818 6794 6795
f 6818 6795 6819
f 6819 6795 6796
f 6819 6796 6820
f 6820 6796 6797
f 6820 6797 6821
f 6821 6797 6798
f 6821 6798 6822
f 6822 6798 6799
f 6822 6799 6823
f 6823 6799 6800
f 6823 6800 6824
f 6824 6800 6779
f 6824 6779 6803
f 6803 6779 6778
f 6801 6825 6802
f 6802 6825 6826
f 6802 6826 6827
f 6825 6801 6828
f 6828 6801 6804
f 6828 6804 6829
f 6829 6804 6805
f 6829 6805 6830
f 6830 6805 6806
f 6830 6806 6831
f 6831 6806 6807
f 6831 6807 6832
f 6832 6807 6808
f 6832 6808 6833
f 6833 6808 6809
f 6833 6809 6834
f 6834 6809 6810
f 6834 6810 6835
f 6835 6810 6811
f 6835 6811 6836
f 6836 6811 6812
f 6836 6812 6837
f 6837 6812 6813
f 6837 6813 6838
f 6838 6813 6814
f 6838 6814 6815
f 6838 6815 6839
f 6839 6815 6816
f 6839 6816 6840
f 6840 6816 6817
f 6840 6817 6841
f 6841 6817 6818
f 6841 6818 6842
f 6842 6818 6819
f 6842 6819 6843
f 6843 6819 6820
f 6843 6820 6844
f 6844 6820 6821
f 6844 6821 6845
f 6845 6821 6822
f 6845 6822 6846
f 6846 6822 6823
f 6846 6823 6847
f 6847 6823 6824
f 6847 6824 6848
f 6848 6824 6803
f 6848 6803 6827
f 6827 6803 6802
f 6825 4303 6826
f 6826 4303 4305
f 6826 4305 6827
f 6827 4305 4352
f 6827 4352 6848
f 6848 4352 4350
f 6848 4350 6847
f 6847 4350 4348
f 6847 4348 6846
f 6846 4348 4346
f 6846 4346 6845
f 6845 4346 4344
f 6845 4344 6844
f 6844 4344 4342
f 6844 4342 6843
f 6843 4342 4340
f 6843 4340 6842
f 6842 4340 4338
f 6842 4338 6841
f 6841 4338 4336
f 6841 4336 6840
f 6840 4336 4334
f 6840 4334 6839
f 6839 4334 4332
f 6839 4332 6838
f 6838 4332 4331
f 6838 4331 6837
f 6837 4331 4329
f 6837 4329 6836
f 6836 4329 4327
f 6836 4327 6835
f 6835 4327 4325
f 6835 4325 6834
f 6834 4325 4323
f 6834 4323 6833
f 6833 4323 4321
f 6833 4321 6832
f 6832 4321 4319
f 6832 4319 6831
f 6831 4319 4317
f 6831 4317 6830
f 6830 4317 4315
f 6830 4315 6829
f 6829 4315 4313
f 6829 4313 6828
f 6828 4313 4311
f 6828 4311 6825
f 6825 4311 4303
# 6848 vertices
# 0 texture params
# 0 normals
# 13676 facets

# 8 groups
