/****************************************************************************
** Resource object code
**
** Created by: The Resource Compiler for Qt version 6.8.1
**
** WARNING! All changes made in this file will be lost!
*****************************************************************************/

#ifdef _MSC_VER
// disable informational message "function ... selected for automatic inline expansion"
#pragma warning (disable: 4711)
#endif

static const unsigned char qt_resource_data[] = {
  // FlowActionArea.qml
  0x0,0x0,0x7,0x8,
  0x28,
  0xb5,0x2f,0xfd,0x60,0xa8,0x1a,0xf5,0x37,0x0,0xba,0x42,0x14,0xc,0x28,0xd0,0x94,
  0x71,0x3,0xe4,0x6e,0x9a,0x92,0x61,0x93,0x65,0x21,0x21,0xe9,0xc8,0xca,0x13,0x1a,
  0xbd,0xc2,0x8c,0xdb,0x17,0x20,0x41,0x60,0xaf,0x90,0x65,0x34,0xcf,0x3,0xfb,0x83,
  0x2b,0x34,0xaa,0x87,0x9a,0x1,0xb1,0x0,0xb1,0x0,0xb8,0x0,0xdf,0xa3,0xd9,0xff,
  0xd1,0xb9,0x85,0x3d,0x63,0xb5,0x35,0x9b,0x71,0x2b,0x9d,0x6c,0x52,0x7c,0x9e,0xde,
  0x2f,0x79,0x2b,0x4e,0xb7,0x9d,0xb9,0xb7,0x68,0x8,0x36,0x8c,0x24,0xea,0xda,0xfe,
  0xec,0xac,0xdb,0x2f,0xde,0xc6,0x7e,0xb1,0x8f,0xdc,0x76,0x35,0x19,0x3a,0xad,0x2a,
  0x9e,0xbf,0x5d,0xb7,0xed,0x38,0xab,0x16,0x46,0xc9,0xa4,0xbd,0x66,0x84,0x92,0x62,
  0x5b,0xbb,0x2f,0xae,0x1e,0xdb,0x9e,0x95,0x1c,0x2b,0xef,0x8c,0xc0,0xf3,0xa9,0xa0,
  0x3a,0x21,0x8d,0xce,0xc4,0x85,0x47,0xa4,0x71,0x51,0xd1,0x91,0x10,0x75,0x80,0x8,
  0x5e,0xfd,0xd9,0x93,0x7a,0xcf,0x2b,0xd6,0xe6,0x6c,0x48,0x15,0x37,0x90,0x45,0xf7,
  0x9d,0xb5,0xad,0x71,0x5b,0x46,0x6b,0x6b,0xbc,0x5c,0x33,0xd6,0xd9,0x55,0x94,0x17,
  0x1a,0xdf,0x8b,0x3c,0x8e,0xe3,0x2e,0x17,0xaa,0x6a,0xff,0xd8,0x52,0x5f,0xf1,0xcf,
  0x7,0xdf,0xb3,0xdd,0x64,0x2d,0x7b,0xd0,0x36,0xd6,0xb1,0x53,0x66,0xca,0x2c,0x65,
  0x62,0xb2,0x8f,0x5d,0xd1,0x3b,0x8d,0x4e,0x2c,0x40,0x80,0xc1,0x25,0x8d,0x4d,0xd,
  0x4b,0x61,0xf,0x23,0xb7,0xbb,0xb,0x10,0x30,0x72,0x31,0x3d,0xcc,0x66,0xfd,0xb5,
  0xb,0xfd,0x6c,0x52,0xe7,0xd1,0x8,0xb7,0xf,0xbd,0xc,0xe6,0x65,0x1e,0xb4,0xef,
  0x54,0xcb,0x22,0x40,0x0,0x1,0x47,0xa3,0x23,0xb3,0xc7,0xde,0xf4,0x10,0x2c,0x52,
  0xbb,0x2e,0x97,0xcb,0xe9,0xdb,0xe6,0xd5,0x99,0x94,0x91,0xdb,0xea,0x71,0x13,0x69,
  0xf7,0xad,0xce,0x5e,0xfa,0x1c,0x95,0x92,0x72,0x1d,0x49,0xed,0xdb,0x95,0x5b,0x7e,
  0xf6,0x59,0xf4,0xe2,0x90,0x8a,0x35,0xd8,0x70,0x93,0x15,0xc2,0x9b,0xd1,0xb9,0xb1,
  0xaa,0x6d,0xe5,0x47,0x29,0xda,0x29,0xb6,0xc3,0xc1,0xe8,0x46,0x9a,0xf7,0xb3,0x5c,
  0x8a,0x46,0xd7,0x9f,0x27,0xeb,0x74,0x11,0xaa,0x37,0xc9,0xa2,0xde,0x70,0x6e,0xb,
  0x7b,0x14,0x51,0x45,0x39,0xda,0x3e,0x2b,0xd9,0x7b,0x76,0xc5,0x7a,0x68,0x54,0x6c,
  0x96,0xe7,0x5d,0xce,0x9c,0x5a,0x33,0x7a,0x63,0xef,0x9b,0x65,0xe9,0xae,0x5b,0x27,
  0x8d,0x1f,0xe1,0x3a,0xa5,0xd8,0x7,0x27,0xef,0x46,0xbb,0x9d,0xdd,0x5c,0x34,0x83,
  0x1a,0xcb,0xfe,0x3a,0x93,0xba,0xca,0xde,0x92,0x58,0xa9,0xf6,0x38,0x3a,0x5f,0x3f,
  0x73,0x76,0xb3,0x8f,0xc2,0xd7,0x64,0x6c,0xa2,0x49,0xdb,0xbc,0x9c,0xbf,0xa4,0x64,
  0x35,0x94,0xc9,0xc8,0x52,0x36,0x1b,0x2b,0x6a,0x93,0x3e,0x68,0xa9,0x3a,0xe9,0xff,
  0x26,0x1,0xfb,0xb5,0xa6,0x3c,0x6c,0x41,0xc1,0x6e,0x20,0xf6,0x4d,0x5a,0x8e,0x78,
  0xb6,0xb7,0x84,0x93,0x2d,0x34,0xee,0x78,0xdc,0x1e,0xc1,0x51,0xaa,0xa7,0x97,0x59,
  0xca,0xe9,0x57,0x4c,0x51,0x4d,0xfe,0x1a,0x39,0x33,0x4e,0x93,0xc2,0x52,0x9c,0x12,
  0x67,0xed,0xb0,0xbd,0xaf,0x2b,0xfa,0xaf,0x64,0xcd,0xe7,0x67,0xa4,0x9a,0xa6,0xb3,
  0xd8,0xf1,0xce,0x1f,0xba,0xd8,0xe1,0xc2,0xed,0xde,0x5b,0x23,0x45,0xd7,0x4a,0x30,
  0xbf,0x6d,0x4c,0xf3,0x2,0xab,0x66,0xfc,0x38,0x34,0x30,0x4c,0x8e,0x72,0x16,0x34,
  0xf,0x49,0xa1,0x90,0x80,0xc0,0x91,0xb9,0x26,0xf5,0x60,0x9a,0x72,0x2a,0xd3,0x6e,
  0xb6,0xd6,0xf6,0xcf,0x5b,0xed,0x69,0xad,0xeb,0xa8,0x22,0x36,0xdb,0x66,0x3f,0xa5,
  0xbe,0x14,0x8c,0x9,0x4b,0x5,0x0,0x1,0x25,0x54,0x47,0xe3,0x5b,0xf5,0x36,0xcb,
  0x51,0x69,0x2d,0xa5,0x7a,0x7f,0x67,0xdc,0xe9,0xaa,0x5d,0x24,0x7a,0xde,0xb3,0xbf,
  0x46,0xf,0x55,0xe1,0xc5,0x56,0x8e,0x92,0x27,0x3,0x3,0x4b,0x7d,0xed,0x2a,0xd9,
  0x5a,0x2a,0xa3,0x6e,0xf5,0xe6,0xbf,0x54,0x8d,0x2b,0x29,0x1d,0x75,0x72,0x52,0xc8,
  0xed,0x20,0xa3,0x8d,0x7,0x51,0xd5,0xd6,0x9e,0x93,0x4e,0xc0,0x9e,0x70,0x1d,0x3f,
  0x6a,0x14,0x89,0xde,0x64,0x5b,0x46,0x8c,0xb,0xa9,0x58,0x82,0x5e,0x9b,0x8d,0x40,
  0x7d,0x3f,0xdb,0x59,0xa3,0xdc,0xf7,0xf3,0x4f,0x5a,0x29,0x4d,0x32,0x93,0x9f,0x3b,
  0x83,0xee,0xa0,0x64,0x50,0x9a,0xbc,0x8b,0xd4,0x87,0x3d,0x67,0xec,0xf4,0xed,0xdb,
  0xbb,0xae,0xd3,0x94,0xde,0x5a,0xb6,0xf4,0x36,0x5b,0x82,0xb3,0xb7,0x52,0x77,0x6e,
  0x16,0x4,0xe5,0xb2,0x13,0xc9,0x55,0x68,0xdb,0x70,0x98,0x18,0x12,0xa6,0x87,0xb1,
  0x58,0x12,0x32,0xa,0x6f,0xd2,0x84,0x70,0xfb,0xa8,0xc4,0x42,0x42,0xb2,0xd,0x98,
  0x85,0x97,0xa1,0xba,0x72,0x85,0x55,0x1f,0xb9,0x1a,0x21,0x29,0x10,0xf,0x95,0x49,
  0x93,0x2,0x81,0xca,0xa8,0xb1,0xa9,0x32,0x34,0x33,0x22,0x22,0x49,0x92,0x42,0x3a,
  0x51,0x8,0x42,0x18,0x8a,0x52,0xb,0xcf,0x1,0x92,0x8,0x2d,0xc8,0x71,0x18,0xc4,
  0x8c,0x41,0x10,0x19,0x41,0x11,0x11,0x11,0x21,0x91,0x28,0x41,0x41,0x92,0x14,0x24,
  0x1d,0xf2,0x45,0x6,0xc0,0x50,0xb8,0xdd,0x22,0xe6,0x23,0xf4,0x5f,0xf4,0x60,0x63,
  0x71,0x7a,0xa4,0x1b,0x31,0xfb,0x8f,0x72,0xd,0xfd,0xfe,0xab,0xdf,0x38,0x8a,0xd9,
  0xb7,0xc4,0x92,0xe3,0x6d,0xc6,0xe7,0x86,0x3d,0x66,0xa4,0x94,0x92,0xbc,0xe9,0x8c,
  0x49,0xf8,0x8f,0xa5,0x95,0x6a,0x4d,0xce,0xc,0x3b,0x52,0xde,0x1,0xa2,0xaa,0xdc,
  0x17,0x7a,0xaa,0x72,0x98,0x72,0xcd,0xd8,0x61,0xa,0x76,0x17,0x8d,0xe4,0x61,0xbf,
  0xa8,0x3c,0xce,0xbe,0x13,0xf7,0xeb,0x84,0x2b,0xfb,0xd2,0x9d,0xe,0x8,0x17,0x2f,
  0x53,0x9d,0xcd,0x92,0x4a,0x94,0x55,0x9c,0xf9,0x60,0x9e,0x4c,0x3b,0xa8,0x52,0x7a,
  0x13,0x39,0x5f,0xe6,0x78,0xb4,0xb3,0x93,0x31,0xf3,0x8c,0x21,0xe,0xa6,0x1b,0x2f,
  0xc6,0x4d,0xbb,0x51,0x5b,0x3d,0xf0,0x7a,0x15,0x2b,0x90,0x30,0x46,0x68,0x68,0x5a,
  0x54,0x4,0x6e,0xf3,0x73,0x37,0x45,0x9e,0x49,0x7b,0x58,0x8b,0xb,0x34,0x6e,0xfa,
  0x4f,0x97,0x58,0x25,0x76,0xc,0xd,0xcd,0x2f,0x23,0x40,0x1f,0xda,0x6,0xca,0x64,
  0xbd,0x5f,0xeb,0x98,0x17,0xf9,0x93,0xe5,0x4a,0xf0,0x77,0x7c,0xc3,0x80,0x78,0xd8,
  0x6b,0xea,0x19,0xc,0x16,0x27,0x55,0xdc,0x29,0x20,0x3b,0x51,0x7,0x66,0x65,0x19,
  0x62,0x88,0x12,0x7,0x4,0x88,0xc8,0x0,0xe0,0x3,0xe4,0x3f,0x1e,0x4d,0x84,0xd6,
  0xd5,0xf2,0x2b,0x50,0x29,0xd9,0x61,0xa9,0x5d,0xc9,0x88,0x43,0xbf,0xc,0x67,0x1f,
  0x80,0x55,0x1c,0x9a,0xf0,0x81,0xf6,0x5,0xd5,0x12,0xff,0x74,0x54,0xb,0x32,0xc7,
  0x6b,0xfe,0x4d,0x54,0xc4,0xdf,0x13,0x6f,0xea,0xd1,0xd0,0x3c,0x9c,0x68,0x82,0xc2,
  0x6b,0xd0,0xe1,0xcb,0x93,0xc7,0x4a,0x96,0xc9,0x2a,0xde,0x8d,0xa8,0xab,0x28,0xfc,
  0xd9,0xa9,0x4d,0xc3,0x59,0xad,0x84,0x8d,0x12,0xc1,0xf4,0xc8,0xd4,0xc,0xfa,0xcd,
  0xa3,0x55,0xd6,0x23,0x87,0xf,0xe9,0x7,0xfb,0x7a,0x52,0x1b,0x6c,0xcc,0x96,0x88,
  0xf5,0xd4,0x9,0xef,0x8c,0x8,0xc4,0x7b,0x53,0xa5,0xe7,0x38,0x59,0xc3,0xfa,0x7a,
  0x22,0xfd,0x4b,0x15,0xb7,0xd7,0x9b,0x77,0xb6,0x61,0x58,0x62,0xd0,0x44,0x31,0xc,
  0x96,0x17,0xc,0x82,0xb7,0x23,0xa4,0x54,0x50,0x5c,0xbe,0xd1,0x2f,0x0,0x38,0xe0,
  0x73,0x79,0x67,0xf7,0xbe,0x22,0x75,0x44,0x9b,0x40,0x37,0x5c,0x1d,0x10,0xe8,0x31,
  0x5a,0x69,0xce,0x47,0x98,0x7b,0x17,0x70,0xe2,0x60,0x50,0xe5,0x2e,0xff,0xb9,0x54,
  0x44,0x5d,0xff,0xb3,0x9f,0x4a,0x90,0x28,0xd5,0x86,0xd2,0xbc,0x21,0xe6,0x95,0x92,
  0x4c,0xd5,0x95,0x67,0x7a,0x20,0xa6,0xac,0x5a,0xd8,0x90,0x49,0x9b,0x67,0xf3,0xe1,
  0x4c,0x91,0x64,0xfb,0x2,0xc2,0x8,0x36,0x89,0x94,0x5b,0x6a,0x29,0xd4,0x5,0x2,
  0x9a,0x1b,0xd8,0xaa,0x88,0x6f,0x73,0x3,0xea,0x80,0xe3,0x6a,0x88,0x19,0xfe,0xfc,
  0x9,0xbe,0x35,0x97,0x4a,0x16,0xdb,0x2,0xda,0x9d,0x87,0xf1,0x2b,0x6c,0x3d,0xe0,
  0x77,0xca,0xb8,0xd7,0xbc,0xb7,0xe5,0xb0,0x16,0x75,0x81,0xf,0xa2,0x51,0x3e,0xf,
  0xa4,0xab,0x6e,0xe0,0xba,0xfd,0x5c,0x70,0x3f,0xa2,0xba,0x8a,0xd1,0x42,0x4a,0x36,
  0xc4,0xde,0xac,0x31,0x6e,0xa,0x84,0x8c,0xf8,0xda,0xdd,0xf9,0x4d,0x67,0x63,0xa2,
  0xc,0x23,0xf6,0x86,0xd4,0xc0,0xd7,0xe,0x4,0x3c,0x6b,0x40,0xfe,0x8c,0x6a,0x2c,
  0xf3,0x6f,0x33,0xea,0xd3,0x92,0xb3,0xce,0xe6,0xe6,0xb7,0x3e,0xb,0x9e,0xcb,0x3b,
  0x55,0x87,0x77,0x12,0x97,0xd8,0x4d,0x36,0x76,0x5c,0xbb,0xea,0xd0,0x46,0x6,0x29,
  0x76,0x84,0x49,0xd3,0xb7,0x18,0xa7,0xcc,0x7a,0xcb,0x8d,0xaf,0xa3,0xa5,0x94,0x15,
  0xf0,0x4a,0x8d,0x8,0xb8,0xea,0xaa,0x53,0xca,0x2f,0x5b,0x5a,0x1a,0x28,0x8d,0x64,
  0xec,0x83,0x82,0xa6,0xf7,0xe5,0xe4,0xc9,0x56,0x8b,0x71,0xc7,0xc5,0xe8,0x5a,0x62,
  0xf7,0x93,0xc1,0xc1,0x9f,0x8b,0xb5,0x42,0xd6,0x70,0x20,0xf6,0x2d,0x95,0x8c,0xb,
  0x26,0x8,0x91,0x6d,0x14,0xed,0x8f,0xbc,0x30,0x89,0x95,0x94,0xe4,0x59,0xc1,0x99,
  0x97,0xc1,0x36,0xd4,0xc6,0xc6,0x63,0x57,0xc6,0xe4,0x56,0x2b,0x1d,0x8e,0x5b,0x8b,
  0x56,0x75,0x52,0xda,0x4,0x36,0x8c,0xad,0x89,0x9,0x16,0x3e,0xd9,0xd3,0x42,0x5d,
  0x34,0xce,0x64,0x36,0x39,0x4,0x32,0x53,0x62,0xe3,0xb,0x92,0x2b,0x35,0x10,0xb9,
  0x1,0x12,0x77,0xd6,0xf9,0x3,0x63,0x3b,0x80,0x97,0x6f,0x0,0xb3,0x58,0xc1,0x7,
  0x5,0xc6,0x5a,0xfe,0x7d,0x72,0xea,0x26,0x3,0x31,0x2b,0x5a,0x37,0x19,0xf4,0x9d,
  0x1e,0xcc,0x20,0x8c,0xe5,0x9b,0x7c,0x7d,0x85,0x9a,0x8e,0x1c,0xc9,0xdb,0xd5,0x0,
  0x9c,0x38,0x2,0xab,0x7e,0xa3,0xcd,0x6a,0x48,0x3a,0x71,0x74,0x30,0xed,0xc9,0x63,
  0x5d,0x4f,0x82,0x5c,0x1e,0x6f,0xe6,0x6c,0x7a,0x72,0xa,0x4d,0x4d,0xc,0xfa,0x5f,
  0xa7,0x8d,0x2c,0xdd,0x9,0xe6,0xa3,0x94,0xfe,0x90,0x48,0x4c,0x19,0x8d,0x55,0xd9,
  0x25,0x8c,0x76,0x1a,0xfb,0xc3,0x10,0x76,0x28,0x7,0xc0,0xb3,0xe0,0xe8,0x20,0xb4,
  0x39,0x4f,0xcc,0x25,0xe,0xf5,0x2c,0x5a,0xac,0x70,0x6,0xb3,0xd8,0x2e,0xd8,0x87,
  0xa3,0x64,0xc0,0x25,0xa8,0xe0,0x12,0xde,0xe6,0x54,0x2d,0x93,0x44,0x1d,0xda,0x1d,
  0x31,0xf2,0x6,0xd4,0xb2,0x25,0xc,0x86,0x8d,0x1c,0x8d,0x2d,0x7d,0x85,0x46,0x35,
  0x6f,0x49,0xc6,0xf3,0x2a,0xa,0x71,0xb,0x68,0x1f,0x24,0x7a,0x4f,0x68,0xa4,0x6f,
  0x3,0xf,0x15,0x3a,0xe9,0x68,0x4a,0x2f,0xb3,0xb0,0xe9,0x9d,0xac,0x3f,0xf7,0x70,
  0x72,0xb7,0x56,0xd3,0x2a,0x73,0x75,0xa6,0x5b,0x6d,0x28,0xda,0xd9,0xde,0xf,0xd3,
  0xd8,0x94,0xae,0xf2,0xe,0x94,0x56,0x4,0x33,0xf0,0x78,0xb3,0x4,0xff,0x5a,0xa2,
  0x8,0xfb,0xfa,0x11,0xc4,0x2,0x58,0xab,0x3a,0x0,0x70,0xd0,0xfd,0x4b,0xb3,0xf1,
  0x12,0xf5,0x7b,0x28,0x4d,0x28,0x6d,0x2d,0x61,0x1,0xc6,0x9d,0x2b,0xe7,0xe3,0xed,
  0x96,0x1f,0x57,0xf,0x69,0xd6,0x1d,
    // FlowPushRightEffect.qml
  0x0,0x0,0x3,0xab,
  0x28,
  0xb5,0x2f,0xfd,0x60,0xbc,0xe,0xd,0x1d,0x0,0x6,0x6c,0x7e,0x26,0x10,0x73,0x9b,
  0x3,0x6,0x9c,0x46,0x2d,0x91,0x33,0xda,0xc2,0x14,0xb3,0x26,0x6f,0x2e,0xa0,0xa8,
  0x56,0xc,0xfc,0x57,0x6,0x67,0xf2,0xfa,0x7f,0x7b,0x26,0x23,0x2d,0x22,0x0,0xb0,
  0x0,0x7,0x1,0x79,0x0,0x69,0x0,0x73,0x0,0xec,0x6d,0x5d,0x62,0xe,0xbd,0x6d,
  0xe,0x46,0x8f,0xaa,0x50,0xc6,0x8c,0xeb,0xc4,0x5d,0x2e,0x63,0x95,0xa4,0x81,0x89,
  0x8a,0x8b,0x53,0xb9,0xa0,0xa8,0x3c,0x44,0x4c,0x6c,0x50,0x44,0x5c,0x2a,0xe,0x1b,
  0x18,0x16,0x3,0x2b,0xf6,0xd3,0x7,0x59,0x1f,0xb4,0x51,0x21,0xde,0xc1,0x96,0xb2,
  0x78,0xe0,0x9b,0x73,0x7a,0xdc,0xab,0xdb,0xe7,0x71,0x23,0x8c,0x8,0xf4,0x36,0x3e,
  0x65,0xeb,0x22,0x70,0x57,0x7b,0xac,0xaa,0xaa,0x22,0x11,0x27,0x4e,0xdd,0xd1,0x9d,
  0x66,0xd9,0x6f,0xb5,0x9e,0x78,0xe6,0xe5,0x24,0xc1,0x87,0xb7,0xc5,0x35,0xc2,0x78,
  0x33,0x69,0x26,0x2f,0x78,0x20,0x78,0x47,0xd0,0x72,0x66,0x82,0xf,0x7,0x8,0x30,
  0x88,0x4,0x6c,0x1d,0x7,0x55,0x71,0x97,0xac,0x4f,0x2f,0xcf,0xa0,0xb8,0x50,0x8,
  0x9d,0x7f,0x33,0x4d,0x89,0xe1,0xf3,0x96,0x35,0x6a,0xa6,0x1e,0x4,0xd5,0xf8,0xf8,
  0xe0,0xf6,0xb6,0xf6,0xce,0xd0,0xf2,0xd5,0x5e,0x9e,0x82,0x99,0x3f,0xd5,0xaa,0x95,
  0xe3,0x69,0xf7,0x72,0xf5,0xa6,0x6f,0xd9,0xa3,0xc4,0xda,0x6f,0x7f,0x90,0x71,0x8a,
  0xd9,0xce,0xc7,0xda,0x2e,0x7f,0xc0,0xf0,0xca,0x59,0xf5,0x3,0x2f,0x9a,0xb6,0xc5,
  0x40,0x9e,0xde,0x4f,0x25,0x55,0x86,0xf2,0x1a,0xf5,0xa3,0xde,0xea,0xca,0x5e,0x36,
  0x86,0x8c,0xe5,0xeb,0x6b,0xa4,0x9e,0x49,0xe9,0xd1,0x5,0xfa,0xd6,0xa9,0xb4,0x18,
  0xab,0x91,0xac,0x49,0x5b,0xbc,0x19,0x4e,0xd2,0x2,0x4,0xc,0x40,0x50,0x54,0x9c,
  0xd4,0xd1,0x6a,0x16,0x5,0xc1,0x4d,0x50,0x24,0x2,0x31,0x5c,0xd4,0x83,0x54,0x72,
  0x6e,0xab,0x47,0x5e,0xca,0x43,0x99,0xa9,0xf8,0xf4,0xb0,0xa1,0xb7,0x15,0x74,0xe,
  0x56,0xba,0x18,0xe5,0x6b,0x4c,0x75,0x15,0x5f,0xf,0x84,0xb2,0x83,0xe5,0xf4,0xa6,
  0x8d,0x72,0x8c,0xb2,0xde,0x72,0x6a,0x14,0xa7,0xc7,0x5c,0xed,0x51,0xd0,0xa2,0x6c,
  0x79,0x5,0x42,0x22,0xc3,0xf1,0xa6,0x13,0x6b,0xa7,0x7b,0xc1,0x4,0xcf,0x9d,0x4,
  0x67,0x78,0x4a,0x64,0xc5,0x3c,0x90,0xb5,0x3d,0xea,0x4d,0x39,0x1a,0x2,0x0,0x1,
  0x21,0xb,0xa,0x92,0x4,0x9,0xa5,0x99,0xdc,0x49,0x8d,0xba,0x6d,0xb5,0x10,0x42,
  0xa8,0x47,0xe0,0x43,0xe0,0xce,0xe5,0xc9,0xa8,0x44,0xd3,0x48,0xda,0xd3,0xe6,0x8e,
  0x4a,0xc9,0x96,0x78,0xa7,0x43,0x16,0x14,0x12,0x28,0xb0,0x27,0x92,0x76,0x44,0x3f,
  0x95,0x20,0x3f,0x1b,0x1b,0xab,0xd2,0xd5,0xd8,0xf8,0x92,0xfb,0xc,0x6f,0x85,0x38,
  0x7b,0x49,0x9a,0x89,0x82,0xc,0x39,0x4d,0x9b,0xb3,0x2f,0x1e,0x6c,0x14,0x26,0x77,
  0x98,0x6a,0x99,0x5e,0x96,0x13,0x94,0xdc,0x51,0x97,0x2c,0xde,0xa5,0xf2,0x33,0xcd,
  0x3a,0x41,0x9e,0xf4,0x4e,0xdb,0xff,0x7,0x8,0x0,0x79,0x33,0x7d,0x9e,0x4a,0x5,
  0x9d,0xa5,0x59,0x92,0x7,0x80,0xb2,0xa0,0x91,0x31,0x43,0x33,0x52,0x13,0xa4,0x20,
  0x29,0x48,0x86,0x3,0x40,0x84,0x10,0x52,0x47,0xb7,0x1,0x9a,0xc,0x28,0xd5,0x52,
  0xec,0xb,0xd,0x4c,0x45,0xab,0x4f,0x7f,0xe3,0x22,0x1b,0x45,0x14,0xe1,0xc9,0x70,
  0x43,0xe2,0xd2,0xb9,0xcb,0x26,0xf2,0x85,0x60,0x27,0x51,0xea,0x93,0xde,0x2,0x96,
  0x64,0xf0,0x11,0x13,0x1b,0xa6,0x88,0x40,0x22,0x48,0xe8,0xd8,0x95,0x34,0xe3,0x61,
  0xda,0xaf,0x10,0x87,0x34,0xbc,0xe2,0xe9,0xd1,0x28,0x6d,0x12,0x85,0x51,0x25,0x61,
  0x8d,0x75,0xf1,0x9e,0xf2,0xbe,0x3b,0xe3,0x6,0xe3,0x17,0x9a,0x0,0x0,0xfd,0xbc,
  0xc3,0xef,0x38,0xd6,0x65,0x0,0x6d,0xc8,0x9a,0x8c,0x80,0xbd,0x13,0x60,0x45,0x1a,
  0xe4,0x5e,0x79,0xd4,0x46,0x1c,0x59,0xa6,0x39,0x1f,0x43,0x53,0x67,0xe9,0x6c,0xb1,
  0x2,0x3,0x31,0x3b,0x6d,0x6f,0x19,0x5b,0x10,0x8d,0x1e,0xa0,0xd0,0xef,0xcc,0x46,
  0x10,0x7f,0xe6,0x8e,0xf3,0x7a,0xee,0xb7,0xcf,0xf1,0xe,0x8f,0x70,0xbd,0x21,0xb4,
  0x5b,0xa2,0xff,0x5f,0x18,0xe6,0x61,0xbf,0x49,0x13,0x3f,0x50,0xed,0x5f,0x87,0xd0,
  0x2b,0xe4,0x43,0x9b,0x8f,0xaf,0x6c,0x41,0xfe,0xdb,0x1,0xc2,0x40,0xf9,0x26,0x39,
  0xf4,0x4a,0x2,0x22,0x8c,0xc2,0xe1,0xd0,0x80,0x7c,0x47,0x4,0x92,0x68,0x43,0x5f,
  0xae,0x41,0x5d,0x27,0x6,0x38,0x69,0xa5,0xa7,0xb5,0xb9,0x16,0x2,0xf9,0xb1,0xe3,
  0xdd,0xe4,0x27,0x63,0xaf,0xe9,0x86,0xfa,0xb6,0xd2,0xd9,0x96,0x9f,0x5,0xe0,0x8f,
  0x4c,0x7d,0x36,0x8c,0xb,0x2b,0x3f,0x8e,0xf,0xb2,0xe,0xc,0xd9,0xd2,0x20,0x55,
  0x97,0x40,0xb,0xb9,0x6,0x4c,0x84,0xa0,0x22,0x7,0x1b,0xcc,0x59,0x5,0xb3,0x43,
  0x1c,0x6f,0x5f,0x98,0x40,0xd3,0xb7,0x7d,0x16,0xca,0xe7,0xb2,0x3a,0x5f,0x70,0xed,
  0x7a,0xb7,0x5c,0x15,0xc6,0x93,0x5b,0xa1,0x57,0x47,0x24,0xf9,0x78,0x30,0xf4,0x92,
  0x1a,0x18,0xe,0xc8,0xb9,0x6c,0x29,0x22,0x24,0x79,0xe1,0x5d,0xca,0xf8,0x9b,0xa5,
  0x19,0x6f,0x4f,0xdc,0xa,0xee,0x3a,0x40,0x42,0x56,0xd8,0x40,0x71,0x2b,0x1d,0x4f,
  0x79,0x49,0xdb,0x6d,0xda,0xd9,0xa4,0xa1,0xe7,0x81,0xcb,0xb0,0x34,0x2b,0xca,0xdc,
  0x77,0x7f,0xdf,0x70,0xa,0x95,0x6c,0xf,0x76,0xd3,0x5f,0x5,0x4d,0x28,0xa9,0x23,
  0xcc,0x84,0xc7,0x9c,0x25,0x9b,0xd2,0x1a,0x6c,0x32,0x22,0xd0,0xca,0xf0,0x4b,0x85,
  0x14,0xd0,0x6,0xdd,0x17,0x92,0x3,0xf3,0xfb,0x6b,0x4f,0x7d,0x13,0x6d,0x4b,0x8d,
  0x43,0xa9,0xee,0x68,0x2e,0x1d,0x88,0xa8,0xbb,0x3,
    // SwipeInteraction.qml
  0x0,0x0,0x11,0x0,
  0x2f,
  0x2a,0x2a,0x2a,0x2a,0x2a,0x2a,0x2a,0x2a,0x2a,0x2a,0x2a,0x2a,0x2a,0x2a,0x2a,0x2a,
  0x2a,0x2a,0x2a,0x2a,0x2a,0x2a,0x2a,0x2a,0x2a,0x2a,0x2a,0x2a,0x2a,0x2a,0x2a,0x2a,
  0x2a,0x2a,0x2a,0x2a,0x2a,0x2a,0x2a,0x2a,0x2a,0x2a,0x2a,0x2a,0x2a,0x2a,0x2a,0x2a,
  0x2a,0x2a,0x2a,0x2a,0x2a,0x2a,0x2a,0x2a,0x2a,0x2a,0x2a,0x2a,0x2a,0x2a,0x2a,0x2a,
  0x2a,0x2a,0x2a,0x2a,0x2a,0x2a,0x2a,0x2a,0x2a,0x2a,0x2a,0x2a,0xd,0xa,0x2a,0x2a,
  0xd,0xa,0x2a,0x2a,0x20,0x43,0x6f,0x70,0x79,0x72,0x69,0x67,0x68,0x74,0x20,0x28,
  0x43,0x29,0x20,0x32,0x30,0x32,0x30,0x20,0x54,0x68,0x65,0x20,0x51,0x74,0x20,0x43,
  0x6f,0x6d,0x70,0x61,0x6e,0x79,0x20,0x4c,0x74,0x64,0x2e,0xd,0xa,0x2a,0x2a,0x20,
  0x43,0x6f,0x6e,0x74,0x61,0x63,0x74,0x3a,0x20,0x68,0x74,0x74,0x70,0x73,0x3a,0x2f,
  0x2f,0x77,0x77,0x77,0x2e,0x71,0x74,0x2e,0x69,0x6f,0x2f,0x6c,0x69,0x63,0x65,0x6e,
  0x73,0x69,0x6e,0x67,0x2f,0xd,0xa,0x2a,0x2a,0xd,0xa,0x2a,0x2a,0x20,0x54,0x68,
  0x69,0x73,0x20,0x66,0x69,0x6c,0x65,0x20,0x69,0x73,0x20,0x70,0x61,0x72,0x74,0x20,
  0x6f,0x66,0x20,0x51,0x74,0x20,0x51,0x75,0x69,0x63,0x6b,0x20,0x44,0x65,0x73,0x69,
  0x67,0x6e,0x65,0x72,0x20,0x43,0x6f,0x6d,0x70,0x6f,0x6e,0x65,0x6e,0x74,0x73,0x2e,
  0xd,0xa,0x2a,0x2a,0xd,0xa,0x2a,0x2a,0x20,0x24,0x51,0x54,0x5f,0x42,0x45,0x47,
  0x49,0x4e,0x5f,0x4c,0x49,0x43,0x45,0x4e,0x53,0x45,0x3a,0x47,0x50,0x4c,0x24,0xd,
  0xa,0x2a,0x2a,0x20,0x43,0x6f,0x6d,0x6d,0x65,0x72,0x63,0x69,0x61,0x6c,0x20,0x4c,
  0x69,0x63,0x65,0x6e,0x73,0x65,0x20,0x55,0x73,0x61,0x67,0x65,0xd,0xa,0x2a,0x2a,
  0x20,0x4c,0x69,0x63,0x65,0x6e,0x73,0x65,0x65,0x73,0x20,0x68,0x6f,0x6c,0x64,0x69,
  0x6e,0x67,0x20,0x76,0x61,0x6c,0x69,0x64,0x20,0x63,0x6f,0x6d,0x6d,0x65,0x72,0x63,
  0x69,0x61,0x6c,0x20,0x51,0x74,0x20,0x6c,0x69,0x63,0x65,0x6e,0x73,0x65,0x73,0x20,
  0x6d,0x61,0x79,0x20,0x75,0x73,0x65,0x20,0x74,0x68,0x69,0x73,0x20,0x66,0x69,0x6c,
  0x65,0x20,0x69,0x6e,0xd,0xa,0x2a,0x2a,0x20,0x61,0x63,0x63,0x6f,0x72,0x64,0x61,
  0x6e,0x63,0x65,0x20,0x77,0x69,0x74,0x68,0x20,0x74,0x68,0x65,0x20,0x63,0x6f,0x6d,
  0x6d,0x65,0x72,0x63,0x69,0x61,0x6c,0x20,0x6c,0x69,0x63,0x65,0x6e,0x73,0x65,0x20,
  0x61,0x67,0x72,0x65,0x65,0x6d,0x65,0x6e,0x74,0x20,0x70,0x72,0x6f,0x76,0x69,0x64,
  0x65,0x64,0x20,0x77,0x69,0x74,0x68,0x20,0x74,0x68,0x65,0xd,0xa,0x2a,0x2a,0x20,
  0x53,0x6f,0x66,0x74,0x77,0x61,0x72,0x65,0x20,0x6f,0x72,0x2c,0x20,0x61,0x6c,0x74,
  0x65,0x72,0x6e,0x61,0x74,0x69,0x76,0x65,0x6c,0x79,0x2c,0x20,0x69,0x6e,0x20,0x61,
  0x63,0x63,0x6f,0x72,0x64,0x61,0x6e,0x63,0x65,0x20,0x77,0x69,0x74,0x68,0x20,0x74,
  0x68,0x65,0x20,0x74,0x65,0x72,0x6d,0x73,0x20,0x63,0x6f,0x6e,0x74,0x61,0x69,0x6e,
  0x65,0x64,0x20,0x69,0x6e,0xd,0xa,0x2a,0x2a,0x20,0x61,0x20,0x77,0x72,0x69,0x74,
  0x74,0x65,0x6e,0x20,0x61,0x67,0x72,0x65,0x65,0x6d,0x65,0x6e,0x74,0x20,0x62,0x65,
  0x74,0x77,0x65,0x65,0x6e,0x20,0x79,0x6f,0x75,0x20,0x61,0x6e,0x64,0x20,0x54,0x68,
  0x65,0x20,0x51,0x74,0x20,0x43,0x6f,0x6d,0x70,0x61,0x6e,0x79,0x2e,0x20,0x46,0x6f,
  0x72,0x20,0x6c,0x69,0x63,0x65,0x6e,0x73,0x69,0x6e,0x67,0x20,0x74,0x65,0x72,0x6d,
  0x73,0xd,0xa,0x2a,0x2a,0x20,0x61,0x6e,0x64,0x20,0x63,0x6f,0x6e,0x64,0x69,0x74,
  0x69,0x6f,0x6e,0x73,0x20,0x73,0x65,0x65,0x20,0x68,0x74,0x74,0x70,0x73,0x3a,0x2f,
  0x2f,0x77,0x77,0x77,0x2e,0x71,0x74,0x2e,0x69,0x6f,0x2f,0x74,0x65,0x72,0x6d,0x73,
  0x2d,0x63,0x6f,0x6e,0x64,0x69,0x74,0x69,0x6f,0x6e,0x73,0x2e,0x20,0x46,0x6f,0x72,
  0x20,0x66,0x75,0x72,0x74,0x68,0x65,0x72,0xd,0xa,0x2a,0x2a,0x20,0x69,0x6e,0x66,
  0x6f,0x72,0x6d,0x61,0x74,0x69,0x6f,0x6e,0x20,0x75,0x73,0x65,0x20,0x74,0x68,0x65,
  0x20,0x63,0x6f,0x6e,0x74,0x61,0x63,0x74,0x20,0x66,0x6f,0x72,0x6d,0x20,0x61,0x74,
  0x20,0x68,0x74,0x74,0x70,0x73,0x3a,0x2f,0x2f,0x77,0x77,0x77,0x2e,0x71,0x74,0x2e,
  0x69,0x6f,0x2f,0x63,0x6f,0x6e,0x74,0x61,0x63,0x74,0x2d,0x75,0x73,0x2e,0xd,0xa,
  0x2a,0x2a,0xd,0xa,0x2a,0x2a,0x20,0x47,0x4e,0x55,0x20,0x47,0x65,0x6e,0x65,0x72,
  0x61,0x6c,0x20,0x50,0x75,0x62,0x6c,0x69,0x63,0x20,0x4c,0x69,0x63,0x65,0x6e,0x73,
  0x65,0x20,0x55,0x73,0x61,0x67,0x65,0xd,0xa,0x2a,0x2a,0x20,0x41,0x6c,0x74,0x65,
  0x72,0x6e,0x61,0x74,0x69,0x76,0x65,0x6c,0x79,0x2c,0x20,0x74,0x68,0x69,0x73,0x20,
  0x66,0x69,0x6c,0x65,0x20,0x6d,0x61,0x79,0x20,0x62,0x65,0x20,0x75,0x73,0x65,0x64,
  0x20,0x75,0x6e,0x64,0x65,0x72,0x20,0x74,0x68,0x65,0x20,0x74,0x65,0x72,0x6d,0x73,
  0x20,0x6f,0x66,0x20,0x74,0x68,0x65,0x20,0x47,0x4e,0x55,0xd,0xa,0x2a,0x2a,0x20,
  0x47,0x65,0x6e,0x65,0x72,0x61,0x6c,0x20,0x50,0x75,0x62,0x6c,0x69,0x63,0x20,0x4c,
  0x69,0x63,0x65,0x6e,0x73,0x65,0x20,0x76,0x65,0x72,0x73,0x69,0x6f,0x6e,0x20,0x33,
  0x20,0x6f,0x72,0x20,0x28,0x61,0x74,0x20,0x79,0x6f,0x75,0x72,0x20,0x6f,0x70,0x74,
  0x69,0x6f,0x6e,0x29,0x20,0x61,0x6e,0x79,0x20,0x6c,0x61,0x74,0x65,0x72,0x20,0x76,
  0x65,0x72,0x73,0x69,0x6f,0x6e,0xd,0xa,0x2a,0x2a,0x20,0x61,0x70,0x70,0x72,0x6f,
  0x76,0x65,0x64,0x20,0x62,0x79,0x20,0x74,0x68,0x65,0x20,0x4b,0x44,0x45,0x20,0x46,
  0x72,0x65,0x65,0x20,0x51,0x74,0x20,0x46,0x6f,0x75,0x6e,0x64,0x61,0x74,0x69,0x6f,
  0x6e,0x2e,0x20,0x54,0x68,0x65,0x20,0x6c,0x69,0x63,0x65,0x6e,0x73,0x65,0x73,0x20,
  0x61,0x72,0x65,0x20,0x61,0x73,0x20,0x70,0x75,0x62,0x6c,0x69,0x73,0x68,0x65,0x64,
  0x20,0x62,0x79,0xd,0xa,0x2a,0x2a,0x20,0x74,0x68,0x65,0x20,0x46,0x72,0x65,0x65,
  0x20,0x53,0x6f,0x66,0x74,0x77,0x61,0x72,0x65,0x20,0x46,0x6f,0x75,0x6e,0x64,0x61,
  0x74,0x69,0x6f,0x6e,0x20,0x61,0x6e,0x64,0x20,0x61,0x70,0x70,0x65,0x61,0x72,0x69,
  0x6e,0x67,0x20,0x69,0x6e,0x20,0x74,0x68,0x65,0x20,0x66,0x69,0x6c,0x65,0x20,0x4c,
  0x49,0x43,0x45,0x4e,0x53,0x45,0x2e,0x47,0x50,0x4c,0x33,0xd,0xa,0x2a,0x2a,0x20,
  0x69,0x6e,0x63,0x6c,0x75,0x64,0x65,0x64,0x20,0x69,0x6e,0x20,0x74,0x68,0x65,0x20,
  0x70,0x61,0x63,0x6b,0x61,0x67,0x69,0x6e,0x67,0x20,0x6f,0x66,0x20,0x74,0x68,0x69,
  0x73,0x20,0x66,0x69,0x6c,0x65,0x2e,0x20,0x50,0x6c,0x65,0x61,0x73,0x65,0x20,0x72,
  0x65,0x76,0x69,0x65,0x77,0x20,0x74,0x68,0x65,0x20,0x66,0x6f,0x6c,0x6c,0x6f,0x77,
  0x69,0x6e,0x67,0xd,0xa,0x2a,0x2a,0x20,0x69,0x6e,0x66,0x6f,0x72,0x6d,0x61,0x74,
  0x69,0x6f,0x6e,0x20,0x74,0x6f,0x20,0x65,0x6e,0x73,0x75,0x72,0x65,0x20,0x74,0x68,
  0x65,0x20,0x47,0x4e,0x55,0x20,0x47,0x65,0x6e,0x65,0x72,0x61,0x6c,0x20,0x50,0x75,
  0x62,0x6c,0x69,0x63,0x20,0x4c,0x69,0x63,0x65,0x6e,0x73,0x65,0x20,0x72,0x65,0x71,
  0x75,0x69,0x72,0x65,0x6d,0x65,0x6e,0x74,0x73,0x20,0x77,0x69,0x6c,0x6c,0xd,0xa,
  0x2a,0x2a,0x20,0x62,0x65,0x20,0x6d,0x65,0x74,0x3a,0x20,0x68,0x74,0x74,0x70,0x73,
  0x3a,0x2f,0x2f,0x77,0x77,0x77,0x2e,0x67,0x6e,0x75,0x2e,0x6f,0x72,0x67,0x2f,0x6c,
  0x69,0x63,0x65,0x6e,0x73,0x65,0x73,0x2f,0x67,0x70,0x6c,0x2d,0x33,0x2e,0x30,0x2e,
  0x68,0x74,0x6d,0x6c,0x2e,0xd,0xa,0x2a,0x2a,0xd,0xa,0x2a,0x2a,0x20,0x24,0x51,
  0x54,0x5f,0x45,0x4e,0x44,0x5f,0x4c,0x49,0x43,0x45,0x4e,0x53,0x45,0x24,0xd,0xa,
  0x2a,0x2a,0xd,0xa,0x2a,0x2a,0x2a,0x2a,0x2a,0x2a,0x2a,0x2a,0x2a,0x2a,0x2a,0x2a,
  0x2a,0x2a,0x2a,0x2a,0x2a,0x2a,0x2a,0x2a,0x2a,0x2a,0x2a,0x2a,0x2a,0x2a,0x2a,0x2a,
  0x2a,0x2a,0x2a,0x2a,0x2a,0x2a,0x2a,0x2a,0x2a,0x2a,0x2a,0x2a,0x2a,0x2a,0x2a,0x2a,
  0x2a,0x2a,0x2a,0x2a,0x2a,0x2a,0x2a,0x2a,0x2a,0x2a,0x2a,0x2a,0x2a,0x2a,0x2a,0x2a,
  0x2a,0x2a,0x2a,0x2a,0x2a,0x2a,0x2a,0x2a,0x2a,0x2a,0x2a,0x2a,0x2a,0x2a,0x2a,0x2a,
  0x2f,0xd,0xa,0xd,0xa,0xd,0xa,0x69,0x6d,0x70,0x6f,0x72,0x74,0x20,0x51,0x74,
  0x51,0x75,0x69,0x63,0x6b,0x20,0x32,0x2e,0x31,0x32,0xd,0xa,0x69,0x6d,0x70,0x6f,
  0x72,0x74,0x20,0x54,0x72,0x61,0x6e,0x73,0x69,0x74,0x69,0x6f,0x6e,0x49,0x74,0x65,
  0x6d,0x20,0x31,0x2e,0x30,0xd,0xa,0x69,0x6d,0x70,0x6f,0x72,0x74,0x20,0x51,0x74,
  0x51,0x75,0x69,0x63,0x6b,0x2e,0x43,0x6f,0x6e,0x74,0x72,0x6f,0x6c,0x73,0x20,0x32,
  0x2e,0x33,0xd,0xa,0x69,0x6d,0x70,0x6f,0x72,0x74,0x20,0x51,0x74,0x51,0x75,0x69,
  0x63,0x6b,0x2e,0x54,0x69,0x6d,0x65,0x6c,0x69,0x6e,0x65,0x20,0x31,0x2e,0x30,0xd,
  0xa,0xd,0xa,0x49,0x74,0x65,0x6d,0x20,0x7b,0xd,0xa,0x20,0x20,0x20,0x20,0x69,
  0x64,0x3a,0x20,0x72,0x6f,0x6f,0x74,0xd,0xa,0x20,0x20,0x20,0x20,0x70,0x72,0x6f,
  0x70,0x65,0x72,0x74,0x79,0x20,0x76,0x61,0x72,0x20,0x74,0x72,0x61,0x6e,0x73,0x69,
  0x74,0x69,0x6f,0x6e,0x56,0x69,0x65,0x77,0xd,0xa,0x20,0x20,0x20,0x20,0x70,0x72,
  0x6f,0x70,0x65,0x72,0x74,0x79,0x20,0x76,0x61,0x72,0x20,0x6c,0x69,0x73,0x74,0xd,
  0xa,0x20,0x20,0x20,0x20,0x70,0x61,0x72,0x65,0x6e,0x74,0x3a,0x20,0x72,0x6f,0x6f,
  0x74,0x2e,0x74,0x72,0x61,0x6e,0x73,0x69,0x74,0x69,0x6f,0x6e,0x56,0x69,0x65,0x77,
  0xd,0xa,0x20,0x20,0x20,0x20,0x61,0x6e,0x63,0x68,0x6f,0x72,0x73,0x2e,0x66,0x69,
  0x6c,0x6c,0x3a,0x20,0x70,0x61,0x72,0x65,0x6e,0x74,0xd,0xa,0x20,0x20,0x20,0x20,
  0x7a,0x3a,0x20,0x2d,0x31,0xd,0xa,0xd,0xa,0x20,0x20,0x20,0x20,0x70,0x72,0x6f,
  0x70,0x65,0x72,0x74,0x79,0x20,0x72,0x65,0x61,0x6c,0x20,0x74,0x68,0x72,0x65,0x73,
  0x68,0x6f,0x6c,0x64,0x3a,0x20,0x33,0x35,0xd,0xa,0x20,0x20,0x20,0x20,0x70,0x72,
  0x6f,0x70,0x65,0x72,0x74,0x79,0x20,0x62,0x6f,0x6f,0x6c,0x20,0x68,0x6f,0x72,0x69,
  0x7a,0x6f,0x6e,0x74,0x61,0x6c,0x3a,0x20,0x74,0x72,0x75,0x65,0xd,0xa,0x20,0x20,
  0x20,0x20,0x70,0x72,0x6f,0x70,0x65,0x72,0x74,0x79,0x20,0x49,0x74,0x65,0x6d,0x20,
  0x5f,0x5f,0x61,0x63,0x74,0x69,0x76,0x65,0x49,0x74,0x65,0x6d,0xd,0xa,0x20,0x20,
  0x20,0x20,0x70,0x72,0x6f,0x70,0x65,0x72,0x74,0x79,0x20,0x62,0x6f,0x6f,0x6c,0x20,
  0x5f,0x5f,0x72,0x65,0x61,0x63,0x74,0x54,0x6f,0x54,0x72,0x61,0x6e,0x73,0x69,0x74,
  0x69,0x6f,0x6e,0x3a,0x20,0x66,0x61,0x6c,0x73,0x65,0xd,0xa,0xd,0xa,0x20,0x20,
  0x20,0x20,0x54,0x69,0x6d,0x65,0x72,0x20,0x7b,0xd,0xa,0x20,0x20,0x20,0x20,0x20,
  0x20,0x20,0x20,0x69,0x64,0x3a,0x20,0x62,0x6c,0x6f,0x63,0x6b,0x65,0x72,0xd,0xa,
  0x20,0x20,0x20,0x20,0x20,0x20,0x20,0x20,0x72,0x75,0x6e,0x6e,0x69,0x6e,0x67,0x3a,
  0x20,0x66,0x61,0x6c,0x73,0x65,0xd,0xa,0x20,0x20,0x20,0x20,0x20,0x20,0x20,0x20,
  0x69,0x6e,0x74,0x65,0x72,0x76,0x61,0x6c,0x3a,0x20,0x32,0x30,0x30,0xd,0xa,0x20,
  0x20,0x20,0x20,0x20,0x20,0x20,0x20,0x72,0x65,0x70,0x65,0x61,0x74,0x3a,0x20,0x66,
  0x61,0x6c,0x73,0x65,0xd,0xa,0x20,0x20,0x20,0x20,0x20,0x20,0x20,0x20,0x6f,0x6e,
  0x54,0x72,0x69,0x67,0x67,0x65,0x72,0x65,0x64,0x3a,0x20,0x68,0x61,0x6e,0x64,0x6c,
  0x65,0x72,0x2e,0x65,0x6e,0x61,0x62,0x6c,0x65,0x64,0x20,0x3d,0x20,0x74,0x72,0x75,
  0x65,0xd,0xa,0x20,0x20,0x20,0x20,0x7d,0xd,0xa,0xd,0xa,0x20,0x20,0x20,0x20,
  0x43,0x6f,0x6e,0x6e,0x65,0x63,0x74,0x69,0x6f,0x6e,0x73,0x20,0x7b,0xd,0xa,0x20,
  0x20,0x20,0x20,0x20,0x20,0x20,0x20,0x74,0x61,0x72,0x67,0x65,0x74,0x3a,0x20,0x72,
  0x6f,0x6f,0x74,0x2e,0x74,0x72,0x61,0x6e,0x73,0x69,0x74,0x69,0x6f,0x6e,0x56,0x69,
  0x65,0x77,0xd,0xa,0x20,0x20,0x20,0x20,0x20,0x20,0x20,0x20,0x66,0x75,0x6e,0x63,
  0x74,0x69,0x6f,0x6e,0x20,0x6f,0x6e,0x54,0x72,0x61,0x6e,0x73,0x69,0x74,0x69,0x6f,
  0x6e,0x46,0x69,0x6e,0x69,0x73,0x68,0x65,0x64,0x28,0x29,0x20,0x7b,0xd,0xa,0x20,
  0x20,0x20,0x20,0x20,0x20,0x20,0x20,0x20,0x20,0x20,0x20,0x69,0x66,0x20,0x28,0x21,
  0x72,0x6f,0x6f,0x74,0x2e,0x5f,0x5f,0x72,0x65,0x61,0x63,0x74,0x54,0x6f,0x54,0x72,
  0x61,0x6e,0x73,0x69,0x74,0x69,0x6f,0x6e,0x29,0xd,0xa,0x20,0x20,0x20,0x20,0x20,
  0x20,0x20,0x20,0x20,0x20,0x20,0x20,0x20,0x20,0x20,0x20,0x72,0x65,0x74,0x75,0x72,
  0x6e,0xd,0xa,0x20,0x20,0x20,0x20,0x20,0x20,0x20,0x20,0x20,0x20,0x20,0x20,0x2f,
  0x2a,0x20,0x54,0x68,0x69,0x73,0x20,0x69,0x73,0x20,0x61,0x20,0x74,0x72,0x69,0x63,
  0x6b,0x79,0x20,0x6f,0x6e,0x65,0x2e,0x20,0x57,0x65,0x20,0x68,0x61,0x76,0x65,0x20,
  0x74,0x6f,0x20,0x61,0x6c,0x73,0x6f,0x20,0x75,0x70,0x64,0x61,0x74,0x65,0x20,0x74,
  0x68,0x65,0x20,0x6c,0x69,0x73,0x74,0x2e,0xd,0xa,0x20,0x20,0x20,0x20,0x20,0x20,
  0x20,0x20,0x20,0x20,0x20,0x20,0x20,0x20,0x20,0x54,0x68,0x65,0x20,0x63,0x6f,0x6e,
  0x6e,0x65,0x63,0x74,0x69,0x6f,0x6e,0x20,0x63,0x6f,0x75,0x6c,0x64,0x20,0x62,0x65,
  0x20,0x61,0x6c,0x73,0x6f,0x20,0x64,0x6f,0x6e,0x65,0x20,0x74,0x68,0x65,0x20,0x6f,
  0x74,0x68,0x65,0x72,0x20,0x77,0x61,0x79,0x20,0x61,0x72,0x6f,0x75,0x6e,0x64,0x20,
  0x2a,0x2f,0xd,0xa,0x20,0x20,0x20,0x20,0x20,0x20,0x20,0x20,0x20,0x20,0x20,0x20,
  0x72,0x6f,0x6f,0x74,0x2e,0x6c,0x69,0x73,0x74,0x2e,0x63,0x75,0x72,0x72,0x65,0x6e,
  0x74,0x49,0x74,0x65,0x6d,0x20,0x3d,0x20,0x72,0x6f,0x6f,0x74,0x2e,0x5f,0x5f,0x61,
  0x63,0x74,0x69,0x76,0x65,0x49,0x74,0x65,0x6d,0xd,0xa,0x20,0x20,0x20,0x20,0x20,
  0x20,0x20,0x20,0x20,0x20,0x20,0x20,0x72,0x6f,0x6f,0x74,0x2e,0x5f,0x5f,0x72,0x65,
  0x61,0x63,0x74,0x54,0x6f,0x54,0x72,0x61,0x6e,0x73,0x69,0x74,0x69,0x6f,0x6e,0x20,
  0x3d,0x20,0x66,0x61,0x6c,0x73,0x65,0xd,0xa,0x20,0x20,0x20,0x20,0x20,0x20,0x20,
  0x20,0x7d,0xd,0xa,0x20,0x20,0x20,0x20,0x7d,0xd,0xa,0xd,0xa,0x20,0x20,0x20,
  0x20,0x44,0x72,0x61,0x67,0x48,0x61,0x6e,0x64,0x6c,0x65,0x72,0x20,0x7b,0xd,0xa,
  0x20,0x20,0x20,0x20,0x20,0x20,0x20,0x20,0x69,0x64,0x3a,0x20,0x68,0x61,0x6e,0x64,
  0x6c,0x65,0x72,0xd,0xa,0x20,0x20,0x20,0x20,0x20,0x20,0x20,0x20,0x78,0x41,0x78,
  0x69,0x73,0x2e,0x65,0x6e,0x61,0x62,0x6c,0x65,0x64,0x3a,0x20,0x72,0x6f,0x6f,0x74,
  0x2e,0x68,0x6f,0x72,0x69,0x7a,0x6f,0x6e,0x74,0x61,0x6c,0xd,0xa,0x20,0x20,0x20,
  0x20,0x20,0x20,0x20,0x20,0x79,0x41,0x78,0x69,0x73,0x2e,0x65,0x6e,0x61,0x62,0x6c,
  0x65,0x64,0x3a,0x20,0x21,0x72,0x6f,0x6f,0x74,0x2e,0x68,0x6f,0x72,0x69,0x7a,0x6f,
  0x6e,0x74,0x61,0x6c,0xd,0xa,0x20,0x20,0x20,0x20,0x20,0x20,0x20,0x20,0x74,0x61,
  0x72,0x67,0x65,0x74,0x3a,0x20,0x6e,0x75,0x6c,0x6c,0xd,0xa,0x20,0x20,0x20,0x20,
  0x20,0x20,0x20,0x20,0x65,0x6e,0x61,0x62,0x6c,0x65,0x64,0x3a,0x20,0x74,0x72,0x75,
  0x65,0xd,0xa,0xd,0xa,0x20,0x20,0x20,0x20,0x20,0x20,0x20,0x20,0x66,0x75,0x6e,
  0x63,0x74,0x69,0x6f,0x6e,0x20,0x64,0x69,0x73,0x74,0x61,0x6e,0x63,0x65,0x28,0x29,
  0x20,0x7b,0xd,0xa,0x20,0x20,0x20,0x20,0x20,0x20,0x20,0x20,0x20,0x20,0x20,0x20,
  0x69,0x66,0x20,0x28,0x72,0x6f,0x6f,0x74,0x2e,0x68,0x6f,0x72,0x69,0x7a,0x6f,0x6e,
  0x74,0x61,0x6c,0x29,0xd,0xa,0x20,0x20,0x20,0x20,0x20,0x20,0x20,0x20,0x20,0x20,
  0x20,0x20,0x20,0x20,0x20,0x20,0x72,0x65,0x74,0x75,0x72,0x6e,0x20,0x28,0x63,0x65,
  0x6e,0x74,0x72,0x6f,0x69,0x64,0x2e,0x70,0x6f,0x73,0x69,0x74,0x69,0x6f,0x6e,0x2e,
  0x78,0x20,0x2d,0x20,0x63,0x65,0x6e,0x74,0x72,0x6f,0x69,0x64,0x2e,0x70,0x72,0x65,
  0x73,0x73,0x50,0x6f,0x73,0x69,0x74,0x69,0x6f,0x6e,0x2e,0x78,0x29,0x20,0x2f,0x20,
  0x72,0x6f,0x6f,0x74,0x2e,0x74,0x72,0x61,0x6e,0x73,0x69,0x74,0x69,0x6f,0x6e,0x56,
  0x69,0x65,0x77,0x2e,0x77,0x69,0x64,0x74,0x68,0xd,0xa,0x20,0x20,0x20,0x20,0x20,
  0x20,0x20,0x20,0x20,0x20,0x20,0x20,0x72,0x65,0x74,0x75,0x72,0x6e,0x20,0x2d,0x28,
  0x63,0x65,0x6e,0x74,0x72,0x6f,0x69,0x64,0x2e,0x70,0x6f,0x73,0x69,0x74,0x69,0x6f,
  0x6e,0x2e,0x79,0x20,0x2d,0x20,0x63,0x65,0x6e,0x74,0x72,0x6f,0x69,0x64,0x2e,0x70,
  0x72,0x65,0x73,0x73,0x50,0x6f,0x73,0x69,0x74,0x69,0x6f,0x6e,0x2e,0x79,0x29,0x20,
  0x2f,0x20,0x72,0x6f,0x6f,0x74,0x2e,0x74,0x72,0x61,0x6e,0x73,0x69,0x74,0x69,0x6f,
  0x6e,0x56,0x69,0x65,0x77,0x2e,0x68,0x65,0x69,0x67,0x68,0x74,0xd,0xa,0x20,0x20,
  0x20,0x20,0x20,0x20,0x20,0x20,0x7d,0xd,0xa,0xd,0xa,0x20,0x20,0x20,0x20,0x20,
  0x20,0x20,0x20,0x6f,0x6e,0x41,0x63,0x74,0x69,0x76,0x65,0x43,0x68,0x61,0x6e,0x67,
  0x65,0x64,0x3a,0x20,0x7b,0xd,0xa,0x20,0x20,0x20,0x20,0x20,0x20,0x20,0x20,0x20,
  0x20,0x20,0x20,0x69,0x66,0x20,0x28,0x68,0x61,0x6e,0x64,0x6c,0x65,0x72,0x2e,0x61,
  0x63,0x74,0x69,0x76,0x65,0x29,0x20,0x7b,0xd,0xa,0x20,0x20,0x20,0x20,0x20,0x20,
  0x20,0x20,0x20,0x20,0x20,0x20,0x20,0x20,0x20,0x20,0x69,0x66,0x20,0x28,0x64,0x69,
  0x73,0x74,0x61,0x6e,0x63,0x65,0x28,0x29,0x20,0x3c,0x20,0x30,0x29,0xd,0xa,0x20,
  0x20,0x20,0x20,0x20,0x20,0x20,0x20,0x20,0x20,0x20,0x20,0x20,0x20,0x20,0x20,0x20,
  0x20,0x20,0x20,0x72,0x6f,0x6f,0x74,0x2e,0x74,0x72,0x61,0x6e,0x73,0x69,0x74,0x69,
  0x6f,0x6e,0x56,0x69,0x65,0x77,0x2e,0x6e,0x65,0x78,0x74,0x49,0x74,0x65,0x6d,0x20,
  0x3d,0x20,0x72,0x6f,0x6f,0x74,0x2e,0x6c,0x69,0x73,0x74,0x2e,0x6e,0x65,0x78,0x74,
  0x49,0x74,0x65,0x6d,0xd,0xa,0x20,0x20,0x20,0x20,0x20,0x20,0x20,0x20,0x20,0x20,
  0x20,0x20,0x20,0x20,0x20,0x20,0x65,0x6c,0x73,0x65,0xd,0xa,0x20,0x20,0x20,0x20,
  0x20,0x20,0x20,0x20,0x20,0x20,0x20,0x20,0x20,0x20,0x20,0x20,0x20,0x20,0x20,0x20,
  0x72,0x6f,0x6f,0x74,0x2e,0x74,0x72,0x61,0x6e,0x73,0x69,0x74,0x69,0x6f,0x6e,0x56,
  0x69,0x65,0x77,0x2e,0x6e,0x65,0x78,0x74,0x49,0x74,0x65,0x6d,0x20,0x3d,0x20,0x72,
  0x6f,0x6f,0x74,0x2e,0x6c,0x69,0x73,0x74,0x2e,0x70,0x72,0x65,0x76,0x49,0x74,0x65,
  0x6d,0xd,0xa,0xd,0xa,0x20,0x20,0x20,0x20,0x20,0x20,0x20,0x20,0x20,0x20,0x20,
  0x20,0x20,0x20,0x20,0x20,0x72,0x6f,0x6f,0x74,0x2e,0x74,0x72,0x61,0x6e,0x73,0x69,
  0x74,0x69,0x6f,0x6e,0x56,0x69,0x65,0x77,0x2e,0x73,0x63,0x68,0x65,0x64,0x75,0x6c,
  0x65,0x54,0x72,0x61,0x6e,0x73,0x69,0x74,0x69,0x6f,0x6e,0x28,0x29,0xd,0xa,0x20,
  0x20,0x20,0x20,0x20,0x20,0x20,0x20,0x20,0x20,0x20,0x20,0x20,0x20,0x20,0x20,0x69,
  0x66,0x20,0x28,0x72,0x6f,0x6f,0x74,0x2e,0x74,0x72,0x61,0x6e,0x73,0x69,0x74,0x69,
  0x6f,0x6e,0x56,0x69,0x65,0x77,0x2e,0x63,0x75,0x72,0x72,0x65,0x6e,0x74,0x54,0x72,
  0x61,0x6e,0x73,0x69,0x74,0x69,0x6f,0x6e,0x29,0xd,0xa,0x20,0x20,0x20,0x20,0x20,
  0x20,0x20,0x20,0x20,0x20,0x20,0x20,0x20,0x20,0x20,0x20,0x20,0x20,0x20,0x20,0x72,
  0x6f,0x6f,0x74,0x2e,0x74,0x72,0x61,0x6e,0x73,0x69,0x74,0x69,0x6f,0x6e,0x56,0x69,
  0x65,0x77,0x2e,0x63,0x75,0x72,0x72,0x65,0x6e,0x74,0x54,0x72,0x61,0x6e,0x73,0x69,
  0x74,0x69,0x6f,0x6e,0x2e,0x65,0x66,0x66,0x65,0x63,0x74,0x2e,0x65,0x6e,0x61,0x62,
  0x6c,0x65,0x28,0x29,0xd,0xa,0x20,0x20,0x20,0x20,0x20,0x20,0x20,0x20,0x20,0x20,
  0x20,0x20,0x7d,0x20,0x65,0x6c,0x73,0x65,0x20,0x7b,0xd,0xa,0x20,0x20,0x20,0x20,
  0x20,0x20,0x20,0x20,0x20,0x20,0x20,0x20,0x20,0x20,0x20,0x20,0x76,0x61,0x72,0x20,
  0x70,0x20,0x3d,0x20,0x4d,0x61,0x74,0x68,0x2e,0x61,0x62,0x73,0x28,0x64,0x69,0x73,
  0x74,0x61,0x6e,0x63,0x65,0x28,0x29,0x29,0x20,0x2a,0x20,0x31,0x30,0x30,0xd,0xa,
  0x20,0x20,0x20,0x20,0x20,0x20,0x20,0x20,0x20,0x20,0x20,0x20,0x20,0x20,0x20,0x20,
  0x69,0x66,0x20,0x28,0x72,0x6f,0x6f,0x74,0x2e,0x74,0x72,0x61,0x6e,0x73,0x69,0x74,
  0x69,0x6f,0x6e,0x56,0x69,0x65,0x77,0x2e,0x63,0x75,0x72,0x72,0x65,0x6e,0x74,0x54,
  0x72,0x61,0x6e,0x73,0x69,0x74,0x69,0x6f,0x6e,0x20,0x26,0x26,0x20,0x72,0x6f,0x6f,
  0x74,0x2e,0x74,0x72,0x61,0x6e,0x73,0x69,0x74,0x69,0x6f,0x6e,0x56,0x69,0x65,0x77,
  0x2e,0x63,0x75,0x72,0x72,0x65,0x6e,0x74,0x54,0x72,0x61,0x6e,0x73,0x69,0x74,0x69,
  0x6f,0x6e,0x2e,0x65,0x66,0x66,0x65,0x63,0x74,0x2e,0x70,0x72,0x6f,0x67,0x72,0x65,
  0x73,0x73,0x20,0x3e,0x20,0x72,0x6f,0x6f,0x74,0x2e,0x74,0x68,0x72,0x65,0x73,0x68,
  0x6f,0x6c,0x64,0x29,0x20,0x7b,0xd,0xa,0x20,0x20,0x20,0x20,0x20,0x20,0x20,0x20,
  0x20,0x20,0x20,0x20,0x20,0x20,0x20,0x20,0x20,0x20,0x20,0x20,0x72,0x6f,0x6f,0x74,
  0x2e,0x5f,0x5f,0x61,0x63,0x74,0x69,0x76,0x65,0x49,0x74,0x65,0x6d,0x20,0x3d,0x20,
  0x72,0x6f,0x6f,0x74,0x2e,0x74,0x72,0x61,0x6e,0x73,0x69,0x74,0x69,0x6f,0x6e,0x56,
  0x69,0x65,0x77,0x2e,0x6e,0x65,0x78,0x74,0x49,0x74,0x65,0x6d,0xd,0xa,0x20,0x20,
  0x20,0x20,0x20,0x20,0x20,0x20,0x20,0x20,0x20,0x20,0x20,0x20,0x20,0x20,0x20,0x20,
  0x20,0x20,0x72,0x6f,0x6f,0x74,0x2e,0x5f,0x5f,0x72,0x65,0x61,0x63,0x74,0x54,0x6f,
  0x54,0x72,0x61,0x6e,0x73,0x69,0x74,0x69,0x6f,0x6e,0x20,0x3d,0x20,0x74,0x72,0x75,
  0x65,0xd,0xa,0x20,0x20,0x20,0x20,0x20,0x20,0x20,0x20,0x20,0x20,0x20,0x20,0x20,
  0x20,0x20,0x20,0x20,0x20,0x20,0x20,0x72,0x6f,0x6f,0x74,0x2e,0x74,0x72,0x61,0x6e,
  0x73,0x69,0x74,0x69,0x6f,0x6e,0x56,0x69,0x65,0x77,0x2e,0x63,0x75,0x72,0x72,0x65,
  0x6e,0x74,0x54,0x72,0x61,0x6e,0x73,0x69,0x74,0x69,0x6f,0x6e,0x2e,0x5f,0x5f,0x73,
  0x74,0x61,0x72,0x74,0x28,0x29,0xd,0xa,0x20,0x20,0x20,0x20,0x20,0x20,0x20,0x20,
  0x20,0x20,0x20,0x20,0x20,0x20,0x20,0x20,0x7d,0x20,0x65,0x6c,0x73,0x65,0x20,0x7b,
  0x20,0x2f,0x2a,0x20,0x44,0x72,0x61,0x67,0x20,0x77,0x61,0x73,0x20,0x72,0x65,0x6c,
  0x65,0x61,0x73,0x65,0x64,0x2c,0x20,0x62,0x75,0x74,0x20,0x74,0x68,0x72,0x65,0x73,
  0x68,0x6f,0x6c,0x64,0x20,0x77,0x61,0x73,0x20,0x6e,0x6f,0x74,0x20,0x70,0x61,0x73,
  0x73,0x65,0x64,0x20,0x2a,0x2f,0xd,0xa,0x20,0x20,0x20,0x20,0x20,0x20,0x20,0x20,
  0x20,0x20,0x20,0x20,0x20,0x20,0x20,0x20,0x20,0x20,0x20,0x20,0x69,0x66,0x20,0x28,
  0x72,0x6f,0x6f,0x74,0x2e,0x74,0x72,0x61,0x6e,0x73,0x69,0x74,0x69,0x6f,0x6e,0x56,
  0x69,0x65,0x77,0x2e,0x63,0x75,0x72,0x72,0x65,0x6e,0x74,0x54,0x72,0x61,0x6e,0x73,
  0x69,0x74,0x69,0x6f,0x6e,0x29,0xd,0xa,0x20,0x20,0x20,0x20,0x20,0x20,0x20,0x20,
  0x20,0x20,0x20,0x20,0x20,0x20,0x20,0x20,0x20,0x20,0x20,0x20,0x20,0x20,0x20,0x20,
  0x72,0x6f,0x6f,0x74,0x2e,0x74,0x72,0x61,0x6e,0x73,0x69,0x74,0x69,0x6f,0x6e,0x56,
  0x69,0x65,0x77,0x2e,0x63,0x75,0x72,0x72,0x65,0x6e,0x74,0x54,0x72,0x61,0x6e,0x73,
  0x69,0x74,0x69,0x6f,0x6e,0x2e,0x65,0x66,0x66,0x65,0x63,0x74,0x2e,0x61,0x62,0x6f,
  0x72,0x74,0x28,0x29,0xd,0xa,0x20,0x20,0x20,0x20,0x20,0x20,0x20,0x20,0x20,0x20,
  0x20,0x20,0x20,0x20,0x20,0x20,0x7d,0xd,0xa,0x20,0x20,0x20,0x20,0x20,0x20,0x20,
  0x20,0x20,0x20,0x20,0x20,0x20,0x20,0x20,0x20,0x2f,0x2a,0x20,0x42,0x6c,0x6f,0x63,
  0x6b,0x20,0x66,0x6f,0x72,0x20,0x31,0x30,0x30,0x6d,0x73,0x20,0x2a,0x2f,0xd,0xa,
  0x20,0x20,0x20,0x20,0x20,0x20,0x20,0x20,0x20,0x20,0x20,0x20,0x20,0x20,0x20,0x20,
  0x68,0x61,0x6e,0x64,0x6c,0x65,0x72,0x2e,0x65,0x6e,0x61,0x62,0x6c,0x65,0x64,0x20,
  0x3d,0x20,0x66,0x61,0x6c,0x73,0x65,0xd,0xa,0x20,0x20,0x20,0x20,0x20,0x20,0x20,
  0x20,0x20,0x20,0x20,0x20,0x20,0x20,0x20,0x20,0x62,0x6c,0x6f,0x63,0x6b,0x65,0x72,
  0x2e,0x73,0x74,0x61,0x72,0x74,0x28,0x29,0xd,0xa,0x20,0x20,0x20,0x20,0x20,0x20,
  0x20,0x20,0x20,0x20,0x20,0x20,0x7d,0xd,0xa,0x20,0x20,0x20,0x20,0x20,0x20,0x20,
  0x20,0x7d,0xd,0xa,0xd,0xa,0x20,0x20,0x20,0x20,0x20,0x20,0x20,0x20,0x6f,0x6e,
  0x43,0x65,0x6e,0x74,0x72,0x6f,0x69,0x64,0x43,0x68,0x61,0x6e,0x67,0x65,0x64,0x3a,
  0x20,0x7b,0xd,0xa,0x20,0x20,0x20,0x20,0x20,0x20,0x20,0x20,0x20,0x20,0x20,0x20,
  0x69,0x66,0x20,0x28,0x21,0x68,0x61,0x6e,0x64,0x6c,0x65,0x72,0x2e,0x65,0x6e,0x61,
  0x62,0x6c,0x65,0x64,0x29,0xd,0xa,0x20,0x20,0x20,0x20,0x20,0x20,0x20,0x20,0x20,
  0x20,0x20,0x20,0x20,0x20,0x20,0x20,0x72,0x65,0x74,0x75,0x72,0x6e,0xd,0xa,0xd,
  0xa,0x20,0x20,0x20,0x20,0x20,0x20,0x20,0x20,0x20,0x20,0x20,0x20,0x76,0x61,0x72,
  0x20,0x70,0x20,0x3d,0x20,0x4d,0x61,0x74,0x68,0x2e,0x61,0x62,0x73,0x28,0x64,0x69,
  0x73,0x74,0x61,0x6e,0x63,0x65,0x28,0x29,0x29,0x20,0x2a,0x20,0x31,0x30,0x30,0xd,
  0xa,0xd,0xa,0x20,0x20,0x20,0x20,0x20,0x20,0x20,0x20,0x20,0x20,0x20,0x20,0x69,
  0x66,0x20,0x28,0x72,0x6f,0x6f,0x74,0x2e,0x74,0x72,0x61,0x6e,0x73,0x69,0x74,0x69,
  0x6f,0x6e,0x56,0x69,0x65,0x77,0x2e,0x63,0x75,0x72,0x72,0x65,0x6e,0x74,0x54,0x72,
  0x61,0x6e,0x73,0x69,0x74,0x69,0x6f,0x6e,0x29,0xd,0xa,0x20,0x20,0x20,0x20,0x20,
  0x20,0x20,0x20,0x20,0x20,0x20,0x20,0x20,0x20,0x20,0x20,0x72,0x6f,0x6f,0x74,0x2e,
  0x74,0x72,0x61,0x6e,0x73,0x69,0x74,0x69,0x6f,0x6e,0x56,0x69,0x65,0x77,0x2e,0x63,
  0x75,0x72,0x72,0x65,0x6e,0x74,0x54,0x72,0x61,0x6e,0x73,0x69,0x74,0x69,0x6f,0x6e,
  0x2e,0x65,0x66,0x66,0x65,0x63,0x74,0x2e,0x70,0x72,0x6f,0x67,0x72,0x65,0x73,0x73,
  0x20,0x3d,0x20,0x70,0x20,0x2a,0x20,0x32,0xd,0xa,0x20,0x20,0x20,0x20,0x20,0x20,
  0x20,0x20,0x7d,0xd,0xa,0x20,0x20,0x20,0x20,0x7d,0xd,0xa,0x7d,0xd,0xa,
    // FlowEffect.qml
  0x0,0x0,0x12,0x30,
  0x2f,
  0x2a,0x2a,0x2a,0x2a,0x2a,0x2a,0x2a,0x2a,0x2a,0x2a,0x2a,0x2a,0x2a,0x2a,0x2a,0x2a,
  0x2a,0x2a,0x2a,0x2a,0x2a,0x2a,0x2a,0x2a,0x2a,0x2a,0x2a,0x2a,0x2a,0x2a,0x2a,0x2a,
  0x2a,0x2a,0x2a,0x2a,0x2a,0x2a,0x2a,0x2a,0x2a,0x2a,0x2a,0x2a,0x2a,0x2a,0x2a,0x2a,
  0x2a,0x2a,0x2a,0x2a,0x2a,0x2a,0x2a,0x2a,0x2a,0x2a,0x2a,0x2a,0x2a,0x2a,0x2a,0x2a,
  0x2a,0x2a,0x2a,0x2a,0x2a,0x2a,0x2a,0x2a,0x2a,0x2a,0x2a,0x2a,0xd,0xa,0x2a,0x2a,
  0xd,0xa,0x2a,0x2a,0x20,0x43,0x6f,0x70,0x79,0x72,0x69,0x67,0x68,0x74,0x20,0x28,
  0x43,0x29,0x20,0x32,0x30,0x31,0x38,0x20,0x54,0x68,0x65,0x20,0x51,0x74,0x20,0x43,
  0x6f,0x6d,0x70,0x61,0x6e,0x79,0x20,0x4c,0x74,0x64,0x2e,0xd,0xa,0x2a,0x2a,0x20,
  0x43,0x6f,0x6e,0x74,0x61,0x63,0x74,0x3a,0x20,0x68,0x74,0x74,0x70,0x73,0x3a,0x2f,
  0x2f,0x77,0x77,0x77,0x2e,0x71,0x74,0x2e,0x69,0x6f,0x2f,0x6c,0x69,0x63,0x65,0x6e,
  0x73,0x69,0x6e,0x67,0x2f,0xd,0xa,0x2a,0x2a,0xd,0xa,0x2a,0x2a,0x20,0x54,0x68,
  0x69,0x73,0x20,0x66,0x69,0x6c,0x65,0x20,0x69,0x73,0x20,0x70,0x61,0x72,0x74,0x20,
  0x6f,0x66,0x20,0x51,0x74,0x20,0x51,0x75,0x69,0x63,0x6b,0x20,0x44,0x65,0x73,0x69,
  0x67,0x6e,0x65,0x72,0x20,0x43,0x6f,0x6d,0x70,0x6f,0x6e,0x65,0x6e,0x74,0x73,0x2e,
  0xd,0xa,0x2a,0x2a,0xd,0xa,0x2a,0x2a,0x20,0x24,0x51,0x54,0x5f,0x42,0x45,0x47,
  0x49,0x4e,0x5f,0x4c,0x49,0x43,0x45,0x4e,0x53,0x45,0x3a,0x47,0x50,0x4c,0x24,0xd,
  0xa,0x2a,0x2a,0x20,0x43,0x6f,0x6d,0x6d,0x65,0x72,0x63,0x69,0x61,0x6c,0x20,0x4c,
  0x69,0x63,0x65,0x6e,0x73,0x65,0x20,0x55,0x73,0x61,0x67,0x65,0xd,0xa,0x2a,0x2a,
  0x20,0x4c,0x69,0x63,0x65,0x6e,0x73,0x65,0x65,0x73,0x20,0x68,0x6f,0x6c,0x64,0x69,
  0x6e,0x67,0x20,0x76,0x61,0x6c,0x69,0x64,0x20,0x63,0x6f,0x6d,0x6d,0x65,0x72,0x63,
  0x69,0x61,0x6c,0x20,0x51,0x74,0x20,0x6c,0x69,0x63,0x65,0x6e,0x73,0x65,0x73,0x20,
  0x6d,0x61,0x79,0x20,0x75,0x73,0x65,0x20,0x74,0x68,0x69,0x73,0x20,0x66,0x69,0x6c,
  0x65,0x20,0x69,0x6e,0xd,0xa,0x2a,0x2a,0x20,0x61,0x63,0x63,0x6f,0x72,0x64,0x61,
  0x6e,0x63,0x65,0x20,0x77,0x69,0x74,0x68,0x20,0x74,0x68,0x65,0x20,0x63,0x6f,0x6d,
  0x6d,0x65,0x72,0x63,0x69,0x61,0x6c,0x20,0x6c,0x69,0x63,0x65,0x6e,0x73,0x65,0x20,
  0x61,0x67,0x72,0x65,0x65,0x6d,0x65,0x6e,0x74,0x20,0x70,0x72,0x6f,0x76,0x69,0x64,
  0x65,0x64,0x20,0x77,0x69,0x74,0x68,0x20,0x74,0x68,0x65,0xd,0xa,0x2a,0x2a,0x20,
  0x53,0x6f,0x66,0x74,0x77,0x61,0x72,0x65,0x20,0x6f,0x72,0x2c,0x20,0x61,0x6c,0x74,
  0x65,0x72,0x6e,0x61,0x74,0x69,0x76,0x65,0x6c,0x79,0x2c,0x20,0x69,0x6e,0x20,0x61,
  0x63,0x63,0x6f,0x72,0x64,0x61,0x6e,0x63,0x65,0x20,0x77,0x69,0x74,0x68,0x20,0x74,
  0x68,0x65,0x20,0x74,0x65,0x72,0x6d,0x73,0x20,0x63,0x6f,0x6e,0x74,0x61,0x69,0x6e,
  0x65,0x64,0x20,0x69,0x6e,0xd,0xa,0x2a,0x2a,0x20,0x61,0x20,0x77,0x72,0x69,0x74,
  0x74,0x65,0x6e,0x20,0x61,0x67,0x72,0x65,0x65,0x6d,0x65,0x6e,0x74,0x20,0x62,0x65,
  0x74,0x77,0x65,0x65,0x6e,0x20,0x79,0x6f,0x75,0x20,0x61,0x6e,0x64,0x20,0x54,0x68,
  0x65,0x20,0x51,0x74,0x20,0x43,0x6f,0x6d,0x70,0x61,0x6e,0x79,0x2e,0x20,0x46,0x6f,
  0x72,0x20,0x6c,0x69,0x63,0x65,0x6e,0x73,0x69,0x6e,0x67,0x20,0x74,0x65,0x72,0x6d,
  0x73,0xd,0xa,0x2a,0x2a,0x20,0x61,0x6e,0x64,0x20,0x63,0x6f,0x6e,0x64,0x69,0x74,
  0x69,0x6f,0x6e,0x73,0x20,0x73,0x65,0x65,0x20,0x68,0x74,0x74,0x70,0x73,0x3a,0x2f,
  0x2f,0x77,0x77,0x77,0x2e,0x71,0x74,0x2e,0x69,0x6f,0x2f,0x74,0x65,0x72,0x6d,0x73,
  0x2d,0x63,0x6f,0x6e,0x64,0x69,0x74,0x69,0x6f,0x6e,0x73,0x2e,0x20,0x46,0x6f,0x72,
  0x20,0x66,0x75,0x72,0x74,0x68,0x65,0x72,0xd,0xa,0x2a,0x2a,0x20,0x69,0x6e,0x66,
  0x6f,0x72,0x6d,0x61,0x74,0x69,0x6f,0x6e,0x20,0x75,0x73,0x65,0x20,0x74,0x68,0x65,
  0x20,0x63,0x6f,0x6e,0x74,0x61,0x63,0x74,0x20,0x66,0x6f,0x72,0x6d,0x20,0x61,0x74,
  0x20,0x68,0x74,0x74,0x70,0x73,0x3a,0x2f,0x2f,0x77,0x77,0x77,0x2e,0x71,0x74,0x2e,
  0x69,0x6f,0x2f,0x63,0x6f,0x6e,0x74,0x61,0x63,0x74,0x2d,0x75,0x73,0x2e,0xd,0xa,
  0x2a,0x2a,0xd,0xa,0x2a,0x2a,0x20,0x47,0x4e,0x55,0x20,0x47,0x65,0x6e,0x65,0x72,
  0x61,0x6c,0x20,0x50,0x75,0x62,0x6c,0x69,0x63,0x20,0x4c,0x69,0x63,0x65,0x6e,0x73,
  0x65,0x20,0x55,0x73,0x61,0x67,0x65,0xd,0xa,0x2a,0x2a,0x20,0x41,0x6c,0x74,0x65,
  0x72,0x6e,0x61,0x74,0x69,0x76,0x65,0x6c,0x79,0x2c,0x20,0x74,0x68,0x69,0x73,0x20,
  0x66,0x69,0x6c,0x65,0x20,0x6d,0x61,0x79,0x20,0x62,0x65,0x20,0x75,0x73,0x65,0x64,
  0x20,0x75,0x6e,0x64,0x65,0x72,0x20,0x74,0x68,0x65,0x20,0x74,0x65,0x72,0x6d,0x73,
  0x20,0x6f,0x66,0x20,0x74,0x68,0x65,0x20,0x47,0x4e,0x55,0xd,0xa,0x2a,0x2a,0x20,
  0x47,0x65,0x6e,0x65,0x72,0x61,0x6c,0x20,0x50,0x75,0x62,0x6c,0x69,0x63,0x20,0x4c,
  0x69,0x63,0x65,0x6e,0x73,0x65,0x20,0x76,0x65,0x72,0x73,0x69,0x6f,0x6e,0x20,0x33,
  0x20,0x6f,0x72,0x20,0x28,0x61,0x74,0x20,0x79,0x6f,0x75,0x72,0x20,0x6f,0x70,0x74,
  0x69,0x6f,0x6e,0x29,0x20,0x61,0x6e,0x79,0x20,0x6c,0x61,0x74,0x65,0x72,0x20,0x76,
  0x65,0x72,0x73,0x69,0x6f,0x6e,0xd,0xa,0x2a,0x2a,0x20,0x61,0x70,0x70,0x72,0x6f,
  0x76,0x65,0x64,0x20,0x62,0x79,0x20,0x74,0x68,0x65,0x20,0x4b,0x44,0x45,0x20,0x46,
  0x72,0x65,0x65,0x20,0x51,0x74,0x20,0x46,0x6f,0x75,0x6e,0x64,0x61,0x74,0x69,0x6f,
  0x6e,0x2e,0x20,0x54,0x68,0x65,0x20,0x6c,0x69,0x63,0x65,0x6e,0x73,0x65,0x73,0x20,
  0x61,0x72,0x65,0x20,0x61,0x73,0x20,0x70,0x75,0x62,0x6c,0x69,0x73,0x68,0x65,0x64,
  0x20,0x62,0x79,0xd,0xa,0x2a,0x2a,0x20,0x74,0x68,0x65,0x20,0x46,0x72,0x65,0x65,
  0x20,0x53,0x6f,0x66,0x74,0x77,0x61,0x72,0x65,0x20,0x46,0x6f,0x75,0x6e,0x64,0x61,
  0x74,0x69,0x6f,0x6e,0x20,0x61,0x6e,0x64,0x20,0x61,0x70,0x70,0x65,0x61,0x72,0x69,
  0x6e,0x67,0x20,0x69,0x6e,0x20,0x74,0x68,0x65,0x20,0x66,0x69,0x6c,0x65,0x20,0x4c,
  0x49,0x43,0x45,0x4e,0x53,0x45,0x2e,0x47,0x50,0x4c,0x33,0xd,0xa,0x2a,0x2a,0x20,
  0x69,0x6e,0x63,0x6c,0x75,0x64,0x65,0x64,0x20,0x69,0x6e,0x20,0x74,0x68,0x65,0x20,
  0x70,0x61,0x63,0x6b,0x61,0x67,0x69,0x6e,0x67,0x20,0x6f,0x66,0x20,0x74,0x68,0x69,
  0x73,0x20,0x66,0x69,0x6c,0x65,0x2e,0x20,0x50,0x6c,0x65,0x61,0x73,0x65,0x20,0x72,
  0x65,0x76,0x69,0x65,0x77,0x20,0x74,0x68,0x65,0x20,0x66,0x6f,0x6c,0x6c,0x6f,0x77,
  0x69,0x6e,0x67,0xd,0xa,0x2a,0x2a,0x20,0x69,0x6e,0x66,0x6f,0x72,0x6d,0x61,0x74,
  0x69,0x6f,0x6e,0x20,0x74,0x6f,0x20,0x65,0x6e,0x73,0x75,0x72,0x65,0x20,0x74,0x68,
  0x65,0x20,0x47,0x4e,0x55,0x20,0x47,0x65,0x6e,0x65,0x72,0x61,0x6c,0x20,0x50,0x75,
  0x62,0x6c,0x69,0x63,0x20,0x4c,0x69,0x63,0x65,0x6e,0x73,0x65,0x20,0x72,0x65,0x71,
  0x75,0x69,0x72,0x65,0x6d,0x65,0x6e,0x74,0x73,0x20,0x77,0x69,0x6c,0x6c,0xd,0xa,
  0x2a,0x2a,0x20,0x62,0x65,0x20,0x6d,0x65,0x74,0x3a,0x20,0x68,0x74,0x74,0x70,0x73,
  0x3a,0x2f,0x2f,0x77,0x77,0x77,0x2e,0x67,0x6e,0x75,0x2e,0x6f,0x72,0x67,0x2f,0x6c,
  0x69,0x63,0x65,0x6e,0x73,0x65,0x73,0x2f,0x67,0x70,0x6c,0x2d,0x33,0x2e,0x30,0x2e,
  0x68,0x74,0x6d,0x6c,0x2e,0xd,0xa,0x2a,0x2a,0xd,0xa,0x2a,0x2a,0x20,0x24,0x51,
  0x54,0x5f,0x45,0x4e,0x44,0x5f,0x4c,0x49,0x43,0x45,0x4e,0x53,0x45,0x24,0xd,0xa,
  0x2a,0x2a,0xd,0xa,0x2a,0x2a,0x2a,0x2a,0x2a,0x2a,0x2a,0x2a,0x2a,0x2a,0x2a,0x2a,
  0x2a,0x2a,0x2a,0x2a,0x2a,0x2a,0x2a,0x2a,0x2a,0x2a,0x2a,0x2a,0x2a,0x2a,0x2a,0x2a,
  0x2a,0x2a,0x2a,0x2a,0x2a,0x2a,0x2a,0x2a,0x2a,0x2a,0x2a,0x2a,0x2a,0x2a,0x2a,0x2a,
  0x2a,0x2a,0x2a,0x2a,0x2a,0x2a,0x2a,0x2a,0x2a,0x2a,0x2a,0x2a,0x2a,0x2a,0x2a,0x2a,
  0x2a,0x2a,0x2a,0x2a,0x2a,0x2a,0x2a,0x2a,0x2a,0x2a,0x2a,0x2a,0x2a,0x2a,0x2a,0x2a,
  0x2f,0xd,0xa,0x69,0x6d,0x70,0x6f,0x72,0x74,0x20,0x51,0x74,0x51,0x75,0x69,0x63,
  0x6b,0x20,0x32,0x2e,0x31,0x35,0xd,0xa,0x69,0x6d,0x70,0x6f,0x72,0x74,0x20,0x51,
  0x74,0x51,0x75,0x69,0x63,0x6b,0x2e,0x54,0x69,0x6d,0x65,0x6c,0x69,0x6e,0x65,0x20,
  0x31,0x2e,0x30,0xd,0xa,0xd,0xa,0x51,0x74,0x4f,0x62,0x6a,0x65,0x63,0x74,0x20,
  0x7b,0xd,0xa,0x20,0x20,0x20,0x20,0x69,0x64,0x3a,0x20,0x72,0x6f,0x6f,0x74,0xd,
  0xa,0x20,0x20,0x20,0x20,0x73,0x69,0x67,0x6e,0x61,0x6c,0x20,0x66,0x69,0x6e,0x69,
  0x73,0x68,0x65,0x64,0xd,0xa,0x20,0x20,0x20,0x20,0x73,0x69,0x67,0x6e,0x61,0x6c,
  0x20,0x73,0x74,0x61,0x72,0x74,0x65,0x64,0xd,0xa,0x20,0x20,0x20,0x20,0x73,0x69,
  0x67,0x6e,0x61,0x6c,0x20,0x72,0x65,0x73,0x65,0x74,0x65,0x64,0xd,0xa,0x20,0x20,
  0x20,0x20,0x66,0x75,0x6e,0x63,0x74,0x69,0x6f,0x6e,0x20,0x72,0x65,0x73,0x65,0x74,
  0x28,0x29,0x20,0x7b,0xd,0xa,0x20,0x20,0x20,0x20,0x20,0x20,0x20,0x20,0x2f,0x2a,
  0xd,0xa,0x20,0x20,0x20,0x20,0x20,0x20,0x20,0x20,0x69,0x66,0x20,0x28,0x72,0x6f,
  0x6f,0x74,0x2e,0x64,0x75,0x72,0x61,0x74,0x69,0x6f,0x6e,0x20,0x3d,0x3d,0x3d,0x20,
  0x30,0x29,0x20,0x7b,0xd,0xa,0x20,0x20,0x20,0x20,0x20,0x20,0x20,0x20,0x20,0x20,
  0x20,0x20,0x72,0x6f,0x6f,0x74,0x2e,0x74,0x72,0x61,0x6e,0x73,0x69,0x74,0x69,0x6f,
  0x6e,0x56,0x69,0x65,0x77,0x2e,0x5f,0x5f,0x73,0x65,0x74,0x75,0x70,0x43,0x75,0x72,
  0x72,0x65,0x6e,0x74,0x49,0x74,0x65,0x6d,0x28,0x29,0xd,0xa,0x20,0x20,0x20,0x20,
  0x20,0x20,0x20,0x20,0x20,0x20,0x20,0x20,0x72,0x65,0x74,0x75,0x72,0x6e,0xd,0xa,
  0x20,0x20,0x20,0x20,0x20,0x20,0x20,0x20,0x7d,0x2a,0x2f,0xd,0xa,0xd,0xa,0x20,
  0x20,0x20,0x20,0x20,0x20,0x20,0x20,0x2f,0x2a,0x20,0x57,0x65,0x20,0x73,0x65,0x74,
  0x20,0x74,0x68,0x65,0x20,0x70,0x61,0x72,0x65,0x6e,0x74,0x73,0x20,0x74,0x6f,0x20,
  0x74,0x68,0x65,0x20,0x63,0x6f,0x6e,0x74,0x65,0x6e,0x74,0x20,0x69,0x74,0x65,0x6d,
  0x73,0x20,0x74,0x6f,0x20,0x61,0x70,0x70,0x6c,0x79,0x20,0x65,0x66,0x66,0x65,0x63,
  0x74,0x73,0x20,0x2a,0x2f,0xd,0xa,0xd,0xa,0x20,0x20,0x20,0x20,0x20,0x20,0x20,
  0x20,0x72,0x65,0x73,0x65,0x74,0x50,0x72,0x6f,0x70,0x65,0x72,0x74,0x69,0x65,0x73,
  0x28,0x29,0xd,0xa,0xd,0xa,0x20,0x20,0x20,0x20,0x20,0x20,0x20,0x20,0x66,0x72,
  0x6f,0x6d,0x2e,0x70,0x61,0x72,0x65,0x6e,0x74,0x20,0x3d,0x20,0x74,0x72,0x61,0x6e,
  0x73,0x69,0x74,0x69,0x6f,0x6e,0x56,0x69,0x65,0x77,0x2e,0x5f,0x5f,0x66,0x72,0x6f,
  0x6d,0x43,0x6f,0x6e,0x74,0x65,0x6e,0x74,0x49,0x74,0x65,0x6d,0xd,0xa,0x20,0x20,
  0x20,0x20,0x20,0x20,0x20,0x20,0x74,0x6f,0x2e,0x70,0x61,0x72,0x65,0x6e,0x74,0x20,
  0x3d,0x20,0x74,0x72,0x61,0x6e,0x73,0x69,0x74,0x69,0x6f,0x6e,0x56,0x69,0x65,0x77,
  0x2e,0x5f,0x5f,0x74,0x6f,0x43,0x6f,0x6e,0x74,0x65,0x6e,0x74,0x49,0x74,0x65,0x6d,
  0xd,0xa,0x20,0x20,0x20,0x20,0x20,0x20,0x20,0x20,0x72,0x6f,0x6f,0x74,0x2e,0x70,
  0x72,0x6f,0x67,0x72,0x65,0x73,0x73,0x20,0x3d,0x20,0x72,0x6f,0x6f,0x74,0x2e,0x62,
  0x61,0x63,0x6b,0x77,0x61,0x72,0x64,0x73,0x20,0x3f,0x20,0x31,0x30,0x30,0x20,0x3a,
  0x20,0x30,0xd,0xa,0xd,0xa,0x20,0x20,0x20,0x20,0x20,0x20,0x20,0x20,0x65,0x6e,
  0x61,0x62,0x6c,0x65,0x28,0x29,0xd,0xa,0x20,0x20,0x20,0x20,0x20,0x20,0x20,0x20,
  0x72,0x6f,0x6f,0x74,0x2e,0x70,0x72,0x6f,0x67,0x72,0x65,0x73,0x73,0x20,0x3d,0x20,
  0x2d,0x31,0xd,0xa,0x20,0x20,0x20,0x20,0x20,0x20,0x20,0x20,0x72,0x6f,0x6f,0x74,
  0x2e,0x70,0x72,0x6f,0x67,0x72,0x65,0x73,0x73,0x20,0x3d,0x20,0x30,0xd,0xa,0x20,
  0x20,0x20,0x20,0x7d,0xd,0xa,0xd,0xa,0x20,0x20,0x20,0x20,0x70,0x72,0x6f,0x70,
  0x65,0x72,0x74,0x79,0x20,0x62,0x6f,0x6f,0x6c,0x20,0x5f,0x5f,0x61,0x62,0x6f,0x72,
  0x74,0x65,0x64,0x3a,0x20,0x66,0x61,0x6c,0x73,0x65,0xd,0xa,0xd,0xa,0x20,0x20,
  0x20,0x20,0x66,0x75,0x6e,0x63,0x74,0x69,0x6f,0x6e,0x20,0x65,0x6e,0x61,0x62,0x6c,
  0x65,0x28,0x29,0x20,0x7b,0xd,0xa,0x20,0x20,0x20,0x20,0x20,0x20,0x20,0x20,0x72,
  0x6f,0x6f,0x74,0x2e,0x74,0x69,0x6d,0x65,0x6c,0x69,0x6e,0x65,0x2e,0x65,0x6e,0x61,
  0x62,0x6c,0x65,0x64,0x20,0x3d,0x20,0x74,0x72,0x75,0x65,0xd,0xa,0x20,0x20,0x20,
  0x20,0x20,0x20,0x20,0x20,0x72,0x6f,0x6f,0x74,0x2e,0x73,0x74,0x61,0x72,0x74,0x65,
  0x64,0x28,0x29,0xd,0xa,0x20,0x20,0x20,0x20,0x7d,0xd,0xa,0xd,0xa,0x20,0x20,
  0x20,0x20,0x66,0x75,0x6e,0x63,0x74,0x69,0x6f,0x6e,0x20,0x73,0x74,0x61,0x72,0x74,
  0x28,0x29,0x20,0x7b,0xd,0xa,0x20,0x20,0x20,0x20,0x20,0x20,0x20,0x20,0x61,0x6e,
  0x69,0x6d,0x2e,0x66,0x72,0x6f,0x6d,0x20,0x3d,0x20,0x4d,0x61,0x74,0x68,0x2e,0x6d,
  0x69,0x6e,0x28,0x72,0x6f,0x6f,0x74,0x2e,0x70,0x72,0x6f,0x67,0x72,0x65,0x73,0x73,
  0x2c,0x20,0x31,0x30,0x30,0x29,0xd,0xa,0x20,0x20,0x20,0x20,0x20,0x20,0x20,0x20,
  0x61,0x6e,0x69,0x6d,0x2e,0x74,0x6f,0x20,0x3d,0x20,0x72,0x6f,0x6f,0x74,0x2e,0x62,
  0x61,0x63,0x6b,0x77,0x61,0x72,0x64,0x73,0x20,0x3f,0x20,0x30,0x20,0x3a,0x20,0x31,
  0x30,0x30,0xd,0xa,0x20,0x20,0x20,0x20,0x20,0x20,0x20,0x20,0x61,0x6e,0x69,0x6d,
  0x2e,0x64,0x75,0x72,0x61,0x74,0x69,0x6f,0x6e,0x20,0x3d,0x20,0x72,0x6f,0x6f,0x74,
  0x2e,0x64,0x75,0x72,0x61,0x74,0x69,0x6f,0x6e,0x20,0x2a,0x20,0x4d,0x61,0x74,0x68,
  0x2e,0x61,0x62,0x73,0x28,0x61,0x6e,0x69,0x6d,0x2e,0x74,0x6f,0x20,0x2d,0x20,0x61,
  0x6e,0x69,0x6d,0x2e,0x66,0x72,0x6f,0x6d,0x29,0x20,0x2f,0x20,0x31,0x30,0x30,0xd,
  0xa,0xd,0xa,0x20,0x20,0x20,0x20,0x20,0x20,0x20,0x20,0x72,0x6f,0x6f,0x74,0x2e,
  0x5f,0x5f,0x61,0x62,0x6f,0x72,0x74,0x65,0x64,0x20,0x3d,0x20,0x66,0x61,0x6c,0x73,
  0x65,0xd,0xa,0xd,0xa,0x20,0x20,0x20,0x20,0x20,0x20,0x20,0x20,0x61,0x6e,0x69,
  0x6d,0x2e,0x73,0x74,0x61,0x72,0x74,0x28,0x29,0xd,0xa,0x20,0x20,0x20,0x20,0x7d,
  0xd,0xa,0xd,0xa,0x20,0x20,0x20,0x20,0x66,0x75,0x6e,0x63,0x74,0x69,0x6f,0x6e,
  0x20,0x61,0x62,0x6f,0x72,0x74,0x28,0x29,0x20,0x7b,0xd,0xa,0xd,0xa,0x20,0x20,
  0x20,0x20,0x20,0x20,0x20,0x20,0x61,0x6e,0x69,0x6d,0x2e,0x66,0x72,0x6f,0x6d,0x20,
  0x3d,0x20,0x72,0x6f,0x6f,0x74,0x2e,0x70,0x72,0x6f,0x67,0x72,0x65,0x73,0x73,0xd,
  0xa,0x20,0x20,0x20,0x20,0x20,0x20,0x20,0x20,0x61,0x6e,0x69,0x6d,0x2e,0x74,0x6f,
  0x20,0x3d,0x20,0x72,0x6f,0x6f,0x74,0x2e,0x62,0x61,0x63,0x6b,0x77,0x61,0x72,0x64,
  0x73,0x20,0x3f,0x20,0x31,0x30,0x30,0x20,0x3a,0x20,0x30,0xd,0xa,0xd,0xa,0x20,
  0x20,0x20,0x20,0x20,0x20,0x20,0x20,0x61,0x6e,0x69,0x6d,0x2e,0x64,0x75,0x72,0x61,
  0x74,0x69,0x6f,0x6e,0x20,0x3d,0x20,0x72,0x6f,0x6f,0x74,0x2e,0x64,0x75,0x72,0x61,
  0x74,0x69,0x6f,0x6e,0x20,0x2a,0x20,0x4d,0x61,0x74,0x68,0x2e,0x61,0x62,0x73,0x28,
  0x61,0x6e,0x69,0x6d,0x2e,0x66,0x72,0x6f,0x6d,0x20,0x2d,0x20,0x61,0x6e,0x69,0x6d,
  0x2e,0x74,0x6f,0x29,0x20,0x2f,0x20,0x31,0x30,0x30,0xd,0xa,0xd,0xa,0x20,0x20,
  0x20,0x20,0x20,0x20,0x20,0x20,0x72,0x6f,0x6f,0x74,0x2e,0x5f,0x5f,0x61,0x62,0x6f,
  0x72,0x74,0x65,0x64,0x20,0x3d,0x20,0x74,0x72,0x75,0x65,0xd,0xa,0x20,0x20,0x20,
  0x20,0x20,0x20,0x20,0x20,0x61,0x6e,0x69,0x6d,0x2e,0x72,0x65,0x73,0x74,0x61,0x72,
  0x74,0x28,0x29,0xd,0xa,0xd,0xa,0x20,0x20,0x20,0x20,0x7d,0xd,0xa,0xd,0xa,
  0x20,0x20,0x20,0x20,0x66,0x75,0x6e,0x63,0x74,0x69,0x6f,0x6e,0x20,0x73,0x74,0x6f,
  0x70,0x28,0x29,0x20,0x7b,0xd,0xa,0x20,0x20,0x20,0x20,0x20,0x20,0x20,0x20,0x61,
  0x6e,0x69,0x6d,0x2e,0x73,0x74,0x6f,0x70,0x28,0x29,0xd,0xa,0x20,0x20,0x20,0x20,
  0x7d,0xd,0xa,0xd,0xa,0x20,0x20,0x20,0x20,0x70,0x72,0x6f,0x70,0x65,0x72,0x74,
  0x79,0x20,0x49,0x74,0x65,0x6d,0x20,0x66,0x72,0x6f,0x6d,0xd,0xa,0x20,0x20,0x20,
  0x20,0x70,0x72,0x6f,0x70,0x65,0x72,0x74,0x79,0x20,0x49,0x74,0x65,0x6d,0x20,0x74,
  0x6f,0xd,0xa,0xd,0xa,0x20,0x20,0x20,0x20,0x70,0x72,0x6f,0x70,0x65,0x72,0x74,
  0x79,0x20,0x49,0x74,0x65,0x6d,0x20,0x74,0x72,0x61,0x6e,0x73,0x69,0x74,0x69,0x6f,
  0x6e,0x56,0x69,0x65,0x77,0xd,0xa,0xd,0xa,0x20,0x20,0x20,0x20,0x70,0x72,0x6f,
  0x70,0x65,0x72,0x74,0x79,0x20,0x72,0x65,0x61,0x6c,0x20,0x64,0x75,0x72,0x61,0x74,
  0x69,0x6f,0x6e,0x3a,0x20,0x32,0x35,0x30,0xd,0xa,0x20,0x20,0x20,0x20,0x70,0x72,
  0x6f,0x70,0x65,0x72,0x74,0x79,0x20,0x61,0x6c,0x69,0x61,0x73,0x20,0x65,0x61,0x73,
  0x69,0x6e,0x67,0x3a,0x20,0x61,0x6e,0x69,0x6d,0x2e,0x65,0x61,0x73,0x69,0x6e,0x67,
  0xd,0xa,0xd,0xa,0x20,0x20,0x20,0x20,0x70,0x72,0x6f,0x70,0x65,0x72,0x74,0x79,
  0x20,0x54,0x69,0x6d,0x65,0x6c,0x69,0x6e,0x65,0x20,0x74,0x69,0x6d,0x65,0x6c,0x69,
  0x6e,0x65,0x3a,0x20,0x54,0x69,0x6d,0x65,0x6c,0x69,0x6e,0x65,0x20,0x7b,0xd,0xa,
  0xd,0xa,0x20,0x20,0x20,0x20,0x7d,0xd,0xa,0xd,0xa,0x20,0x20,0x20,0x20,0x70,
  0x72,0x6f,0x70,0x65,0x72,0x74,0x79,0x20,0x72,0x65,0x61,0x6c,0x20,0x70,0x72,0x6f,
  0x67,0x72,0x65,0x73,0x73,0x3a,0x20,0x30,0xd,0xa,0xd,0xa,0x20,0x20,0x20,0x20,
  0x70,0x72,0x6f,0x70,0x65,0x72,0x74,0x79,0x20,0x62,0x6f,0x6f,0x6c,0x20,0x62,0x61,
  0x63,0x6b,0x77,0x61,0x72,0x64,0x73,0x3a,0x20,0x66,0x61,0x6c,0x73,0x65,0xd,0xa,
  0xd,0xa,0x20,0x20,0x20,0x20,0x70,0x72,0x6f,0x70,0x65,0x72,0x74,0x79,0x20,0x42,
  0x69,0x6e,0x64,0x69,0x6e,0x67,0x20,0x74,0x69,0x6d,0x65,0x6c,0x69,0x6e,0x65,0x42,
  0x69,0x6e,0x64,0x69,0x6e,0x67,0x3a,0x20,0x42,0x69,0x6e,0x64,0x69,0x6e,0x67,0x20,
  0x7b,0xd,0xa,0x20,0x20,0x20,0x20,0x20,0x20,0x20,0x20,0x74,0x61,0x72,0x67,0x65,
  0x74,0x3a,0x20,0x72,0x6f,0x6f,0x74,0x2e,0x74,0x69,0x6d,0x65,0x6c,0x69,0x6e,0x65,
  0xd,0xa,0x20,0x20,0x20,0x20,0x20,0x20,0x20,0x20,0x70,0x72,0x6f,0x70,0x65,0x72,
  0x74,0x79,0x3a,0x20,0x22,0x63,0x75,0x72,0x72,0x65,0x6e,0x74,0x46,0x72,0x61,0x6d,
  0x65,0x22,0xd,0xa,0x20,0x20,0x20,0x20,0x20,0x20,0x20,0x20,0x76,0x61,0x6c,0x75,
  0x65,0x3a,0x20,0x72,0x6f,0x6f,0x74,0x2e,0x70,0x72,0x6f,0x67,0x72,0x65,0x73,0x73,
  0x20,0x2a,0x20,0x31,0x30,0xd,0xa,0x20,0x20,0x20,0x20,0x7d,0xd,0xa,0xd,0xa,
  0x20,0x20,0x20,0x20,0x66,0x75,0x6e,0x63,0x74,0x69,0x6f,0x6e,0x20,0x72,0x65,0x73,
  0x65,0x74,0x50,0x72,0x6f,0x70,0x65,0x72,0x74,0x69,0x65,0x73,0x28,0x29,0x20,0x7b,
  0xd,0xa,0x20,0x20,0x20,0x20,0x20,0x20,0x20,0x20,0x74,0x72,0x61,0x6e,0x73,0x69,
  0x74,0x69,0x6f,0x6e,0x56,0x69,0x65,0x77,0x2e,0x5f,0x5f,0x66,0x72,0x6f,0x6d,0x43,
  0x6f,0x6e,0x74,0x65,0x6e,0x74,0x49,0x74,0x65,0x6d,0x2e,0x6f,0x70,0x61,0x63,0x69,
  0x74,0x79,0x20,0x3d,0x20,0x31,0xd,0xa,0x20,0x20,0x20,0x20,0x20,0x20,0x20,0x20,
  0x74,0x72,0x61,0x6e,0x73,0x69,0x74,0x69,0x6f,0x6e,0x56,0x69,0x65,0x77,0x2e,0x5f,
  0x5f,0x66,0x72,0x6f,0x6d,0x43,0x6f,0x6e,0x74,0x65,0x6e,0x74,0x49,0x74,0x65,0x6d,
  0x2e,0x78,0x20,0x3d,0x20,0x30,0xd,0xa,0x20,0x20,0x20,0x20,0x20,0x20,0x20,0x20,
  0x74,0x72,0x61,0x6e,0x73,0x69,0x74,0x69,0x6f,0x6e,0x56,0x69,0x65,0x77,0x2e,0x5f,
  0x5f,0x66,0x72,0x6f,0x6d,0x43,0x6f,0x6e,0x74,0x65,0x6e,0x74,0x49,0x74,0x65,0x6d,
  0x2e,0x79,0x20,0x3d,0x20,0x30,0xd,0xa,0x20,0x20,0x20,0x20,0x20,0x20,0x20,0x20,
  0x74,0x72,0x61,0x6e,0x73,0x69,0x74,0x69,0x6f,0x6e,0x56,0x69,0x65,0x77,0x2e,0x5f,
  0x5f,0x66,0x72,0x6f,0x6d,0x43,0x6f,0x6e,0x74,0x65,0x6e,0x74,0x49,0x74,0x65,0x6d,
  0x2e,0x7a,0x20,0x3d,0x20,0x30,0xd,0xa,0x20,0x20,0x20,0x20,0x20,0x20,0x20,0x20,
  0x74,0x72,0x61,0x6e,0x73,0x69,0x74,0x69,0x6f,0x6e,0x56,0x69,0x65,0x77,0x2e,0x5f,
  0x5f,0x66,0x72,0x6f,0x6d,0x43,0x6f,0x6e,0x74,0x65,0x6e,0x74,0x49,0x74,0x65,0x6d,
  0x2e,0x73,0x63,0x61,0x6c,0x65,0x20,0x3d,0x20,0x31,0xd,0xa,0xd,0xa,0x20,0x20,
  0x20,0x20,0x20,0x20,0x20,0x20,0x74,0x72,0x61,0x6e,0x73,0x69,0x74,0x69,0x6f,0x6e,
  0x56,0x69,0x65,0x77,0x2e,0x5f,0x5f,0x74,0x6f,0x43,0x6f,0x6e,0x74,0x65,0x6e,0x74,
  0x49,0x74,0x65,0x6d,0x2e,0x6f,0x70,0x61,0x63,0x69,0x74,0x79,0x20,0x3d,0x20,0x31,
  0xd,0xa,0x20,0x20,0x20,0x20,0x20,0x20,0x20,0x20,0x74,0x72,0x61,0x6e,0x73,0x69,
  0x74,0x69,0x6f,0x6e,0x56,0x69,0x65,0x77,0x2e,0x5f,0x5f,0x74,0x6f,0x43,0x6f,0x6e,
  0x74,0x65,0x6e,0x74,0x49,0x74,0x65,0x6d,0x2e,0x78,0x20,0x3d,0x20,0x30,0xd,0xa,
  0x20,0x20,0x20,0x20,0x20,0x20,0x20,0x20,0x74,0x72,0x61,0x6e,0x73,0x69,0x74,0x69,
  0x6f,0x6e,0x56,0x69,0x65,0x77,0x2e,0x5f,0x5f,0x74,0x6f,0x43,0x6f,0x6e,0x74,0x65,
  0x6e,0x74,0x49,0x74,0x65,0x6d,0x2e,0x79,0x20,0x3d,0x20,0x30,0xd,0xa,0x20,0x20,
  0x20,0x20,0x20,0x20,0x20,0x20,0x74,0x72,0x61,0x6e,0x73,0x69,0x74,0x69,0x6f,0x6e,
  0x56,0x69,0x65,0x77,0x2e,0x5f,0x5f,0x74,0x6f,0x43,0x6f,0x6e,0x74,0x65,0x6e,0x74,
  0x49,0x74,0x65,0x6d,0x2e,0x7a,0x20,0x3d,0x20,0x30,0xd,0xa,0x20,0x20,0x20,0x20,
  0x20,0x20,0x20,0x20,0x74,0x72,0x61,0x6e,0x73,0x69,0x74,0x69,0x6f,0x6e,0x56,0x69,
  0x65,0x77,0x2e,0x5f,0x5f,0x74,0x6f,0x43,0x6f,0x6e,0x74,0x65,0x6e,0x74,0x49,0x74,
  0x65,0x6d,0x2e,0x73,0x63,0x61,0x6c,0x65,0x20,0x3d,0x20,0x31,0xd,0xa,0x20,0x20,
  0x20,0x20,0x7d,0xd,0xa,0xd,0xa,0x20,0x20,0x20,0x20,0x70,0x72,0x6f,0x70,0x65,
  0x72,0x74,0x79,0x20,0x50,0x72,0x6f,0x70,0x65,0x72,0x74,0x79,0x41,0x6e,0x69,0x6d,
  0x61,0x74,0x69,0x6f,0x6e,0x20,0x5f,0x5f,0x61,0x6e,0x69,0x6d,0x3a,0x20,0x50,0x72,
  0x6f,0x70,0x65,0x72,0x74,0x79,0x41,0x6e,0x69,0x6d,0x61,0x74,0x69,0x6f,0x6e,0x20,
  0x7b,0xd,0xa,0x20,0x20,0x20,0x20,0x20,0x20,0x20,0x20,0x69,0x64,0x3a,0x20,0x61,
  0x6e,0x69,0x6d,0xd,0xa,0x20,0x20,0x20,0x20,0x20,0x20,0x20,0x20,0x64,0x75,0x72,
  0x61,0x74,0x69,0x6f,0x6e,0x3a,0x20,0x32,0x35,0x30,0xd,0xa,0x20,0x20,0x20,0x20,
  0x20,0x20,0x20,0x20,0x6c,0x6f,0x6f,0x70,0x73,0x3a,0x20,0x31,0xd,0xa,0x20,0x20,
  0x20,0x20,0x20,0x20,0x20,0x20,0x74,0x61,0x72,0x67,0x65,0x74,0x3a,0x20,0x72,0x6f,
  0x6f,0x74,0xd,0xa,0x20,0x20,0x20,0x20,0x20,0x20,0x20,0x20,0x70,0x72,0x6f,0x70,
  0x65,0x72,0x74,0x79,0x3a,0x20,0x22,0x70,0x72,0x6f,0x67,0x72,0x65,0x73,0x73,0x22,
  0xd,0xa,0x20,0x20,0x20,0x20,0x20,0x20,0x20,0x20,0x6f,0x6e,0x53,0x74,0x6f,0x70,
  0x70,0x65,0x64,0x3a,0x20,0x7b,0xd,0xa,0x20,0x20,0x20,0x20,0x20,0x20,0x20,0x20,
  0x20,0x20,0x20,0x20,0x72,0x6f,0x6f,0x74,0x2e,0x74,0x69,0x6d,0x65,0x6c,0x69,0x6e,
  0x65,0x2e,0x65,0x6e,0x61,0x62,0x6c,0x65,0x64,0x20,0x3d,0x20,0x66,0x61,0x6c,0x73,
  0x65,0xd,0xa,0x20,0x20,0x20,0x20,0x20,0x20,0x20,0x20,0x20,0x20,0x20,0x20,0x2f,
  0x2a,0x20,0x72,0x65,0x73,0x65,0x74,0x20,0x61,0x6c,0x6c,0x20,0x74,0x79,0x70,0x69,
  0x63,0x61,0x6c,0x20,0x70,0x72,0x6f,0x70,0x65,0x72,0x74,0x69,0x65,0x73,0x20,0x2a,
  0x2f,0xd,0xa,0xd,0xa,0x20,0x20,0x20,0x20,0x20,0x20,0x20,0x20,0x20,0x20,0x20,
  0x20,0x72,0x65,0x73,0x65,0x74,0x50,0x72,0x6f,0x70,0x65,0x72,0x74,0x69,0x65,0x73,
  0x28,0x29,0xd,0xa,0xd,0xa,0x20,0x20,0x20,0x20,0x20,0x20,0x20,0x20,0x20,0x20,
  0x20,0x20,0x72,0x6f,0x6f,0x74,0x2e,0x66,0x69,0x6e,0x69,0x73,0x68,0x65,0x64,0x28,
  0x29,0xd,0xa,0xd,0xa,0x20,0x20,0x20,0x20,0x20,0x20,0x20,0x20,0x20,0x20,0x20,
  0x20,0x69,0x66,0x20,0x28,0x21,0x72,0x6f,0x6f,0x74,0x2e,0x5f,0x5f,0x61,0x62,0x6f,
  0x72,0x74,0x65,0x64,0x29,0x20,0x7b,0xd,0xa,0x20,0x20,0x20,0x20,0x20,0x20,0x20,
  0x20,0x20,0x20,0x20,0x20,0x20,0x20,0x20,0x20,0x72,0x6f,0x6f,0x74,0x2e,0x74,0x72,
  0x61,0x6e,0x73,0x69,0x74,0x69,0x6f,0x6e,0x56,0x69,0x65,0x77,0x2e,0x5f,0x5f,0x73,
  0x65,0x74,0x75,0x70,0x43,0x75,0x72,0x72,0x65,0x6e,0x74,0x49,0x74,0x65,0x6d,0x28,
  0x29,0xd,0xa,0x20,0x20,0x20,0x20,0x20,0x20,0x20,0x20,0x20,0x20,0x20,0x20,0x7d,
  0x20,0x65,0x6c,0x73,0x65,0x20,0x7b,0xd,0xa,0x20,0x20,0x20,0x20,0x20,0x20,0x20,
  0x20,0x20,0x20,0x20,0x20,0x20,0x20,0x20,0x20,0x69,0x66,0x20,0x28,0x72,0x6f,0x6f,
  0x74,0x2e,0x74,0x72,0x61,0x6e,0x73,0x69,0x74,0x69,0x6f,0x6e,0x56,0x69,0x65,0x77,
  0x2e,0x6e,0x65,0x78,0x74,0x49,0x74,0x65,0x6d,0x29,0x20,0x7b,0xd,0xa,0x20,0x20,
  0x20,0x20,0x20,0x20,0x20,0x20,0x20,0x20,0x20,0x20,0x20,0x20,0x20,0x20,0x20,0x20,
  0x20,0x20,0x72,0x6f,0x6f,0x74,0x2e,0x74,0x72,0x61,0x6e,0x73,0x69,0x74,0x69,0x6f,
  0x6e,0x56,0x69,0x65,0x77,0x2e,0x6e,0x65,0x78,0x74,0x49,0x74,0x65,0x6d,0x2e,0x70,
  0x61,0x72,0x65,0x6e,0x74,0x20,0x3d,0x20,0x74,0x72,0x61,0x6e,0x73,0x69,0x74,0x69,
  0x6f,0x6e,0x56,0x69,0x65,0x77,0x2e,0x5f,0x5f,0x73,0x74,0x61,0x63,0x6b,0xd,0xa,
  0x20,0x20,0x20,0x20,0x20,0x20,0x20,0x20,0x20,0x20,0x20,0x20,0x20,0x20,0x20,0x20,
  0x20,0x20,0x20,0x20,0x72,0x6f,0x6f,0x74,0x2e,0x74,0x72,0x61,0x6e,0x73,0x69,0x74,
  0x69,0x6f,0x6e,0x56,0x69,0x65,0x77,0x2e,0x6e,0x65,0x78,0x74,0x49,0x74,0x65,0x6d,
  0x20,0x3d,0x20,0x72,0x6f,0x6f,0x74,0x2e,0x74,0x72,0x61,0x6e,0x73,0x69,0x74,0x69,
  0x6f,0x6e,0x56,0x69,0x65,0x77,0x2e,0x63,0x75,0x72,0x72,0x65,0x6e,0x74,0x49,0x74,
  0x65,0x6d,0xd,0xa,0x20,0x20,0x20,0x20,0x20,0x20,0x20,0x20,0x20,0x20,0x20,0x20,
  0x20,0x20,0x20,0x20,0x7d,0xd,0xa,0x20,0x20,0x20,0x20,0x20,0x20,0x20,0x20,0x20,
  0x20,0x20,0x20,0x20,0x20,0x20,0x20,0x72,0x6f,0x6f,0x74,0x2e,0x74,0x72,0x61,0x6e,
  0x73,0x69,0x74,0x69,0x6f,0x6e,0x56,0x69,0x65,0x77,0x2e,0x5f,0x5f,0x73,0x65,0x74,
  0x75,0x70,0x43,0x75,0x72,0x72,0x65,0x6e,0x74,0x49,0x74,0x65,0x6d,0x28,0x29,0xd,
  0xa,0x20,0x20,0x20,0x20,0x20,0x20,0x20,0x20,0x20,0x20,0x20,0x20,0x20,0x20,0x20,
  0x20,0x72,0x6f,0x6f,0x74,0x2e,0x74,0x72,0x61,0x6e,0x73,0x69,0x74,0x69,0x6f,0x6e,
  0x56,0x69,0x65,0x77,0x2e,0x6e,0x65,0x78,0x74,0x49,0x74,0x65,0x6d,0x20,0x3d,0x20,
  0x6e,0x75,0x6c,0x6c,0xd,0xa,0x20,0x20,0x20,0x20,0x20,0x20,0x20,0x20,0x20,0x20,
  0x20,0x20,0x7d,0xd,0xa,0xd,0xa,0x20,0x20,0x20,0x20,0x20,0x20,0x20,0x20,0x20,
  0x20,0x20,0x20,0x72,0x6f,0x6f,0x74,0x2e,0x70,0x72,0x6f,0x67,0x72,0x65,0x73,0x73,
  0x20,0x3d,0x20,0x30,0xd,0xa,0x20,0x20,0x20,0x20,0x20,0x20,0x20,0x20,0x7d,0xd,
  0xa,0x20,0x20,0x20,0x20,0x7d,0xd,0xa,0xd,0xa,0x7d,0xd,0xa,0xd,0xa,0x2f,
  0x2a,0x23,0x23,0x5e,0x23,0x23,0xd,0xa,0x44,0x65,0x73,0x69,0x67,0x6e,0x65,0x72,
  0x20,0x7b,0xd,0xa,0x20,0x20,0x20,0x20,0x44,0x7b,0x69,0x3a,0x30,0x3b,0x61,0x75,
  0x74,0x6f,0x53,0x69,0x7a,0x65,0x3a,0x74,0x72,0x75,0x65,0x3b,0x68,0x65,0x69,0x67,
  0x68,0x74,0x3a,0x34,0x38,0x30,0x3b,0x77,0x69,0x64,0x74,0x68,0x3a,0x36,0x34,0x30,
  0x7d,0xd,0xa,0x7d,0xd,0xa,0x23,0x23,0x5e,0x23,0x23,0x2a,0x2f,0xd,0xa,
    // FlowSlideUpEffect.qml
  0x0,0x0,0x7,0xf8,
  0x2f,
  0x2a,0x2a,0x2a,0x2a,0x2a,0x2a,0x2a,0x2a,0x2a,0x2a,0x2a,0x2a,0x2a,0x2a,0x2a,0x2a,
  0x2a,0x2a,0x2a,0x2a,0x2a,0x2a,0x2a,0x2a,0x2a,0x2a,0x2a,0x2a,0x2a,0x2a,0x2a,0x2a,
  0x2a,0x2a,0x2a,0x2a,0x2a,0x2a,0x2a,0x2a,0x2a,0x2a,0x2a,0x2a,0x2a,0x2a,0x2a,0x2a,
  0x2a,0x2a,0x2a,0x2a,0x2a,0x2a,0x2a,0x2a,0x2a,0x2a,0x2a,0x2a,0x2a,0x2a,0x2a,0x2a,
  0x2a,0x2a,0x2a,0x2a,0x2a,0x2a,0x2a,0x2a,0x2a,0x2a,0x2a,0x2a,0xd,0xa,0x2a,0x2a,
  0xd,0xa,0x2a,0x2a,0x20,0x43,0x6f,0x70,0x79,0x72,0x69,0x67,0x68,0x74,0x20,0x28,
  0x43,0x29,0x20,0x32,0x30,0x32,0x30,0x20,0x54,0x68,0x65,0x20,0x51,0x74,0x20,0x43,
  0x6f,0x6d,0x70,0x61,0x6e,0x79,0x20,0x4c,0x74,0x64,0x2e,0xd,0xa,0x2a,0x2a,0x20,
  0x43,0x6f,0x6e,0x74,0x61,0x63,0x74,0x3a,0x20,0x68,0x74,0x74,0x70,0x73,0x3a,0x2f,
  0x2f,0x77,0x77,0x77,0x2e,0x71,0x74,0x2e,0x69,0x6f,0x2f,0x6c,0x69,0x63,0x65,0x6e,
  0x73,0x69,0x6e,0x67,0x2f,0xd,0xa,0x2a,0x2a,0xd,0xa,0x2a,0x2a,0x20,0x54,0x68,
  0x69,0x73,0x20,0x66,0x69,0x6c,0x65,0x20,0x69,0x73,0x20,0x70,0x61,0x72,0x74,0x20,
  0x6f,0x66,0x20,0x51,0x74,0x20,0x51,0x75,0x69,0x63,0x6b,0x20,0x44,0x65,0x73,0x69,
  0x67,0x6e,0x65,0x72,0x20,0x43,0x6f,0x6d,0x70,0x6f,0x6e,0x65,0x6e,0x74,0x73,0x2e,
  0xd,0xa,0x2a,0x2a,0xd,0xa,0x2a,0x2a,0x20,0x24,0x51,0x54,0x5f,0x42,0x45,0x47,
  0x49,0x4e,0x5f,0x4c,0x49,0x43,0x45,0x4e,0x53,0x45,0x3a,0x47,0x50,0x4c,0x24,0xd,
  0xa,0x2a,0x2a,0x20,0x43,0x6f,0x6d,0x6d,0x65,0x72,0x63,0x69,0x61,0x6c,0x20,0x4c,
  0x69,0x63,0x65,0x6e,0x73,0x65,0x20,0x55,0x73,0x61,0x67,0x65,0xd,0xa,0x2a,0x2a,
  0x20,0x4c,0x69,0x63,0x65,0x6e,0x73,0x65,0x65,0x73,0x20,0x68,0x6f,0x6c,0x64,0x69,
  0x6e,0x67,0x20,0x76,0x61,0x6c,0x69,0x64,0x20,0x63,0x6f,0x6d,0x6d,0x65,0x72,0x63,
  0x69,0x61,0x6c,0x20,0x51,0x74,0x20,0x6c,0x69,0x63,0x65,0x6e,0x73,0x65,0x73,0x20,
  0x6d,0x61,0x79,0x20,0x75,0x73,0x65,0x20,0x74,0x68,0x69,0x73,0x20,0x66,0x69,0x6c,
  0x65,0x20,0x69,0x6e,0xd,0xa,0x2a,0x2a,0x20,0x61,0x63,0x63,0x6f,0x72,0x64,0x61,
  0x6e,0x63,0x65,0x20,0x77,0x69,0x74,0x68,0x20,0x74,0x68,0x65,0x20,0x63,0x6f,0x6d,
  0x6d,0x65,0x72,0x63,0x69,0x61,0x6c,0x20,0x6c,0x69,0x63,0x65,0x6e,0x73,0x65,0x20,
  0x61,0x67,0x72,0x65,0x65,0x6d,0x65,0x6e,0x74,0x20,0x70,0x72,0x6f,0x76,0x69,0x64,
  0x65,0x64,0x20,0x77,0x69,0x74,0x68,0x20,0x74,0x68,0x65,0xd,0xa,0x2a,0x2a,0x20,
  0x53,0x6f,0x66,0x74,0x77,0x61,0x72,0x65,0x20,0x6f,0x72,0x2c,0x20,0x61,0x6c,0x74,
  0x65,0x72,0x6e,0x61,0x74,0x69,0x76,0x65,0x6c,0x79,0x2c,0x20,0x69,0x6e,0x20,0x61,
  0x63,0x63,0x6f,0x72,0x64,0x61,0x6e,0x63,0x65,0x20,0x77,0x69,0x74,0x68,0x20,0x74,
  0x68,0x65,0x20,0x74,0x65,0x72,0x6d,0x73,0x20,0x63,0x6f,0x6e,0x74,0x61,0x69,0x6e,
  0x65,0x64,0x20,0x69,0x6e,0xd,0xa,0x2a,0x2a,0x20,0x61,0x20,0x77,0x72,0x69,0x74,
  0x74,0x65,0x6e,0x20,0x61,0x67,0x72,0x65,0x65,0x6d,0x65,0x6e,0x74,0x20,0x62,0x65,
  0x74,0x77,0x65,0x65,0x6e,0x20,0x79,0x6f,0x75,0x20,0x61,0x6e,0x64,0x20,0x54,0x68,
  0x65,0x20,0x51,0x74,0x20,0x43,0x6f,0x6d,0x70,0x61,0x6e,0x79,0x2e,0x20,0x46,0x6f,
  0x72,0x20,0x6c,0x69,0x63,0x65,0x6e,0x73,0x69,0x6e,0x67,0x20,0x74,0x65,0x72,0x6d,
  0x73,0xd,0xa,0x2a,0x2a,0x20,0x61,0x6e,0x64,0x20,0x63,0x6f,0x6e,0x64,0x69,0x74,
  0x69,0x6f,0x6e,0x73,0x20,0x73,0x65,0x65,0x20,0x68,0x74,0x74,0x70,0x73,0x3a,0x2f,
  0x2f,0x77,0x77,0x77,0x2e,0x71,0x74,0x2e,0x69,0x6f,0x2f,0x74,0x65,0x72,0x6d,0x73,
  0x2d,0x63,0x6f,0x6e,0x64,0x69,0x74,0x69,0x6f,0x6e,0x73,0x2e,0x20,0x46,0x6f,0x72,
  0x20,0x66,0x75,0x72,0x74,0x68,0x65,0x72,0xd,0xa,0x2a,0x2a,0x20,0x69,0x6e,0x66,
  0x6f,0x72,0x6d,0x61,0x74,0x69,0x6f,0x6e,0x20,0x75,0x73,0x65,0x20,0x74,0x68,0x65,
  0x20,0x63,0x6f,0x6e,0x74,0x61,0x63,0x74,0x20,0x66,0x6f,0x72,0x6d,0x20,0x61,0x74,
  0x20,0x68,0x74,0x74,0x70,0x73,0x3a,0x2f,0x2f,0x77,0x77,0x77,0x2e,0x71,0x74,0x2e,
  0x69,0x6f,0x2f,0x63,0x6f,0x6e,0x74,0x61,0x63,0x74,0x2d,0x75,0x73,0x2e,0xd,0xa,
  0x2a,0x2a,0xd,0xa,0x2a,0x2a,0x20,0x47,0x4e,0x55,0x20,0x47,0x65,0x6e,0x65,0x72,
  0x61,0x6c,0x20,0x50,0x75,0x62,0x6c,0x69,0x63,0x20,0x4c,0x69,0x63,0x65,0x6e,0x73,
  0x65,0x20,0x55,0x73,0x61,0x67,0x65,0xd,0xa,0x2a,0x2a,0x20,0x41,0x6c,0x74,0x65,
  0x72,0x6e,0x61,0x74,0x69,0x76,0x65,0x6c,0x79,0x2c,0x20,0x74,0x68,0x69,0x73,0x20,
  0x66,0x69,0x6c,0x65,0x20,0x6d,0x61,0x79,0x20,0x62,0x65,0x20,0x75,0x73,0x65,0x64,
  0x20,0x75,0x6e,0x64,0x65,0x72,0x20,0x74,0x68,0x65,0x20,0x74,0x65,0x72,0x6d,0x73,
  0x20,0x6f,0x66,0x20,0x74,0x68,0x65,0x20,0x47,0x4e,0x55,0xd,0xa,0x2a,0x2a,0x20,
  0x47,0x65,0x6e,0x65,0x72,0x61,0x6c,0x20,0x50,0x75,0x62,0x6c,0x69,0x63,0x20,0x4c,
  0x69,0x63,0x65,0x6e,0x73,0x65,0x20,0x76,0x65,0x72,0x73,0x69,0x6f,0x6e,0x20,0x33,
  0x20,0x6f,0x72,0x20,0x28,0x61,0x74,0x20,0x79,0x6f,0x75,0x72,0x20,0x6f,0x70,0x74,
  0x69,0x6f,0x6e,0x29,0x20,0x61,0x6e,0x79,0x20,0x6c,0x61,0x74,0x65,0x72,0x20,0x76,
  0x65,0x72,0x73,0x69,0x6f,0x6e,0xd,0xa,0x2a,0x2a,0x20,0x61,0x70,0x70,0x72,0x6f,
  0x76,0x65,0x64,0x20,0x62,0x79,0x20,0x74,0x68,0x65,0x20,0x4b,0x44,0x45,0x20,0x46,
  0x72,0x65,0x65,0x20,0x51,0x74,0x20,0x46,0x6f,0x75,0x6e,0x64,0x61,0x74,0x69,0x6f,
  0x6e,0x2e,0x20,0x54,0x68,0x65,0x20,0x6c,0x69,0x63,0x65,0x6e,0x73,0x65,0x73,0x20,
  0x61,0x72,0x65,0x20,0x61,0x73,0x20,0x70,0x75,0x62,0x6c,0x69,0x73,0x68,0x65,0x64,
  0x20,0x62,0x79,0xd,0xa,0x2a,0x2a,0x20,0x74,0x68,0x65,0x20,0x46,0x72,0x65,0x65,
  0x20,0x53,0x6f,0x66,0x74,0x77,0x61,0x72,0x65,0x20,0x46,0x6f,0x75,0x6e,0x64,0x61,
  0x74,0x69,0x6f,0x6e,0x20,0x61,0x6e,0x64,0x20,0x61,0x70,0x70,0x65,0x61,0x72,0x69,
  0x6e,0x67,0x20,0x69,0x6e,0x20,0x74,0x68,0x65,0x20,0x66,0x69,0x6c,0x65,0x20,0x4c,
  0x49,0x43,0x45,0x4e,0x53,0x45,0x2e,0x47,0x50,0x4c,0x33,0xd,0xa,0x2a,0x2a,0x20,
  0x69,0x6e,0x63,0x6c,0x75,0x64,0x65,0x64,0x20,0x69,0x6e,0x20,0x74,0x68,0x65,0x20,
  0x70,0x61,0x63,0x6b,0x61,0x67,0x69,0x6e,0x67,0x20,0x6f,0x66,0x20,0x74,0x68,0x69,
  0x73,0x20,0x66,0x69,0x6c,0x65,0x2e,0x20,0x50,0x6c,0x65,0x61,0x73,0x65,0x20,0x72,
  0x65,0x76,0x69,0x65,0x77,0x20,0x74,0x68,0x65,0x20,0x66,0x6f,0x6c,0x6c,0x6f,0x77,
  0x69,0x6e,0x67,0xd,0xa,0x2a,0x2a,0x20,0x69,0x6e,0x66,0x6f,0x72,0x6d,0x61,0x74,
  0x69,0x6f,0x6e,0x20,0x74,0x6f,0x20,0x65,0x6e,0x73,0x75,0x72,0x65,0x20,0x74,0x68,
  0x65,0x20,0x47,0x4e,0x55,0x20,0x47,0x65,0x6e,0x65,0x72,0x61,0x6c,0x20,0x50,0x75,
  0x62,0x6c,0x69,0x63,0x20,0x4c,0x69,0x63,0x65,0x6e,0x73,0x65,0x20,0x72,0x65,0x71,
  0x75,0x69,0x72,0x65,0x6d,0x65,0x6e,0x74,0x73,0x20,0x77,0x69,0x6c,0x6c,0xd,0xa,
  0x2a,0x2a,0x20,0x62,0x65,0x20,0x6d,0x65,0x74,0x3a,0x20,0x68,0x74,0x74,0x70,0x73,
  0x3a,0x2f,0x2f,0x77,0x77,0x77,0x2e,0x67,0x6e,0x75,0x2e,0x6f,0x72,0x67,0x2f,0x6c,
  0x69,0x63,0x65,0x6e,0x73,0x65,0x73,0x2f,0x67,0x70,0x6c,0x2d,0x33,0x2e,0x30,0x2e,
  0x68,0x74,0x6d,0x6c,0x2e,0xd,0xa,0x2a,0x2a,0xd,0xa,0x2a,0x2a,0x20,0x24,0x51,
  0x54,0x5f,0x45,0x4e,0x44,0x5f,0x4c,0x49,0x43,0x45,0x4e,0x53,0x45,0x24,0xd,0xa,
  0x2a,0x2a,0xd,0xa,0x2a,0x2a,0x2a,0x2a,0x2a,0x2a,0x2a,0x2a,0x2a,0x2a,0x2a,0x2a,
  0x2a,0x2a,0x2a,0x2a,0x2a,0x2a,0x2a,0x2a,0x2a,0x2a,0x2a,0x2a,0x2a,0x2a,0x2a,0x2a,
  0x2a,0x2a,0x2a,0x2a,0x2a,0x2a,0x2a,0x2a,0x2a,0x2a,0x2a,0x2a,0x2a,0x2a,0x2a,0x2a,
  0x2a,0x2a,0x2a,0x2a,0x2a,0x2a,0x2a,0x2a,0x2a,0x2a,0x2a,0x2a,0x2a,0x2a,0x2a,0x2a,
  0x2a,0x2a,0x2a,0x2a,0x2a,0x2a,0x2a,0x2a,0x2a,0x2a,0x2a,0x2a,0x2a,0x2a,0x2a,0x2a,
  0x2f,0xd,0xa,0xd,0xa,0x69,0x6d,0x70,0x6f,0x72,0x74,0x20,0x51,0x74,0x51,0x75,
  0x69,0x63,0x6b,0x20,0x32,0x2e,0x31,0x30,0xd,0xa,0x69,0x6d,0x70,0x6f,0x72,0x74,
  0x20,0x51,0x74,0x51,0x75,0x69,0x63,0x6b,0x2e,0x54,0x69,0x6d,0x65,0x6c,0x69,0x6e,
  0x65,0x20,0x31,0x2e,0x30,0xd,0xa,0xd,0xa,0x46,0x6c,0x6f,0x77,0x45,0x66,0x66,
  0x65,0x63,0x74,0x20,0x7b,0xd,0xa,0x20,0x20,0x20,0x20,0x69,0x64,0x3a,0x20,0x65,
  0x66,0x66,0x65,0x63,0x74,0xd,0xa,0xd,0xa,0x20,0x20,0x20,0x20,0x64,0x75,0x72,
  0x61,0x74,0x69,0x6f,0x6e,0x3a,0x20,0x32,0x35,0x30,0xd,0xa,0x20,0x20,0x20,0x20,
  0x6f,0x6e,0x53,0x74,0x61,0x72,0x74,0x65,0x64,0x3a,0x20,0x67,0x72,0x6f,0x75,0x70,
  0x30,0x31,0x2e,0x74,0x61,0x72,0x67,0x65,0x74,0x20,0x3d,0x20,0x74,0x72,0x61,0x6e,
  0x73,0x69,0x74,0x69,0x6f,0x6e,0x56,0x69,0x65,0x77,0x2e,0x5f,0x5f,0x74,0x6f,0x43,
  0x6f,0x6e,0x74,0x65,0x6e,0x74,0x49,0x74,0x65,0x6d,0xd,0xa,0xd,0xa,0x20,0x20,
  0x20,0x20,0x74,0x69,0x6d,0x65,0x6c,0x69,0x6e,0x65,0x3a,0x20,0x54,0x69,0x6d,0x65,
  0x6c,0x69,0x6e,0x65,0x20,0x7b,0xd,0xa,0x20,0x20,0x20,0x20,0x20,0x20,0x20,0x20,
  0x73,0x74,0x61,0x72,0x74,0x46,0x72,0x61,0x6d,0x65,0x3a,0x20,0x30,0xd,0xa,0x20,
  0x20,0x20,0x20,0x20,0x20,0x20,0x20,0x65,0x6e,0x64,0x46,0x72,0x61,0x6d,0x65,0x3a,
  0x20,0x31,0x30,0x30,0x30,0xd,0xa,0xd,0xa,0x20,0x20,0x20,0x20,0x20,0x20,0x20,
  0x20,0x4b,0x65,0x79,0x66,0x72,0x61,0x6d,0x65,0x47,0x72,0x6f,0x75,0x70,0x20,0x7b,
  0xd,0xa,0x20,0x20,0x20,0x20,0x20,0x20,0x20,0x20,0x20,0x20,0x20,0x20,0x69,0x64,
  0x3a,0x20,0x67,0x72,0x6f,0x75,0x70,0x30,0x31,0xd,0xa,0xd,0xa,0x20,0x20,0x20,
  0x20,0x20,0x20,0x20,0x20,0x20,0x20,0x20,0x20,0x70,0x72,0x6f,0x70,0x65,0x72,0x74,
  0x79,0x3a,0x20,0x22,0x79,0x22,0xd,0xa,0xd,0xa,0x20,0x20,0x20,0x20,0x20,0x20,
  0x20,0x20,0x20,0x20,0x20,0x20,0x4b,0x65,0x79,0x66,0x72,0x61,0x6d,0x65,0x20,0x7b,
  0xd,0xa,0x20,0x20,0x20,0x20,0x20,0x20,0x20,0x20,0x20,0x20,0x20,0x20,0x20,0x20,
  0x20,0x20,0x66,0x72,0x61,0x6d,0x65,0x3a,0x20,0x30,0xd,0xa,0x20,0x20,0x20,0x20,
  0x20,0x20,0x20,0x20,0x20,0x20,0x20,0x20,0x20,0x20,0x20,0x20,0x76,0x61,0x6c,0x75,
  0x65,0x3a,0x20,0x74,0x72,0x61,0x6e,0x73,0x69,0x74,0x69,0x6f,0x6e,0x56,0x69,0x65,
  0x77,0x2e,0x68,0x65,0x69,0x67,0x68,0x74,0xd,0xa,0x20,0x20,0x20,0x20,0x20,0x20,
  0x20,0x20,0x20,0x20,0x20,0x20,0x7d,0xd,0xa,0xd,0xa,0x20,0x20,0x20,0x20,0x20,
  0x20,0x20,0x20,0x20,0x20,0x20,0x20,0x4b,0x65,0x79,0x66,0x72,0x61,0x6d,0x65,0x20,
  0x7b,0xd,0xa,0x20,0x20,0x20,0x20,0x20,0x20,0x20,0x20,0x20,0x20,0x20,0x20,0x20,
  0x20,0x20,0x20,0x66,0x72,0x61,0x6d,0x65,0x3a,0x20,0x31,0x30,0x30,0x30,0xd,0xa,
  0x20,0x20,0x20,0x20,0x20,0x20,0x20,0x20,0x20,0x20,0x20,0x20,0x20,0x20,0x20,0x20,
  0x76,0x61,0x6c,0x75,0x65,0x3a,0x20,0x30,0xd,0xa,0x20,0x20,0x20,0x20,0x20,0x20,
  0x20,0x20,0x20,0x20,0x20,0x20,0x20,0x20,0x20,0x20,0x65,0x61,0x73,0x69,0x6e,0x67,
  0x3a,0x20,0x65,0x66,0x66,0x65,0x63,0x74,0x2e,0x65,0x61,0x73,0x69,0x6e,0x67,0xd,
  0xa,0x20,0x20,0x20,0x20,0x20,0x20,0x20,0x20,0x20,0x20,0x20,0x20,0x7d,0xd,0xa,
  0x20,0x20,0x20,0x20,0x20,0x20,0x20,0x20,0x7d,0xd,0xa,0x20,0x20,0x20,0x20,0x7d,
  0xd,0xa,0x7d,0xd,0xa,0xd,0xa,0x2f,0x2a,0x23,0x23,0x5e,0x23,0x23,0xd,0xa,
  0x44,0x65,0x73,0x69,0x67,0x6e,0x65,0x72,0x20,0x7b,0xd,0xa,0x20,0x20,0x20,0x20,
  0x44,0x7b,0x69,0x3a,0x30,0x3b,0x61,0x75,0x74,0x6f,0x53,0x69,0x7a,0x65,0x3a,0x74,
  0x72,0x75,0x65,0x3b,0x68,0x65,0x69,0x67,0x68,0x74,0x3a,0x34,0x38,0x30,0x3b,0x77,
  0x69,0x64,0x74,0x68,0x3a,0x36,0x34,0x30,0x7d,0xd,0xa,0x7d,0xd,0xa,0x23,0x23,
  0x5e,0x23,0x23,0x2a,0x2f,0xd,0xa,
    // FlowWildcard.qml
  0x0,0x0,0xa,0x19,
  0x2f,
  0x2a,0x2a,0x2a,0x2a,0x2a,0x2a,0x2a,0x2a,0x2a,0x2a,0x2a,0x2a,0x2a,0x2a,0x2a,0x2a,
  0x2a,0x2a,0x2a,0x2a,0x2a,0x2a,0x2a,0x2a,0x2a,0x2a,0x2a,0x2a,0x2a,0x2a,0x2a,0x2a,
  0x2a,0x2a,0x2a,0x2a,0x2a,0x2a,0x2a,0x2a,0x2a,0x2a,0x2a,0x2a,0x2a,0x2a,0x2a,0x2a,
  0x2a,0x2a,0x2a,0x2a,0x2a,0x2a,0x2a,0x2a,0x2a,0x2a,0x2a,0x2a,0x2a,0x2a,0x2a,0x2a,
  0x2a,0x2a,0x2a,0x2a,0x2a,0x2a,0x2a,0x2a,0x2a,0x2a,0x2a,0x2a,0xd,0xa,0x2a,0x2a,
  0xd,0xa,0x2a,0x2a,0x20,0x43,0x6f,0x70,0x79,0x72,0x69,0x67,0x68,0x74,0x20,0x28,
  0x43,0x29,0x20,0x32,0x30,0x32,0x30,0x20,0x54,0x68,0x65,0x20,0x51,0x74,0x20,0x43,
  0x6f,0x6d,0x70,0x61,0x6e,0x79,0x20,0x4c,0x74,0x64,0x2e,0xd,0xa,0x2a,0x2a,0x20,
  0x43,0x6f,0x6e,0x74,0x61,0x63,0x74,0x3a,0x20,0x68,0x74,0x74,0x70,0x73,0x3a,0x2f,
  0x2f,0x77,0x77,0x77,0x2e,0x71,0x74,0x2e,0x69,0x6f,0x2f,0x6c,0x69,0x63,0x65,0x6e,
  0x73,0x69,0x6e,0x67,0x2f,0xd,0xa,0x2a,0x2a,0xd,0xa,0x2a,0x2a,0x20,0x54,0x68,
  0x69,0x73,0x20,0x66,0x69,0x6c,0x65,0x20,0x69,0x73,0x20,0x70,0x61,0x72,0x74,0x20,
  0x6f,0x66,0x20,0x51,0x74,0x20,0x51,0x75,0x69,0x63,0x6b,0x20,0x44,0x65,0x73,0x69,
  0x67,0x6e,0x65,0x72,0x20,0x43,0x6f,0x6d,0x70,0x6f,0x6e,0x65,0x6e,0x74,0x73,0x2e,
  0xd,0xa,0x2a,0x2a,0xd,0xa,0x2a,0x2a,0x20,0x24,0x51,0x54,0x5f,0x42,0x45,0x47,
  0x49,0x4e,0x5f,0x4c,0x49,0x43,0x45,0x4e,0x53,0x45,0x3a,0x47,0x50,0x4c,0x24,0xd,
  0xa,0x2a,0x2a,0x20,0x43,0x6f,0x6d,0x6d,0x65,0x72,0x63,0x69,0x61,0x6c,0x20,0x4c,
  0x69,0x63,0x65,0x6e,0x73,0x65,0x20,0x55,0x73,0x61,0x67,0x65,0xd,0xa,0x2a,0x2a,
  0x20,0x4c,0x69,0x63,0x65,0x6e,0x73,0x65,0x65,0x73,0x20,0x68,0x6f,0x6c,0x64,0x69,
  0x6e,0x67,0x20,0x76,0x61,0x6c,0x69,0x64,0x20,0x63,0x6f,0x6d,0x6d,0x65,0x72,0x63,
  0x69,0x61,0x6c,0x20,0x51,0x74,0x20,0x6c,0x69,0x63,0x65,0x6e,0x73,0x65,0x73,0x20,
  0x6d,0x61,0x79,0x20,0x75,0x73,0x65,0x20,0x74,0x68,0x69,0x73,0x20,0x66,0x69,0x6c,
  0x65,0x20,0x69,0x6e,0xd,0xa,0x2a,0x2a,0x20,0x61,0x63,0x63,0x6f,0x72,0x64,0x61,
  0x6e,0x63,0x65,0x20,0x77,0x69,0x74,0x68,0x20,0x74,0x68,0x65,0x20,0x63,0x6f,0x6d,
  0x6d,0x65,0x72,0x63,0x69,0x61,0x6c,0x20,0x6c,0x69,0x63,0x65,0x6e,0x73,0x65,0x20,
  0x61,0x67,0x72,0x65,0x65,0x6d,0x65,0x6e,0x74,0x20,0x70,0x72,0x6f,0x76,0x69,0x64,
  0x65,0x64,0x20,0x77,0x69,0x74,0x68,0x20,0x74,0x68,0x65,0xd,0xa,0x2a,0x2a,0x20,
  0x53,0x6f,0x66,0x74,0x77,0x61,0x72,0x65,0x20,0x6f,0x72,0x2c,0x20,0x61,0x6c,0x74,
  0x65,0x72,0x6e,0x61,0x74,0x69,0x76,0x65,0x6c,0x79,0x2c,0x20,0x69,0x6e,0x20,0x61,
  0x63,0x63,0x6f,0x72,0x64,0x61,0x6e,0x63,0x65,0x20,0x77,0x69,0x74,0x68,0x20,0x74,
  0x68,0x65,0x20,0x74,0x65,0x72,0x6d,0x73,0x20,0x63,0x6f,0x6e,0x74,0x61,0x69,0x6e,
  0x65,0x64,0x20,0x69,0x6e,0xd,0xa,0x2a,0x2a,0x20,0x61,0x20,0x77,0x72,0x69,0x74,
  0x74,0x65,0x6e,0x20,0x61,0x67,0x72,0x65,0x65,0x6d,0x65,0x6e,0x74,0x20,0x62,0x65,
  0x74,0x77,0x65,0x65,0x6e,0x20,0x79,0x6f,0x75,0x20,0x61,0x6e,0x64,0x20,0x54,0x68,
  0x65,0x20,0x51,0x74,0x20,0x43,0x6f,0x6d,0x70,0x61,0x6e,0x79,0x2e,0x20,0x46,0x6f,
  0x72,0x20,0x6c,0x69,0x63,0x65,0x6e,0x73,0x69,0x6e,0x67,0x20,0x74,0x65,0x72,0x6d,
  0x73,0xd,0xa,0x2a,0x2a,0x20,0x61,0x6e,0x64,0x20,0x63,0x6f,0x6e,0x64,0x69,0x74,
  0x69,0x6f,0x6e,0x73,0x20,0x73,0x65,0x65,0x20,0x68,0x74,0x74,0x70,0x73,0x3a,0x2f,
  0x2f,0x77,0x77,0x77,0x2e,0x71,0x74,0x2e,0x69,0x6f,0x2f,0x74,0x65,0x72,0x6d,0x73,
  0x2d,0x63,0x6f,0x6e,0x64,0x69,0x74,0x69,0x6f,0x6e,0x73,0x2e,0x20,0x46,0x6f,0x72,
  0x20,0x66,0x75,0x72,0x74,0x68,0x65,0x72,0xd,0xa,0x2a,0x2a,0x20,0x69,0x6e,0x66,
  0x6f,0x72,0x6d,0x61,0x74,0x69,0x6f,0x6e,0x20,0x75,0x73,0x65,0x20,0x74,0x68,0x65,
  0x20,0x63,0x6f,0x6e,0x74,0x61,0x63,0x74,0x20,0x66,0x6f,0x72,0x6d,0x20,0x61,0x74,
  0x20,0x68,0x74,0x74,0x70,0x73,0x3a,0x2f,0x2f,0x77,0x77,0x77,0x2e,0x71,0x74,0x2e,
  0x69,0x6f,0x2f,0x63,0x6f,0x6e,0x74,0x61,0x63,0x74,0x2d,0x75,0x73,0x2e,0xd,0xa,
  0x2a,0x2a,0xd,0xa,0x2a,0x2a,0x20,0x47,0x4e,0x55,0x20,0x47,0x65,0x6e,0x65,0x72,
  0x61,0x6c,0x20,0x50,0x75,0x62,0x6c,0x69,0x63,0x20,0x4c,0x69,0x63,0x65,0x6e,0x73,
  0x65,0x20,0x55,0x73,0x61,0x67,0x65,0xd,0xa,0x2a,0x2a,0x20,0x41,0x6c,0x74,0x65,
  0x72,0x6e,0x61,0x74,0x69,0x76,0x65,0x6c,0x79,0x2c,0x20,0x74,0x68,0x69,0x73,0x20,
  0x66,0x69,0x6c,0x65,0x20,0x6d,0x61,0x79,0x20,0x62,0x65,0x20,0x75,0x73,0x65,0x64,
  0x20,0x75,0x6e,0x64,0x65,0x72,0x20,0x74,0x68,0x65,0x20,0x74,0x65,0x72,0x6d,0x73,
  0x20,0x6f,0x66,0x20,0x74,0x68,0x65,0x20,0x47,0x4e,0x55,0xd,0xa,0x2a,0x2a,0x20,
  0x47,0x65,0x6e,0x65,0x72,0x61,0x6c,0x20,0x50,0x75,0x62,0x6c,0x69,0x63,0x20,0x4c,
  0x69,0x63,0x65,0x6e,0x73,0x65,0x20,0x76,0x65,0x72,0x73,0x69,0x6f,0x6e,0x20,0x33,
  0x20,0x6f,0x72,0x20,0x28,0x61,0x74,0x20,0x79,0x6f,0x75,0x72,0x20,0x6f,0x70,0x74,
  0x69,0x6f,0x6e,0x29,0x20,0x61,0x6e,0x79,0x20,0x6c,0x61,0x74,0x65,0x72,0x20,0x76,
  0x65,0x72,0x73,0x69,0x6f,0x6e,0xd,0xa,0x2a,0x2a,0x20,0x61,0x70,0x70,0x72,0x6f,
  0x76,0x65,0x64,0x20,0x62,0x79,0x20,0x74,0x68,0x65,0x20,0x4b,0x44,0x45,0x20,0x46,
  0x72,0x65,0x65,0x20,0x51,0x74,0x20,0x46,0x6f,0x75,0x6e,0x64,0x61,0x74,0x69,0x6f,
  0x6e,0x2e,0x20,0x54,0x68,0x65,0x20,0x6c,0x69,0x63,0x65,0x6e,0x73,0x65,0x73,0x20,
  0x61,0x72,0x65,0x20,0x61,0x73,0x20,0x70,0x75,0x62,0x6c,0x69,0x73,0x68,0x65,0x64,
  0x20,0x62,0x79,0xd,0xa,0x2a,0x2a,0x20,0x74,0x68,0x65,0x20,0x46,0x72,0x65,0x65,
  0x20,0x53,0x6f,0x66,0x74,0x77,0x61,0x72,0x65,0x20,0x46,0x6f,0x75,0x6e,0x64,0x61,
  0x74,0x69,0x6f,0x6e,0x20,0x61,0x6e,0x64,0x20,0x61,0x70,0x70,0x65,0x61,0x72,0x69,
  0x6e,0x67,0x20,0x69,0x6e,0x20,0x74,0x68,0x65,0x20,0x66,0x69,0x6c,0x65,0x20,0x4c,
  0x49,0x43,0x45,0x4e,0x53,0x45,0x2e,0x47,0x50,0x4c,0x33,0xd,0xa,0x2a,0x2a,0x20,
  0x69,0x6e,0x63,0x6c,0x75,0x64,0x65,0x64,0x20,0x69,0x6e,0x20,0x74,0x68,0x65,0x20,
  0x70,0x61,0x63,0x6b,0x61,0x67,0x69,0x6e,0x67,0x20,0x6f,0x66,0x20,0x74,0x68,0x69,
  0x73,0x20,0x66,0x69,0x6c,0x65,0x2e,0x20,0x50,0x6c,0x65,0x61,0x73,0x65,0x20,0x72,
  0x65,0x76,0x69,0x65,0x77,0x20,0x74,0x68,0x65,0x20,0x66,0x6f,0x6c,0x6c,0x6f,0x77,
  0x69,0x6e,0x67,0xd,0xa,0x2a,0x2a,0x20,0x69,0x6e,0x66,0x6f,0x72,0x6d,0x61,0x74,
  0x69,0x6f,0x6e,0x20,0x74,0x6f,0x20,0x65,0x6e,0x73,0x75,0x72,0x65,0x20,0x74,0x68,
  0x65,0x20,0x47,0x4e,0x55,0x20,0x47,0x65,0x6e,0x65,0x72,0x61,0x6c,0x20,0x50,0x75,
  0x62,0x6c,0x69,0x63,0x20,0x4c,0x69,0x63,0x65,0x6e,0x73,0x65,0x20,0x72,0x65,0x71,
  0x75,0x69,0x72,0x65,0x6d,0x65,0x6e,0x74,0x73,0x20,0x77,0x69,0x6c,0x6c,0xd,0xa,
  0x2a,0x2a,0x20,0x62,0x65,0x20,0x6d,0x65,0x74,0x3a,0x20,0x68,0x74,0x74,0x70,0x73,
  0x3a,0x2f,0x2f,0x77,0x77,0x77,0x2e,0x67,0x6e,0x75,0x2e,0x6f,0x72,0x67,0x2f,0x6c,
  0x69,0x63,0x65,0x6e,0x73,0x65,0x73,0x2f,0x67,0x70,0x6c,0x2d,0x33,0x2e,0x30,0x2e,
  0x68,0x74,0x6d,0x6c,0x2e,0xd,0xa,0x2a,0x2a,0xd,0xa,0x2a,0x2a,0x20,0x24,0x51,
  0x54,0x5f,0x45,0x4e,0x44,0x5f,0x4c,0x49,0x43,0x45,0x4e,0x53,0x45,0x24,0xd,0xa,
  0x2a,0x2a,0xd,0xa,0x2a,0x2a,0x2a,0x2a,0x2a,0x2a,0x2a,0x2a,0x2a,0x2a,0x2a,0x2a,
  0x2a,0x2a,0x2a,0x2a,0x2a,0x2a,0x2a,0x2a,0x2a,0x2a,0x2a,0x2a,0x2a,0x2a,0x2a,0x2a,
  0x2a,0x2a,0x2a,0x2a,0x2a,0x2a,0x2a,0x2a,0x2a,0x2a,0x2a,0x2a,0x2a,0x2a,0x2a,0x2a,
  0x2a,0x2a,0x2a,0x2a,0x2a,0x2a,0x2a,0x2a,0x2a,0x2a,0x2a,0x2a,0x2a,0x2a,0x2a,0x2a,
  0x2a,0x2a,0x2a,0x2a,0x2a,0x2a,0x2a,0x2a,0x2a,0x2a,0x2a,0x2a,0x2a,0x2a,0x2a,0x2a,
  0x2f,0xd,0xa,0xd,0xa,0x69,0x6d,0x70,0x6f,0x72,0x74,0x20,0x51,0x74,0x51,0x75,
  0x69,0x63,0x6b,0x20,0x32,0x2e,0x31,0x35,0xd,0xa,0x69,0x6d,0x70,0x6f,0x72,0x74,
  0x20,0x51,0x74,0x51,0x75,0x69,0x63,0x6b,0x2e,0x53,0x74,0x75,0x64,0x69,0x6f,0x2e,
  0x45,0x76,0x65,0x6e,0x74,0x53,0x79,0x73,0x74,0x65,0x6d,0x20,0x31,0x2e,0x30,0xd,
  0xa,0xd,0xa,0x51,0x74,0x4f,0x62,0x6a,0x65,0x63,0x74,0x20,0x7b,0xd,0xa,0x20,
  0x20,0x20,0x20,0x69,0x64,0x3a,0x20,0x72,0x6f,0x6f,0x74,0xd,0xa,0xd,0xa,0x20,
  0x20,0x20,0x20,0x70,0x72,0x6f,0x70,0x65,0x72,0x74,0x79,0x20,0x6c,0x69,0x73,0x74,
  0x3c,0x46,0x6c,0x6f,0x77,0x49,0x74,0x65,0x6d,0x3e,0x20,0x70,0x6f,0x73,0x69,0x74,
  0x69,0x76,0x65,0x6c,0x69,0x73,0x74,0xd,0xa,0x20,0x20,0x20,0x20,0x70,0x72,0x6f,
  0x70,0x65,0x72,0x74,0x79,0x20,0x6c,0x69,0x73,0x74,0x3c,0x46,0x6c,0x6f,0x77,0x49,
  0x74,0x65,0x6d,0x3e,0x20,0x6e,0x65,0x67,0x61,0x74,0x69,0x76,0x65,0x6c,0x69,0x73,
  0x74,0xd,0xa,0xd,0xa,0x20,0x20,0x20,0x20,0x64,0x65,0x66,0x61,0x75,0x6c,0x74,
  0x20,0x70,0x72,0x6f,0x70,0x65,0x72,0x74,0x79,0x20,0x6c,0x69,0x73,0x74,0x3c,0x51,
  0x74,0x4f,0x62,0x6a,0x65,0x63,0x74,0x3e,0x20,0x64,0x61,0x74,0x61,0xd,0xa,0xd,
  0xa,0x20,0x20,0x20,0x20,0x70,0x72,0x6f,0x70,0x65,0x72,0x74,0x79,0x20,0x46,0x6c,
  0x6f,0x77,0x54,0x72,0x61,0x6e,0x73,0x69,0x74,0x69,0x6f,0x6e,0x20,0x74,0x61,0x72,
  0x67,0x65,0x74,0xd,0xa,0xd,0xa,0x20,0x20,0x20,0x20,0x70,0x72,0x6f,0x70,0x65,
  0x72,0x74,0x79,0x20,0x76,0x61,0x72,0x20,0x74,0x72,0x61,0x6e,0x73,0x69,0x74,0x69,
  0x6f,0x6e,0x56,0x69,0x65,0x77,0x3a,0x20,0x49,0x74,0x65,0x6d,0x20,0x7b,0x7d,0xd,
  0xa,0xd,0xa,0x20,0x20,0x20,0x20,0x70,0x72,0x6f,0x70,0x65,0x72,0x74,0x79,0x20,
  0x62,0x6f,0x6f,0x6c,0x20,0x67,0x6c,0x6f,0x62,0x61,0x6c,0x57,0x69,0x6c,0x64,0x63,
  0x61,0x72,0x64,0x3a,0x20,0x66,0x61,0x6c,0x73,0x65,0xd,0xa,0xd,0xa,0x20,0x20,
  0x20,0x20,0x66,0x75,0x6e,0x63,0x74,0x69,0x6f,0x6e,0x20,0x74,0x72,0x69,0x67,0x67,
  0x65,0x72,0x28,0x29,0x20,0x7b,0xd,0xa,0x20,0x20,0x20,0x20,0x20,0x20,0x20,0x20,
  0x76,0x61,0x72,0x20,0x63,0x49,0x74,0x65,0x6d,0x20,0x3d,0x20,0x72,0x6f,0x6f,0x74,
  0x2e,0x74,0x72,0x61,0x6e,0x73,0x69,0x74,0x69,0x6f,0x6e,0x56,0x69,0x65,0x77,0x2e,
  0x63,0x75,0x72,0x72,0x65,0x6e,0x74,0x49,0x74,0x65,0x6d,0xd,0xa,0xd,0xa,0x20,
  0x20,0x20,0x20,0x20,0x20,0x20,0x20,0x69,0x66,0x20,0x28,0x72,0x6f,0x6f,0x74,0x2e,
  0x67,0x6c,0x6f,0x62,0x61,0x6c,0x57,0x69,0x6c,0x64,0x63,0x61,0x72,0x64,0x20,0x26,
  0x26,0x20,0x72,0x6f,0x6f,0x74,0x2e,0x74,0x72,0x61,0x6e,0x73,0x69,0x74,0x69,0x6f,
  0x6e,0x56,0x69,0x65,0x77,0x2e,0x70,0x61,0x72,0x65,0x6e,0x74,0x46,0x6c,0x6f,0x77,
  0x56,0x69,0x65,0x77,0x28,0x29,0x29,0x20,0x7b,0xd,0xa,0x20,0x20,0x20,0x20,0x20,
  0x20,0x20,0x20,0x20,0x20,0x20,0x20,0x72,0x6f,0x6f,0x74,0x2e,0x74,0x72,0x61,0x6e,
  0x73,0x69,0x74,0x69,0x6f,0x6e,0x56,0x69,0x65,0x77,0x2e,0x5f,0x5f,0x70,0x61,0x72,
  0x65,0x6e,0x74,0x46,0x6c,0x6f,0x77,0x43,0x68,0x61,0x6e,0x67,0x65,0x64,0x20,0x3d,
  0x20,0x74,0x72,0x75,0x65,0xd,0xa,0x20,0x20,0x20,0x20,0x20,0x20,0x20,0x20,0x20,
  0x20,0x20,0x20,0x72,0x6f,0x6f,0x74,0x2e,0x74,0x72,0x61,0x6e,0x73,0x69,0x74,0x69,
  0x6f,0x6e,0x56,0x69,0x65,0x77,0x2e,0x70,0x61,0x72,0x65,0x6e,0x74,0x46,0x6c,0x6f,
  0x77,0x56,0x69,0x65,0x77,0x28,0x29,0x2e,0x67,0x6f,0x74,0x6f,0x49,0x74,0x65,0x6d,
  0x28,0x72,0x6f,0x6f,0x74,0x2e,0x74,0x72,0x61,0x6e,0x73,0x69,0x74,0x69,0x6f,0x6e,
  0x56,0x69,0x65,0x77,0x2e,0x70,0x61,0x72,0x65,0x6e,0x74,0x46,0x6c,0x6f,0x77,0x49,
  0x74,0x65,0x6d,0x28,0x29,0x29,0xd,0xa,0x20,0x20,0x20,0x20,0x20,0x20,0x20,0x20,
  0x7d,0xd,0xa,0xd,0xa,0x20,0x20,0x20,0x20,0x20,0x20,0x20,0x20,0x69,0x66,0x20,
  0x28,0x63,0x49,0x74,0x65,0x6d,0x20,0x3d,0x3d,0x3d,0x20,0x75,0x6e,0x64,0x65,0x66,
  0x69,0x6e,0x65,0x64,0x29,0xd,0xa,0x20,0x20,0x20,0x20,0x20,0x20,0x20,0x20,0x20,
  0x20,0x20,0x20,0x72,0x65,0x74,0x75,0x72,0x6e,0xd,0xa,0xd,0xa,0x20,0x20,0x20,
  0x20,0x20,0x20,0x20,0x20,0x69,0x66,0x20,0x28,0x72,0x6f,0x6f,0x74,0x2e,0x74,0x72,
  0x61,0x6e,0x73,0x69,0x74,0x69,0x6f,0x6e,0x56,0x69,0x65,0x77,0x2e,0x63,0x68,0x65,
  0x63,0x6b,0x49,0x6e,0x63,0x6c,0x75,0x64,0x65,0x28,0x72,0x6f,0x6f,0x74,0x2e,0x6e,
  0x65,0x67,0x61,0x74,0x69,0x76,0x65,0x6c,0x69,0x73,0x74,0x2c,0x20,0x63,0x49,0x74,
  0x65,0x6d,0x29,0x29,0xd,0xa,0x20,0x20,0x20,0x20,0x20,0x20,0x20,0x20,0x20,0x20,
  0x20,0x20,0x72,0x65,0x74,0x75,0x72,0x6e,0x3b,0xd,0xa,0xd,0xa,0x20,0x20,0x20,
  0x20,0x20,0x20,0x20,0x20,0x69,0x66,0x20,0x28,0x72,0x6f,0x6f,0x74,0x2e,0x70,0x6f,
  0x73,0x69,0x74,0x69,0x76,0x65,0x6c,0x69,0x73,0x74,0x2e,0x6c,0x65,0x6e,0x67,0x74,
  0x68,0x20,0x21,0x3d,0x3d,0x20,0x30,0x29,0x20,0x7b,0xd,0xa,0x20,0x20,0x20,0x20,
  0x20,0x20,0x20,0x20,0x20,0x20,0x20,0x20,0x69,0x66,0x20,0x28,0x21,0x72,0x6f,0x6f,
  0x74,0x2e,0x74,0x72,0x61,0x6e,0x73,0x69,0x74,0x69,0x6f,0x6e,0x56,0x69,0x65,0x77,
  0x2e,0x63,0x68,0x65,0x63,0x6b,0x49,0x6e,0x63,0x6c,0x75,0x64,0x65,0x28,0x72,0x6f,
  0x6f,0x74,0x2e,0x70,0x6f,0x73,0x69,0x74,0x69,0x76,0x65,0x6c,0x69,0x73,0x74,0x2c,
  0x20,0x63,0x49,0x74,0x65,0x6d,0x29,0x29,0xd,0xa,0x20,0x20,0x20,0x20,0x20,0x20,
  0x20,0x20,0x20,0x20,0x20,0x20,0x20,0x20,0x20,0x20,0x72,0x65,0x74,0x75,0x72,0x6e,
  0x3b,0xd,0xa,0x20,0x20,0x20,0x20,0x20,0x20,0x20,0x20,0x7d,0xd,0xa,0xd,0xa,
  0x20,0x20,0x20,0x20,0x20,0x20,0x20,0x20,0x72,0x6f,0x6f,0x74,0x2e,0x74,0x61,0x72,
  0x67,0x65,0x74,0x2e,0x74,0x72,0x69,0x67,0x67,0x65,0x72,0x28,0x29,0xd,0xa,0x20,
  0x20,0x20,0x20,0x7d,0xd,0xa,0xd,0xa,0x20,0x20,0x20,0x20,0x70,0x72,0x6f,0x70,
  0x65,0x72,0x74,0x79,0x20,0x45,0x76,0x65,0x6e,0x74,0x4c,0x69,0x73,0x74,0x65,0x6e,
  0x65,0x72,0x20,0x65,0x76,0x65,0x6e,0x74,0x4c,0x69,0x73,0x74,0x65,0x6e,0x65,0x72,
  0x3a,0x20,0x45,0x76,0x65,0x6e,0x74,0x4c,0x69,0x73,0x74,0x65,0x6e,0x65,0x72,0x20,
  0x7b,0xd,0xa,0x20,0x20,0x20,0x20,0x20,0x20,0x20,0x20,0x69,0x64,0x3a,0x20,0x65,
  0x76,0x65,0x6e,0x74,0x4c,0x69,0x73,0x74,0x65,0x6e,0x65,0x72,0xd,0xa,0x20,0x20,
  0x20,0x20,0x20,0x20,0x20,0x20,0x6f,0x6e,0x54,0x72,0x69,0x67,0x67,0x65,0x72,0x65,
  0x64,0x3a,0x20,0x72,0x6f,0x6f,0x74,0x2e,0x74,0x72,0x69,0x67,0x67,0x65,0x72,0x28,
  0x29,0xd,0xa,0x20,0x20,0x20,0x20,0x7d,0xd,0xa,0xd,0xa,0x20,0x20,0x20,0x20,
  0x70,0x72,0x6f,0x70,0x65,0x72,0x74,0x79,0x20,0x61,0x6c,0x69,0x61,0x73,0x20,0x65,
  0x76,0x65,0x6e,0x74,0x49,0x64,0x73,0x3a,0x20,0x65,0x76,0x65,0x6e,0x74,0x4c,0x69,
  0x73,0x74,0x65,0x6e,0x65,0x72,0x2e,0x65,0x76,0x65,0x6e,0x74,0x49,0x64,0x73,0xd,
  0xa,0x7d,0xd,0xa,0xd,0xa,0xd,0xa,
    // FlowTransitionList.qml
  0x0,0x0,0x4,0x0,
  0x28,
  0xb5,0x2f,0xfd,0x60,0x84,0xc,0xb5,0x1f,0x0,0x26,0xad,0x81,0x26,0x0,0x93,0x9b,
  0x3,0x56,0xcc,0xe2,0xca,0x45,0xed,0x8a,0x67,0x15,0xb3,0x26,0x9b,0x93,0x2d,0x7d,
  0xf6,0x1f,0xd5,0xf1,0x95,0xdf,0xe2,0xd,0xf1,0x26,0x51,0x7,0x9d,0xf7,0xff,0xf7,
  0xa0,0x8a,0x17,0x7c,0x0,0x6d,0x0,0x77,0x0,0xac,0x3a,0x74,0xd1,0x9b,0x3a,0xc6,
  0xf9,0xb4,0xda,0xdc,0xa3,0xe,0x33,0x27,0x6,0x33,0x9e,0x13,0x77,0x4c,0x23,0xce,
  0xaa,0x12,0x98,0xb0,0x80,0xc0,0x68,0x2e,0x28,0x34,0x99,0x88,0x9,0xe,0x8a,0x8,
  0x8,0x4d,0x3,0x7,0xc6,0x46,0xe0,0x81,0xbd,0xb9,0x8f,0x73,0x27,0x85,0xe9,0xf0,
  0x8f,0x48,0xe3,0x46,0x7a,0x6f,0x66,0xd6,0xa1,0x3e,0x9d,0x4a,0x87,0x4a,0x61,0x40,
  0xd3,0x2a,0xdc,0x8c,0xd4,0x41,0x4f,0x9f,0x6,0x79,0xae,0xeb,0x82,0x20,0xc,0xb4,
  0xba,0xa9,0x63,0x3a,0x62,0xbd,0x4f,0xeb,0x89,0x77,0x96,0x59,0xd5,0xcb,0xbc,0x37,
  0x4f,0xa,0xe3,0x95,0x4b,0xe5,0xf2,0x49,0x46,0xf2,0xa6,0x26,0xe5,0x8e,0xf5,0x32,
  0x7,0x8,0x20,0x80,0x2,0x3f,0x80,0x9c,0x1c,0xe9,0x71,0xb6,0x8d,0x6f,0xd9,0xc1,
  0x10,0xa9,0xeb,0x88,0x16,0x77,0x8c,0x73,0x13,0xe2,0x19,0x14,0x10,0x91,0xd2,0xec,
  0x67,0x15,0x3f,0x69,0x95,0x93,0x6a,0x8e,0x12,0x25,0x13,0x1e,0xee,0xd3,0xd6,0x76,
  0x7e,0xf,0x7f,0xda,0xb2,0xc7,0xd7,0xf9,0x66,0x5e,0x9d,0x1d,0x9b,0xdd,0xca,0xd7,
  0x5b,0xae,0x46,0x87,0xd5,0xea,0xd,0x3a,0x2e,0x39,0xda,0x6c,0x39,0xdb,0xb1,0x1b,
  0xf0,0x7b,0x32,0xbb,0x5a,0x7a,0x17,0x2d,0x9b,0x72,0x1e,0x5b,0xef,0xcd,0x2a,0x93,
  0x27,0xf6,0xa4,0xfa,0x54,0xeb,0xf5,0x8c,0x96,0x35,0x7e,0x51,0xc4,0xb6,0x9f,0x30,
  0xbe,0x13,0xd9,0x11,0xef,0x34,0xa7,0xd5,0x50,0xdd,0x31,0x4d,0xff,0x1f,0x20,0x40,
  0xe4,0x1d,0xa5,0x47,0x47,0x45,0x6f,0x2e,0x96,0xe7,0xd2,0x9b,0x37,0x3f,0xab,0x52,
  0x80,0x0,0x1,0x7,0xa,0x8d,0xab,0x9a,0x7a,0x2a,0xcf,0x1,0xc5,0x59,0x13,0x4,
  0x4d,0xfc,0x9e,0xb8,0x53,0x56,0xce,0xe9,0x75,0xc8,0x1a,0x41,0x92,0x39,0xc2,0xcd,
  0xbf,0x9e,0x56,0xaf,0xe7,0xdc,0xbb,0x52,0x39,0xc9,0x4f,0xc8,0xd2,0x59,0xfc,0x91,
  0xde,0xc4,0x3e,0x22,0x66,0xb5,0x6c,0xd1,0x45,0x7,0xcf,0x2a,0xb3,0xa4,0xa0,0x75,
  0xc8,0x9e,0xb6,0xf1,0x3d,0x24,0x3f,0x5c,0xe3,0x20,0xd1,0xe9,0x78,0x4b,0x8b,0xb3,
  0x99,0xfb,0xc4,0x7a,0xe7,0x66,0x92,0xf3,0xb,0x0,0x1,0x23,0x98,0x96,0x9d,0x6e,
  0xdf,0xa3,0xb0,0xf0,0xcb,0x29,0x95,0x91,0xcb,0x45,0xe4,0x3,0x3,0xb7,0x50,0xe2,
  0x1e,0xf3,0x5e,0x5d,0x8e,0x9d,0x3c,0xa2,0xa,0xaa,0x5a,0x50,0x70,0x84,0x27,0x5c,
  0x8f,0x50,0x91,0x2c,0x14,0x91,0x47,0x1b,0xa5,0x11,0x4a,0xe5,0xb,0x1b,0x96,0x17,
  0x68,0x4c,0x26,0x96,0x53,0x4e,0xf5,0xb4,0xe9,0x1e,0xc9,0x13,0x24,0x97,0x74,0x22,
  0xe1,0xf7,0xa0,0x1c,0x1c,0x8f,0xc2,0x73,0x5a,0x46,0x65,0x32,0xfb,0xb2,0xf5,0xcc,
  0x38,0x1b,0x5f,0x74,0x83,0x90,0x6c,0x1b,0xd1,0x9b,0xcc,0x31,0x7a,0xc7,0xe5,0x87,
  0xba,0x37,0x7c,0x15,0x27,0xd9,0x7a,0x87,0xe4,0x1e,0x32,0xa,0x82,0x1c,0xd3,0x5e,
  0x7d,0x15,0x80,0xd6,0xa8,0xb1,0x21,0x33,0x34,0x34,0x13,0x44,0x41,0x92,0x24,0xe9,
  0x20,0x84,0x10,0xc3,0x5c,0x19,0x37,0x42,0xe0,0x60,0x47,0x42,0x28,0xa6,0x94,0x31,
  0x86,0x30,0x81,0x11,0x9,0x46,0x22,0x91,0x51,0x52,0x86,0x41,0x8a,0xd5,0x57,0x53,
  0x50,0x3c,0x50,0x2d,0xf6,0x46,0x72,0xad,0x56,0x9b,0x1a,0x40,0xa0,0xcb,0x4b,0x3,
  0x5b,0x94,0xad,0x6e,0xc7,0xab,0x86,0xc1,0x31,0x7,0x7a,0xd8,0x90,0x93,0x5c,0xdd,
  0x5e,0x58,0xd9,0x59,0x17,0x77,0xb6,0xc4,0x50,0xe7,0x45,0x57,0xa0,0x42,0xc4,0xf6,
  0xe2,0x7b,0x7e,0x9c,0xd0,0xe,0xa1,0x9a,0xb5,0xe8,0xf3,0xc5,0x42,0x7b,0x6,0x9c,
  0xd1,0x23,0xc8,0x81,0x4a,0xfe,0xf7,0x19,0x4d,0x93,0x14,0x42,0x7f,0x10,0xab,0x62,
  0xa6,0x44,0x23,0x8f,0x48,0xb8,0x83,0x19,0x40,0xa7,0xf3,0xd9,0xe9,0x22,0x9e,0xf2,
  0xf7,0x5a,0xe4,0x64,0xbd,0x75,0x90,0x4c,0xae,0xc9,0x53,0xa7,0xce,0xa8,0x0,0xfe,
  0xf2,0x8b,0xd9,0x31,0xd6,0x8,0x28,0x7b,0x5,0xa4,0x8b,0x87,0x93,0xb,0x8a,0x15,
  0x74,0xde,0x9d,0x9b,0xe5,0x92,0x8e,0xf8,0x33,0xa7,0x3d,0x80,0x1c,0x83,0x2e,0x64,
  0x2d,0x67,0xdc,0xfe,0x63,0x38,0x36,0x38,0x96,0x7c,0xbc,0x81,0x19,0x44,0x45,0x9,
  0xc6,0x7d,0x15,0x72,0x6c,0x4f,0x23,0x38,0xa7,0x21,0x6f,0x17,0xc8,0x90,0x67,0xc5,
  0xb6,0xf1,0xf3,0x8f,0xf1,0x86,0x8e,0xdf,0xb1,0xa3,0x6b,0x61,0x7,0x22,0x57,0xae,
  0x9d,0x54,0xc1,0x3d,0xb0,0xbf,0xb7,0xf7,0x4d,0x8d,0xeb,0x88,0xcf,0xa7,0x17,0x4c,
  0x64,0x6a,0xc0,0x9f,0x26,0x3f,0x2f,0x12,0xbd,0x57,0x6d,0x8b,0x76,0x35,0xad,0x1a,
  0x2b,0x9,0x6a,0xa0,0xfb,0xf9,0x5d,0x8e,0x18,0xbe,0xf2,0x73,0x36,0x59,0xf1,0x95,
  0x6d,0x8e,0xf8,0x89,0x67,0x2a,0x3,0x36,0x6f,0x10,0x58,0x23,0x37,0x82,0x89,0x1a,
  0xc6,0xce,0x84,0x8e,0xac,0x3d,0xb5,0xd4,0xf5,0x68,0x72,0x75,0xf4,0x4e,0x89,0x26,
  0x11,0xd6,0x48,0xd6,0xba,0x25,0xf5,0xb7,0xd4,0xa6,0x1,0x3e,0x76,0xfa,0x9c,0x62,
  0x59,0x65,0x25,0x1e,0xc9,0x5e,0x19,0x30,0x69,0x10,0x39,0x26,0x1c,0x4,0x1b,0x10,
  0x56,0x70,0x38,0xa8,0x99,0x63,0x15,0x13,0x55,0x8e,0x99,0xb,0xd5,0x36,0x57,0xda,
  0x7f,0x29,0xd5,0x77,0xa9,0x54,0xd0,0xb1,0xb7,0x8c,0x2a,0x68,0x92,0xf0,0xd0,0xd6,
  0xf1,0x91,0x69,0x80,0xdc,0x2e,0x45,0x6b,0xa8,0x91,0xd1,0xd8,0xbe,0x4a,0x48,0x4d,
  0xe1,0x9d,0xe5,0xf1,0xf8,0xa5,0x81,0x1b,0x58,0xcd,0x43,0x2,0x7b,0x72,0x22,0x65,
  0x36,0x18,0x54,0xb8,0x48,0xca,0xd4,0x43,0x56,0xe0,0x69,0x91,0xdc,0xbf,0xf2,0x60,
  0xe5,0x44,0xd3,0x14,0xa9,0xe7,0x6,0xa0,0x5b,0x65,0x28,0xef,0x6c,0x67,0x1e,0x1,
  0xb1,0x69,0x54,0x99,0x2,0x65,0x21,0x1,0x53,0x3c,0x9c,0x2f,0xb8,0xa4,0x55,0xf8,
  0x64,0x20,0xcc,0x3,0x8c,0x62,0x11,0x5,0x18,0x74,0xa7,0x79,0x7,0x3,0xf5,0xa,
  0xa5,0x41,0x4f,0x1b,0xd3,0x71,0xa9,0xea,0x4e,0x4d,0xb9,0xce,0x50,0xb,0xee,
    // FlowPushUpEffect.qml
  0x0,0x0,0x3,0xef,
  0x28,
  0xb5,0x2f,0xfd,0x60,0xa3,0xf,0x2d,0x1f,0x0,0x26,0x6e,0x84,0x26,0xf0,0x92,0x38,
  0x7,0x48,0xd8,0xf1,0x72,0xc9,0x5e,0xa,0x93,0x7c,0x6b,0x61,0x6b,0xdd,0xf6,0xd5,
  0xa9,0xd5,0x22,0xa0,0x56,0x61,0x7a,0xf,0xe0,0xbd,0x48,0x68,0x21,0x8a,0xc3,0x62,
  0xb4,0x8,0x3c,0x7f,0x0,0x70,0x0,0x79,0x0,0xd1,0xfa,0x26,0xa9,0x47,0x7,0xbd,
  0xad,0x4b,0x90,0x4b,0x6f,0x9b,0x83,0xd3,0xa3,0xaa,0x94,0x71,0xe3,0x4a,0x71,0x97,
  0xb,0xb1,0x52,0xd4,0x0,0xc5,0x45,0xe6,0xb9,0x64,0x54,0x5c,0x2c,0x12,0x14,0x1d,
  0x15,0x12,0x99,0xcb,0x43,0x87,0x6,0xc6,0x0,0x8b,0xfd,0xf4,0x41,0xd6,0x27,0x6d,
  0x54,0x88,0x7b,0x40,0x6b,0x61,0x44,0xf0,0xcd,0x59,0x3d,0xee,0xd5,0x6d,0xf4,0xb8,
  0x93,0x86,0x44,0x7a,0x1b,0x9f,0x42,0xeb,0x24,0x70,0x59,0x7f,0xb0,0xeb,0xba,0x24,
  0x92,0x27,0x56,0xdd,0xd3,0x9f,0x86,0xb2,0x1f,0x6b,0x4d,0xf1,0xcd,0xcb,0x8a,0x82,
  0x96,0x37,0xc6,0x75,0xd2,0xb8,0x43,0x71,0x28,0x2f,0xb0,0x10,0xbc,0x27,0x69,0x79,
  0x53,0x41,0xcb,0x1,0x2,0xc,0x24,0x1,0xc,0x5f,0x89,0xac,0x20,0x11,0x64,0x6d,
  0xcf,0x7a,0x53,0x8d,0x3,0xb4,0x4e,0x63,0x5d,0xdc,0x25,0xeb,0xd3,0xcc,0x37,0x2a,
  0x32,0x16,0x42,0xe7,0xdf,0x90,0x26,0xc5,0x30,0x7a,0xcb,0x3a,0x35,0x5b,0x11,0x82,
  0x6a,0x7c,0x7c,0x70,0x7b,0xdb,0x19,0x62,0xce,0xda,0xcb,0x5b,0x70,0xf3,0xa7,0x7a,
  0xb5,0x6a,0x9e,0x76,0x2f,0x5f,0x6f,0xfa,0x16,0x7a,0xa4,0x58,0xfb,0xed,0xf,0x36,
  0x4e,0x41,0xb6,0xf3,0xb1,0xb6,0xcb,0x1f,0x30,0xbc,0x72,0x5e,0x1d,0xc1,0x8c,0xa6,
  0x6d,0x41,0x20,0x57,0xef,0xa7,0x94,0x2a,0x4b,0x79,0x9d,0xfa,0x53,0xef,0x75,0x85,
  0x5e,0x36,0x86,0x10,0x94,0xaf,0xaf,0x1,0x90,0x2b,0xfd,0xd3,0xf6,0xff,0x1,0x2,
  0x44,0xde,0x90,0x46,0xd1,0xe5,0x82,0xe,0xe3,0xb0,0xc9,0xf5,0xad,0x53,0x6a,0x35,
  0x98,0x33,0x61,0x94,0xc6,0x78,0x33,0xac,0xa8,0x5,0x8,0x18,0x80,0xa8,0xb8,0x38,
  0xaa,0x27,0xe6,0xb0,0xa,0x82,0xab,0x24,0x89,0x44,0x62,0xc8,0xac,0x27,0x29,0xe5,
  0xdc,0x5e,0x8f,0xbc,0xd6,0x87,0x32,0x5b,0xf1,0xe9,0x61,0x4b,0x6f,0x2f,0xe8,0x1c,
  0xbc,0x74,0x41,0x94,0xaf,0x31,0xd5,0x5d,0x9c,0x45,0x50,0x4a,0xf,0x28,0xab,0xa6,
  0xcd,0x72,0x50,0x85,0xbd,0xe5,0xd4,0x29,0x56,0x8f,0xc9,0xda,0xb3,0x20,0x46,0x19,
  0xf3,0xb,0xc4,0xc4,0x46,0xf3,0xa6,0x15,0x6b,0xa7,0x7b,0x41,0x5,0xcf,0x9d,0x4,
  0xf,0x0,0x1,0x23,0xb,0x50,0x61,0x92,0x30,0xa9,0x38,0x77,0xde,0x70,0x4a,0x2a,
  0xc2,0x88,0x15,0x9,0x6c,0x4,0xfe,0x64,0xa2,0x8d,0x4e,0x38,0xce,0xa4,0x3d,0x75,
  0xfe,0x28,0x95,0x8c,0x89,0x7f,0x7a,0x84,0xe1,0x21,0xac,0x80,0xe0,0xd1,0x2e,0x28,
  0x24,0x54,0x60,0x53,0xfa,0x69,0x47,0xc7,0x19,0xde,0x2a,0x71,0x36,0x9b,0x38,0x95,
  0x5,0x59,0x7a,0x9a,0x36,0x67,0x67,0x3c,0xe8,0x28,0x50,0xfe,0xb0,0xd5,0x34,0xba,
  0x8c,0x9e,0x32,0x5b,0x16,0x97,0xea,0x20,0xd4,0x4c,0xec,0xd2,0xe5,0x88,0x2f,0xb9,
  0x99,0x46,0x50,0xda,0x12,0x14,0xe4,0xe8,0xfd,0xb6,0x2d,0xb8,0xe9,0x85,0xb2,0xb2,
  0x78,0x3b,0xf9,0xa3,0x2e,0xa1,0x78,0x97,0xca,0xdf,0x34,0x6b,0x15,0x80,0xc4,0xa0,
  0x81,0x2d,0x43,0x68,0x66,0x46,0xa4,0x20,0x49,0x92,0xe1,0x30,0x84,0x10,0xa3,0x1c,
  0x1d,0x37,0xe2,0xc,0xc8,0x15,0xa1,0x31,0x94,0x82,0xd3,0xb3,0xda,0xd3,0x63,0xd6,
  0x48,0x5,0x12,0xb8,0x6c,0x94,0xa5,0x19,0x42,0xe,0x6,0x61,0xb1,0x29,0xdc,0xf5,
  0x13,0xf9,0x85,0x62,0xa6,0x51,0x8a,0x69,0xcf,0x42,0x16,0xb2,0xf8,0x48,0xd3,0xdb,
  0x87,0x28,0x79,0x22,0xe4,0x61,0x31,0xef,0x14,0x3e,0xe4,0xc9,0xa8,0x21,0x62,0x3c,
  0x44,0xf3,0x90,0x76,0x14,0x8b,0xcc,0x5b,0xcc,0x4d,0x44,0xb8,0x62,0xab,0xb4,0x7b,
  0xc1,0x85,0x1e,0xe5,0x22,0x1f,0xa9,0x46,0xef,0x6a,0x90,0x22,0xf7,0x78,0xf8,0xd7,
  0xbe,0x4c,0xa0,0x9b,0x22,0x98,0xd0,0xc5,0xd4,0x21,0x48,0xc1,0xa0,0x72,0xae,0x39,
  0x4b,0x91,0x34,0x92,0x6d,0xc8,0xe9,0xc5,0x12,0xec,0xad,0x5b,0xac,0x2,0x81,0x9a,
  0x9b,0xba,0xd9,0x96,0x75,0xc,0xb3,0xda,0xac,0xc,0x8d,0x4c,0xe9,0x20,0x7e,0x5,
  0x22,0xc3,0xfc,0xcd,0xd9,0xaf,0x3f,0xa5,0x8d,0xd9,0x86,0xc8,0xc3,0xc9,0x72,0xfa,
  0x37,0xce,0xf0,0xf,0x8f,0x50,0x1f,0x84,0x59,0x85,0x49,0x6e,0x84,0xf5,0xc0,0x4e,
  0xa8,0x5d,0x4a,0x8b,0x20,0xda,0xb1,0x89,0xa4,0x5b,0x6b,0xe6,0x7d,0x18,0xf8,0x3,
  0x7,0x8,0x4d,0x16,0x22,0x7a,0x78,0xaf,0xd,0xa7,0x83,0xb9,0x5,0x88,0x9b,0x43,
  0xc,0x2c,0xf6,0x9a,0xf7,0x4a,0x83,0x8d,0x58,0xf0,0x92,0xfc,0xd7,0x82,0x8e,0x8a,
  0x9c,0x4d,0x64,0xf0,0xca,0x6,0x44,0xa,0xc1,0xea,0xa6,0x1,0xf2,0x36,0x8,0x4c,
  0xf6,0xd,0x7c,0xad,0x6,0xb5,0xce,0x6d,0x39,0x60,0xda,0x13,0xad,0xae,0xe1,0x43,
  0xfe,0x15,0xbd,0x99,0xd1,0x54,0x3c,0x35,0xd8,0xa5,0x6d,0x4b,0x8a,0xc8,0x92,0xb3,
  0x3,0xfc,0xd8,0xdc,0x77,0x93,0x8,0x9,0xca,0xc4,0x38,0xb1,0x2c,0xa1,0x91,0x1b,
  0xd,0x52,0xf1,0x12,0xed,0xd0,0x2b,0x80,0x94,0x20,0x78,0x70,0xd0,0xc0,0x1c,0x17,
  0x98,0xdf,0xe4,0xa0,0x91,0xc2,0xcb,0x36,0x3f,0xda,0xcb,0xa2,0x44,0xe6,0xcb,0xf9,
  0x82,0xb5,0xeb,0xb5,0xb9,0x2a,0x58,0x24,0x6d,0x85,0x5e,0x1f,0x11,0xe4,0x86,0x80,
  0x21,0x2c,0xa9,0xad,0xe1,0x8,0x39,0xb7,0xed,0xc5,0x85,0x90,0x11,0xde,0x4f,0x19,
  0xf,0xa3,0x98,0xad,0x8d,0xb2,0x7b,0x82,0x76,0xf,0x48,0x49,0x1e,0x36,0xa8,0xb4,
  0x91,0x86,0xab,0xbc,0xc9,0x5a,0x60,0x9a,0x44,0x36,0x7c,0x8,0xcf,0x21,0x97,0x11,
  0x35,0x29,0xf4,0x5c,0xf5,0x79,0xcf,0x4,0xc5,0x95,0xd9,0x8,0x76,0xd3,0xbc,0xca,
  0xda,0x50,0xaa,0x23,0x98,0xd,0xf,0x39,0xb,0xb4,0xae,0x75,0xa8,0x14,0x44,0xa8,
  0xdd,0xe0,0x2f,0x95,0x72,0x0,0x1b,0x74,0x93,0x38,0x1d,0x9e,0xbf,0xaf,0xf6,0x14,
  0x87,0xd2,0xb4,0xd4,0x38,0x94,0xea,0xee,0xe5,0xe2,0xc3,0x10,0x5,0x77,
    // FlowSlideLeftEffect.qml
  0x0,0x0,0x7,0xf8,
  0x2f,
  0x2a,0x2a,0x2a,0x2a,0x2a,0x2a,0x2a,0x2a,0x2a,0x2a,0x2a,0x2a,0x2a,0x2a,0x2a,0x2a,
  0x2a,0x2a,0x2a,0x2a,0x2a,0x2a,0x2a,0x2a,0x2a,0x2a,0x2a,0x2a,0x2a,0x2a,0x2a,0x2a,
  0x2a,0x2a,0x2a,0x2a,0x2a,0x2a,0x2a,0x2a,0x2a,0x2a,0x2a,0x2a,0x2a,0x2a,0x2a,0x2a,
  0x2a,0x2a,0x2a,0x2a,0x2a,0x2a,0x2a,0x2a,0x2a,0x2a,0x2a,0x2a,0x2a,0x2a,0x2a,0x2a,
  0x2a,0x2a,0x2a,0x2a,0x2a,0x2a,0x2a,0x2a,0x2a,0x2a,0x2a,0x2a,0xd,0xa,0x2a,0x2a,
  0xd,0xa,0x2a,0x2a,0x20,0x43,0x6f,0x70,0x79,0x72,0x69,0x67,0x68,0x74,0x20,0x28,
  0x43,0x29,0x20,0x32,0x30,0x31,0x38,0x20,0x54,0x68,0x65,0x20,0x51,0x74,0x20,0x43,
  0x6f,0x6d,0x70,0x61,0x6e,0x79,0x20,0x4c,0x74,0x64,0x2e,0xd,0xa,0x2a,0x2a,0x20,
  0x43,0x6f,0x6e,0x74,0x61,0x63,0x74,0x3a,0x20,0x68,0x74,0x74,0x70,0x73,0x3a,0x2f,
  0x2f,0x77,0x77,0x77,0x2e,0x71,0x74,0x2e,0x69,0x6f,0x2f,0x6c,0x69,0x63,0x65,0x6e,
  0x73,0x69,0x6e,0x67,0x2f,0xd,0xa,0x2a,0x2a,0xd,0xa,0x2a,0x2a,0x20,0x54,0x68,
  0x69,0x73,0x20,0x66,0x69,0x6c,0x65,0x20,0x69,0x73,0x20,0x70,0x61,0x72,0x74,0x20,
  0x6f,0x66,0x20,0x51,0x74,0x20,0x51,0x75,0x69,0x63,0x6b,0x20,0x44,0x65,0x73,0x69,
  0x67,0x6e,0x65,0x72,0x20,0x43,0x6f,0x6d,0x70,0x6f,0x6e,0x65,0x6e,0x74,0x73,0x2e,
  0xd,0xa,0x2a,0x2a,0xd,0xa,0x2a,0x2a,0x20,0x24,0x51,0x54,0x5f,0x42,0x45,0x47,
  0x49,0x4e,0x5f,0x4c,0x49,0x43,0x45,0x4e,0x53,0x45,0x3a,0x47,0x50,0x4c,0x24,0xd,
  0xa,0x2a,0x2a,0x20,0x43,0x6f,0x6d,0x6d,0x65,0x72,0x63,0x69,0x61,0x6c,0x20,0x4c,
  0x69,0x63,0x65,0x6e,0x73,0x65,0x20,0x55,0x73,0x61,0x67,0x65,0xd,0xa,0x2a,0x2a,
  0x20,0x4c,0x69,0x63,0x65,0x6e,0x73,0x65,0x65,0x73,0x20,0x68,0x6f,0x6c,0x64,0x69,
  0x6e,0x67,0x20,0x76,0x61,0x6c,0x69,0x64,0x20,0x63,0x6f,0x6d,0x6d,0x65,0x72,0x63,
  0x69,0x61,0x6c,0x20,0x51,0x74,0x20,0x6c,0x69,0x63,0x65,0x6e,0x73,0x65,0x73,0x20,
  0x6d,0x61,0x79,0x20,0x75,0x73,0x65,0x20,0x74,0x68,0x69,0x73,0x20,0x66,0x69,0x6c,
  0x65,0x20,0x69,0x6e,0xd,0xa,0x2a,0x2a,0x20,0x61,0x63,0x63,0x6f,0x72,0x64,0x61,
  0x6e,0x63,0x65,0x20,0x77,0x69,0x74,0x68,0x20,0x74,0x68,0x65,0x20,0x63,0x6f,0x6d,
  0x6d,0x65,0x72,0x63,0x69,0x61,0x6c,0x20,0x6c,0x69,0x63,0x65,0x6e,0x73,0x65,0x20,
  0x61,0x67,0x72,0x65,0x65,0x6d,0x65,0x6e,0x74,0x20,0x70,0x72,0x6f,0x76,0x69,0x64,
  0x65,0x64,0x20,0x77,0x69,0x74,0x68,0x20,0x74,0x68,0x65,0xd,0xa,0x2a,0x2a,0x20,
  0x53,0x6f,0x66,0x74,0x77,0x61,0x72,0x65,0x20,0x6f,0x72,0x2c,0x20,0x61,0x6c,0x74,
  0x65,0x72,0x6e,0x61,0x74,0x69,0x76,0x65,0x6c,0x79,0x2c,0x20,0x69,0x6e,0x20,0x61,
  0x63,0x63,0x6f,0x72,0x64,0x61,0x6e,0x63,0x65,0x20,0x77,0x69,0x74,0x68,0x20,0x74,
  0x68,0x65,0x20,0x74,0x65,0x72,0x6d,0x73,0x20,0x63,0x6f,0x6e,0x74,0x61,0x69,0x6e,
  0x65,0x64,0x20,0x69,0x6e,0xd,0xa,0x2a,0x2a,0x20,0x61,0x20,0x77,0x72,0x69,0x74,
  0x74,0x65,0x6e,0x20,0x61,0x67,0x72,0x65,0x65,0x6d,0x65,0x6e,0x74,0x20,0x62,0x65,
  0x74,0x77,0x65,0x65,0x6e,0x20,0x79,0x6f,0x75,0x20,0x61,0x6e,0x64,0x20,0x54,0x68,
  0x65,0x20,0x51,0x74,0x20,0x43,0x6f,0x6d,0x70,0x61,0x6e,0x79,0x2e,0x20,0x46,0x6f,
  0x72,0x20,0x6c,0x69,0x63,0x65,0x6e,0x73,0x69,0x6e,0x67,0x20,0x74,0x65,0x72,0x6d,
  0x73,0xd,0xa,0x2a,0x2a,0x20,0x61,0x6e,0x64,0x20,0x63,0x6f,0x6e,0x64,0x69,0x74,
  0x69,0x6f,0x6e,0x73,0x20,0x73,0x65,0x65,0x20,0x68,0x74,0x74,0x70,0x73,0x3a,0x2f,
  0x2f,0x77,0x77,0x77,0x2e,0x71,0x74,0x2e,0x69,0x6f,0x2f,0x74,0x65,0x72,0x6d,0x73,
  0x2d,0x63,0x6f,0x6e,0x64,0x69,0x74,0x69,0x6f,0x6e,0x73,0x2e,0x20,0x46,0x6f,0x72,
  0x20,0x66,0x75,0x72,0x74,0x68,0x65,0x72,0xd,0xa,0x2a,0x2a,0x20,0x69,0x6e,0x66,
  0x6f,0x72,0x6d,0x61,0x74,0x69,0x6f,0x6e,0x20,0x75,0x73,0x65,0x20,0x74,0x68,0x65,
  0x20,0x63,0x6f,0x6e,0x74,0x61,0x63,0x74,0x20,0x66,0x6f,0x72,0x6d,0x20,0x61,0x74,
  0x20,0x68,0x74,0x74,0x70,0x73,0x3a,0x2f,0x2f,0x77,0x77,0x77,0x2e,0x71,0x74,0x2e,
  0x69,0x6f,0x2f,0x63,0x6f,0x6e,0x74,0x61,0x63,0x74,0x2d,0x75,0x73,0x2e,0xd,0xa,
  0x2a,0x2a,0xd,0xa,0x2a,0x2a,0x20,0x47,0x4e,0x55,0x20,0x47,0x65,0x6e,0x65,0x72,
  0x61,0x6c,0x20,0x50,0x75,0x62,0x6c,0x69,0x63,0x20,0x4c,0x69,0x63,0x65,0x6e,0x73,
  0x65,0x20,0x55,0x73,0x61,0x67,0x65,0xd,0xa,0x2a,0x2a,0x20,0x41,0x6c,0x74,0x65,
  0x72,0x6e,0x61,0x74,0x69,0x76,0x65,0x6c,0x79,0x2c,0x20,0x74,0x68,0x69,0x73,0x20,
  0x66,0x69,0x6c,0x65,0x20,0x6d,0x61,0x79,0x20,0x62,0x65,0x20,0x75,0x73,0x65,0x64,
  0x20,0x75,0x6e,0x64,0x65,0x72,0x20,0x74,0x68,0x65,0x20,0x74,0x65,0x72,0x6d,0x73,
  0x20,0x6f,0x66,0x20,0x74,0x68,0x65,0x20,0x47,0x4e,0x55,0xd,0xa,0x2a,0x2a,0x20,
  0x47,0x65,0x6e,0x65,0x72,0x61,0x6c,0x20,0x50,0x75,0x62,0x6c,0x69,0x63,0x20,0x4c,
  0x69,0x63,0x65,0x6e,0x73,0x65,0x20,0x76,0x65,0x72,0x73,0x69,0x6f,0x6e,0x20,0x33,
  0x20,0x6f,0x72,0x20,0x28,0x61,0x74,0x20,0x79,0x6f,0x75,0x72,0x20,0x6f,0x70,0x74,
  0x69,0x6f,0x6e,0x29,0x20,0x61,0x6e,0x79,0x20,0x6c,0x61,0x74,0x65,0x72,0x20,0x76,
  0x65,0x72,0x73,0x69,0x6f,0x6e,0xd,0xa,0x2a,0x2a,0x20,0x61,0x70,0x70,0x72,0x6f,
  0x76,0x65,0x64,0x20,0x62,0x79,0x20,0x74,0x68,0x65,0x20,0x4b,0x44,0x45,0x20,0x46,
  0x72,0x65,0x65,0x20,0x51,0x74,0x20,0x46,0x6f,0x75,0x6e,0x64,0x61,0x74,0x69,0x6f,
  0x6e,0x2e,0x20,0x54,0x68,0x65,0x20,0x6c,0x69,0x63,0x65,0x6e,0x73,0x65,0x73,0x20,
  0x61,0x72,0x65,0x20,0x61,0x73,0x20,0x70,0x75,0x62,0x6c,0x69,0x73,0x68,0x65,0x64,
  0x20,0x62,0x79,0xd,0xa,0x2a,0x2a,0x20,0x74,0x68,0x65,0x20,0x46,0x72,0x65,0x65,
  0x20,0x53,0x6f,0x66,0x74,0x77,0x61,0x72,0x65,0x20,0x46,0x6f,0x75,0x6e,0x64,0x61,
  0x74,0x69,0x6f,0x6e,0x20,0x61,0x6e,0x64,0x20,0x61,0x70,0x70,0x65,0x61,0x72,0x69,
  0x6e,0x67,0x20,0x69,0x6e,0x20,0x74,0x68,0x65,0x20,0x66,0x69,0x6c,0x65,0x20,0x4c,
  0x49,0x43,0x45,0x4e,0x53,0x45,0x2e,0x47,0x50,0x4c,0x33,0xd,0xa,0x2a,0x2a,0x20,
  0x69,0x6e,0x63,0x6c,0x75,0x64,0x65,0x64,0x20,0x69,0x6e,0x20,0x74,0x68,0x65,0x20,
  0x70,0x61,0x63,0x6b,0x61,0x67,0x69,0x6e,0x67,0x20,0x6f,0x66,0x20,0x74,0x68,0x69,
  0x73,0x20,0x66,0x69,0x6c,0x65,0x2e,0x20,0x50,0x6c,0x65,0x61,0x73,0x65,0x20,0x72,
  0x65,0x76,0x69,0x65,0x77,0x20,0x74,0x68,0x65,0x20,0x66,0x6f,0x6c,0x6c,0x6f,0x77,
  0x69,0x6e,0x67,0xd,0xa,0x2a,0x2a,0x20,0x69,0x6e,0x66,0x6f,0x72,0x6d,0x61,0x74,
  0x69,0x6f,0x6e,0x20,0x74,0x6f,0x20,0x65,0x6e,0x73,0x75,0x72,0x65,0x20,0x74,0x68,
  0x65,0x20,0x47,0x4e,0x55,0x20,0x47,0x65,0x6e,0x65,0x72,0x61,0x6c,0x20,0x50,0x75,
  0x62,0x6c,0x69,0x63,0x20,0x4c,0x69,0x63,0x65,0x6e,0x73,0x65,0x20,0x72,0x65,0x71,
  0x75,0x69,0x72,0x65,0x6d,0x65,0x6e,0x74,0x73,0x20,0x77,0x69,0x6c,0x6c,0xd,0xa,
  0x2a,0x2a,0x20,0x62,0x65,0x20,0x6d,0x65,0x74,0x3a,0x20,0x68,0x74,0x74,0x70,0x73,
  0x3a,0x2f,0x2f,0x77,0x77,0x77,0x2e,0x67,0x6e,0x75,0x2e,0x6f,0x72,0x67,0x2f,0x6c,
  0x69,0x63,0x65,0x6e,0x73,0x65,0x73,0x2f,0x67,0x70,0x6c,0x2d,0x33,0x2e,0x30,0x2e,
  0x68,0x74,0x6d,0x6c,0x2e,0xd,0xa,0x2a,0x2a,0xd,0xa,0x2a,0x2a,0x20,0x24,0x51,
  0x54,0x5f,0x45,0x4e,0x44,0x5f,0x4c,0x49,0x43,0x45,0x4e,0x53,0x45,0x24,0xd,0xa,
  0x2a,0x2a,0xd,0xa,0x2a,0x2a,0x2a,0x2a,0x2a,0x2a,0x2a,0x2a,0x2a,0x2a,0x2a,0x2a,
  0x2a,0x2a,0x2a,0x2a,0x2a,0x2a,0x2a,0x2a,0x2a,0x2a,0x2a,0x2a,0x2a,0x2a,0x2a,0x2a,
  0x2a,0x2a,0x2a,0x2a,0x2a,0x2a,0x2a,0x2a,0x2a,0x2a,0x2a,0x2a,0x2a,0x2a,0x2a,0x2a,
  0x2a,0x2a,0x2a,0x2a,0x2a,0x2a,0x2a,0x2a,0x2a,0x2a,0x2a,0x2a,0x2a,0x2a,0x2a,0x2a,
  0x2a,0x2a,0x2a,0x2a,0x2a,0x2a,0x2a,0x2a,0x2a,0x2a,0x2a,0x2a,0x2a,0x2a,0x2a,0x2a,
  0x2f,0xd,0xa,0xd,0xa,0x69,0x6d,0x70,0x6f,0x72,0x74,0x20,0x51,0x74,0x51,0x75,
  0x69,0x63,0x6b,0x20,0x32,0x2e,0x31,0x30,0xd,0xa,0x69,0x6d,0x70,0x6f,0x72,0x74,
  0x20,0x51,0x74,0x51,0x75,0x69,0x63,0x6b,0x2e,0x54,0x69,0x6d,0x65,0x6c,0x69,0x6e,
  0x65,0x20,0x31,0x2e,0x30,0xd,0xa,0xd,0xa,0x46,0x6c,0x6f,0x77,0x45,0x66,0x66,
  0x65,0x63,0x74,0x20,0x7b,0xd,0xa,0x20,0x20,0x20,0x20,0x69,0x64,0x3a,0x20,0x65,
  0x66,0x66,0x65,0x63,0x74,0xd,0xa,0xd,0xa,0x20,0x20,0x20,0x20,0x64,0x75,0x72,
  0x61,0x74,0x69,0x6f,0x6e,0x3a,0x20,0x32,0x35,0x30,0xd,0xa,0x20,0x20,0x20,0x20,
  0x6f,0x6e,0x53,0x74,0x61,0x72,0x74,0x65,0x64,0x3a,0x20,0x67,0x72,0x6f,0x75,0x70,
  0x30,0x31,0x2e,0x74,0x61,0x72,0x67,0x65,0x74,0x20,0x3d,0x20,0x74,0x72,0x61,0x6e,
  0x73,0x69,0x74,0x69,0x6f,0x6e,0x56,0x69,0x65,0x77,0x2e,0x5f,0x5f,0x74,0x6f,0x43,
  0x6f,0x6e,0x74,0x65,0x6e,0x74,0x49,0x74,0x65,0x6d,0xd,0xa,0xd,0xa,0x20,0x20,
  0x20,0x20,0x74,0x69,0x6d,0x65,0x6c,0x69,0x6e,0x65,0x3a,0x20,0x54,0x69,0x6d,0x65,
  0x6c,0x69,0x6e,0x65,0x20,0x7b,0xd,0xa,0x20,0x20,0x20,0x20,0x20,0x20,0x20,0x20,
  0x73,0x74,0x61,0x72,0x74,0x46,0x72,0x61,0x6d,0x65,0x3a,0x20,0x30,0xd,0xa,0x20,
  0x20,0x20,0x20,0x20,0x20,0x20,0x20,0x65,0x6e,0x64,0x46,0x72,0x61,0x6d,0x65,0x3a,
  0x20,0x31,0x30,0x30,0x30,0xd,0xa,0xd,0xa,0x20,0x20,0x20,0x20,0x20,0x20,0x20,
  0x20,0x4b,0x65,0x79,0x66,0x72,0x61,0x6d,0x65,0x47,0x72,0x6f,0x75,0x70,0x20,0x7b,
  0xd,0xa,0x20,0x20,0x20,0x20,0x20,0x20,0x20,0x20,0x20,0x20,0x20,0x20,0x69,0x64,
  0x3a,0x20,0x67,0x72,0x6f,0x75,0x70,0x30,0x31,0xd,0xa,0xd,0xa,0x20,0x20,0x20,
  0x20,0x20,0x20,0x20,0x20,0x20,0x20,0x20,0x20,0x70,0x72,0x6f,0x70,0x65,0x72,0x74,
  0x79,0x3a,0x20,0x22,0x78,0x22,0xd,0xa,0xd,0xa,0x20,0x20,0x20,0x20,0x20,0x20,
  0x20,0x20,0x20,0x20,0x20,0x20,0x4b,0x65,0x79,0x66,0x72,0x61,0x6d,0x65,0x20,0x7b,
  0xd,0xa,0x20,0x20,0x20,0x20,0x20,0x20,0x20,0x20,0x20,0x20,0x20,0x20,0x20,0x20,
  0x20,0x20,0x66,0x72,0x61,0x6d,0x65,0x3a,0x20,0x30,0xd,0xa,0x20,0x20,0x20,0x20,
  0x20,0x20,0x20,0x20,0x20,0x20,0x20,0x20,0x20,0x20,0x20,0x20,0x76,0x61,0x6c,0x75,
  0x65,0x3a,0x20,0x2d,0x74,0x72,0x61,0x6e,0x73,0x69,0x74,0x69,0x6f,0x6e,0x56,0x69,
  0x65,0x77,0x2e,0x77,0x69,0x64,0x74,0x68,0xd,0xa,0x20,0x20,0x20,0x20,0x20,0x20,
  0x20,0x20,0x20,0x20,0x20,0x20,0x7d,0xd,0xa,0xd,0xa,0x20,0x20,0x20,0x20,0x20,
  0x20,0x20,0x20,0x20,0x20,0x20,0x20,0x4b,0x65,0x79,0x66,0x72,0x61,0x6d,0x65,0x20,
  0x7b,0xd,0xa,0x20,0x20,0x20,0x20,0x20,0x20,0x20,0x20,0x20,0x20,0x20,0x20,0x20,
  0x20,0x20,0x20,0x66,0x72,0x61,0x6d,0x65,0x3a,0x20,0x31,0x30,0x30,0x30,0xd,0xa,
  0x20,0x20,0x20,0x20,0x20,0x20,0x20,0x20,0x20,0x20,0x20,0x20,0x20,0x20,0x20,0x20,
  0x76,0x61,0x6c,0x75,0x65,0x3a,0x20,0x30,0xd,0xa,0x20,0x20,0x20,0x20,0x20,0x20,
  0x20,0x20,0x20,0x20,0x20,0x20,0x20,0x20,0x20,0x20,0x65,0x61,0x73,0x69,0x6e,0x67,
  0x3a,0x20,0x65,0x66,0x66,0x65,0x63,0x74,0x2e,0x65,0x61,0x73,0x69,0x6e,0x67,0xd,
  0xa,0x20,0x20,0x20,0x20,0x20,0x20,0x20,0x20,0x20,0x20,0x20,0x20,0x7d,0xd,0xa,
  0x20,0x20,0x20,0x20,0x20,0x20,0x20,0x20,0x7d,0xd,0xa,0x20,0x20,0x20,0x20,0x7d,
  0xd,0xa,0x7d,0xd,0xa,0xd,0xa,0x2f,0x2a,0x23,0x23,0x5e,0x23,0x23,0xd,0xa,
  0x44,0x65,0x73,0x69,0x67,0x6e,0x65,0x72,0x20,0x7b,0xd,0xa,0x20,0x20,0x20,0x20,
  0x44,0x7b,0x69,0x3a,0x30,0x3b,0x61,0x75,0x74,0x6f,0x53,0x69,0x7a,0x65,0x3a,0x74,
  0x72,0x75,0x65,0x3b,0x68,0x65,0x69,0x67,0x68,0x74,0x3a,0x34,0x38,0x30,0x3b,0x77,
  0x69,0x64,0x74,0x68,0x3a,0x36,0x34,0x30,0x7d,0xd,0xa,0x7d,0xd,0xa,0x23,0x23,
  0x5e,0x23,0x23,0x2a,0x2f,0xd,0xa,
    // FlowView.qml
  0x0,0x0,0x8,0x70,
  0x28,
  0xb5,0x2f,0xfd,0x60,0x9a,0x24,0x35,0x43,0x0,0x8a,0x44,0xe8,0xb,0x26,0xf0,0x76,
  0x9b,0x3,0x24,0x6a,0xff,0x96,0x44,0x6d,0xd7,0x19,0x48,0xdb,0x96,0xde,0x94,0x7c,
  0xac,0x71,0x65,0x12,0xaf,0x6b,0xae,0xa4,0xe0,0x67,0xe4,0xdd,0x13,0x4a,0x91,0xcd,
  0x6c,0x16,0xe1,0x5,0xb3,0x0,0xb2,0x0,0xb7,0x0,0x57,0xeb,0xe6,0x69,0xf7,0xf2,
  0x75,0x48,0xdf,0xb6,0x47,0xea,0xed,0x11,0x3a,0x4e,0x39,0xdb,0xf9,0x58,0xdb,0xe5,
  0x11,0x18,0x5e,0x39,0xaf,0x8e,0x60,0x7,0xa4,0xd0,0x72,0x20,0x57,0xef,0xa7,0x94,
  0x2a,0x4b,0x79,0x9d,0xfa,0x53,0xef,0x75,0x6d,0x2f,0x21,0x86,0xad,0xe5,0xeb,0x6b,
  0xb4,0xde,0x49,0xaa,0x1d,0x5a,0x97,0x9c,0x4b,0x6f,0x21,0x7,0xa7,0x47,0x55,0x29,
  0xe3,0xc7,0x35,0xe3,0x2e,0xb7,0xb1,0x52,0x14,0x41,0xc6,0x46,0x5,0x66,0xa2,0x43,
  0x63,0x42,0x73,0x91,0x41,0xa2,0x71,0x51,0x31,0x11,0x41,0xe2,0xc1,0x41,0xc0,0x62,
  0x3f,0x7d,0x90,0xf5,0x49,0x1b,0x55,0xe2,0x25,0x6d,0x2d,0x8e,0x8,0xbe,0x39,0xab,
  0xc7,0xbd,0xba,0x8d,0x1e,0x77,0xf2,0xb0,0x48,0x6f,0xe3,0xd3,0xb6,0xce,0x2,0x97,
  0xb5,0x9,0xbb,0xae,0xcb,0x62,0xc1,0xc4,0xaa,0x7b,0x3a,0xa6,0x5b,0xf6,0x63,0x50,
  0x67,0xbc,0xf3,0xb2,0xa2,0xa0,0xe6,0xcd,0x71,0x9d,0x3c,0x7e,0x59,0xb8,0x2c,0xbc,
  0xa2,0x79,0xde,0x93,0xb4,0xdc,0xa9,0xa0,0xe6,0x0,0x1,0x6,0x96,0xcc,0x56,0x6b,
  0x67,0x65,0xa4,0xd0,0xc6,0x97,0xec,0x41,0xf1,0x4e,0xb3,0x56,0x3a,0x5d,0x30,0x53,
  0x43,0x7b,0x35,0x84,0x7c,0xc,0xb4,0xff,0xf,0x10,0x80,0x72,0x4a,0xfb,0xe2,0xa2,
  0xc0,0x16,0x9a,0xe3,0xcd,0xb0,0xa2,0x16,0x20,0x80,0x40,0x42,0x63,0xc2,0x51,0x3d,
  0xb1,0xb,0x63,0x48,0x70,0x95,0x64,0xb1,0x48,0xc,0x99,0xf5,0x24,0xa5,0x9c,0xdb,
  0xeb,0x91,0xd7,0x32,0x51,0x66,0x2b,0x3e,0x3d,0xec,0xb,0x3a,0x7,0x2f,0x5d,0x8e,
  0xf2,0x35,0xa6,0xba,0x8d,0xb3,0x8,0x4a,0x59,0xd2,0xb2,0xb2,0x5c,0x63,0x60,0x6f,
  0x39,0x75,0x8a,0xd5,0x63,0x32,0x48,0xa1,0x4c,0xf1,0x9,0x9,0x8c,0xce,0xa6,0x62,
  0xed,0x74,0xaf,0x54,0xf0,0xdc,0xf9,0x9c,0xe1,0x19,0x22,0x2b,0x27,0x82,0xac,0xd0,
  0xb3,0xe,0xe9,0x6,0xa2,0xad,0xdb,0x58,0x1b,0x77,0xc9,0xfa,0xb4,0xe2,0x1f,0x1a,
  0x15,0x56,0x42,0xe7,0x9f,0x14,0xc3,0xe8,0x2d,0xeb,0xd4,0x6c,0x45,0x9,0xaa,0xf1,
  0xf1,0xc1,0xed,0x85,0xce,0x90,0xe2,0xc,0x7a,0x79,0xb,0x76,0xfe,0x54,0x3,0xf,
  0x16,0xcb,0x31,0xcf,0x4e,0x88,0x75,0x3c,0x86,0xd2,0xde,0xc7,0x5c,0x97,0xec,0xb9,
  0xba,0x9d,0xae,0x7d,0xe6,0x27,0xa,0xbd,0x91,0x15,0xd9,0x83,0x83,0x37,0x3c,0x65,
  0xc8,0xed,0xa4,0x71,0xee,0xe,0xdf,0x37,0x7c,0xa3,0x13,0x7d,0xd,0x19,0x48,0x5b,
  0x9d,0x80,0x73,0xd6,0xd3,0x91,0x8b,0x48,0x45,0x21,0xe1,0x89,0x1d,0xd3,0x3d,0x74,
  0x72,0x9e,0x81,0xb4,0xaa,0x60,0x75,0x4e,0xe,0xab,0x3c,0x99,0xb3,0xd5,0xca,0x95,
  0xcb,0x33,0x99,0xcc,0xa7,0x96,0x9e,0x3a,0x36,0x91,0x90,0xb0,0xe7,0xd1,0x56,0x9e,
  0x92,0x96,0x11,0x50,0x6a,0xcf,0x8a,0x2c,0xee,0x63,0x2e,0x5d,0x90,0xb8,0x1d,0x86,
  0x1d,0xd7,0xa2,0xa4,0x41,0xb7,0xa9,0xe0,0x6,0x94,0x14,0xca,0x71,0x30,0xc6,0x95,
  0x40,0xe8,0x97,0x1d,0xdf,0x85,0xf5,0x26,0xba,0x69,0x14,0x4d,0x9c,0xb2,0x9e,0x6a,
  0x74,0x19,0xa9,0xf4,0x72,0xd2,0x64,0xe5,0x20,0xdc,0xa4,0x1c,0xd3,0x92,0xb5,0xdf,
  0x46,0x88,0xb3,0x41,0x6e,0x43,0xe2,0x36,0x95,0x88,0xd1,0x1f,0x1c,0x3a,0xae,0xd3,
  0xc6,0x30,0x22,0x21,0x79,0x1a,0x0,0x1,0x0,0x1,0x0,0x1,0x29,0xb0,0xfb,0x41,
  0xd,0x5,0xb9,0xf2,0xfd,0xc1,0x7,0x76,0xe0,0xe9,0xb7,0xd2,0x5b,0xe5,0xbc,0x86,
  0x9c,0xc5,0xde,0xe8,0x9d,0x53,0xb3,0x4e,0xd,0x5f,0x52,0x57,0xd6,0xc9,0xe3,0x51,
  0x29,0x37,0x60,0x43,0xa9,0x39,0x2b,0x71,0x59,0x27,0x99,0x21,0x32,0x7,0x79,0xf0,
  0xf2,0xbc,0xdd,0xb0,0xe6,0xa8,0x30,0x7d,0xf0,0xe9,0xd4,0x87,0x1e,0xb7,0x6d,0xb4,
  0x4d,0xab,0xf8,0x7c,0x74,0xc1,0x1a,0x1,0xf6,0xb,0xa,0xde,0xef,0xa6,0xcc,0x1b,
  0x49,0x19,0x17,0x65,0x8f,0x50,0x59,0xad,0xdd,0xd1,0x1a,0x59,0xab,0xc4,0xe9,0xa1,
  0x9d,0x1d,0x19,0xac,0x20,0x50,0x90,0x9f,0x8b,0x92,0xa6,0x53,0xeb,0xcc,0xbb,0x2f,
  0x76,0xe7,0xf2,0xf0,0x11,0xe2,0x6,0x96,0xde,0xb7,0x6f,0xa3,0x4c,0x46,0xe0,0x11,
  0xab,0x28,0x3c,0xe1,0xed,0x41,0x56,0x79,0xa6,0x68,0x55,0x1e,0x4d,0x2b,0xa,0xc4,
  0x83,0xea,0xac,0xd6,0x11,0xa3,0xb2,0xe4,0x52,0x59,0xdd,0x66,0xe3,0xbe,0xa5,0xe8,
  0xbb,0x3c,0x49,0x4a,0xe4,0x98,0x7,0x82,0x69,0xa8,0xf2,0x54,0xc7,0x18,0xa2,0x1a,
  0x11,0x49,0x92,0x24,0xc3,0x1,0x42,0x18,0x8,0xc2,0x61,0x82,0x3d,0x13,0x8b,0x7a,
  0x62,0x70,0x34,0x46,0x42,0x18,0xc,0x51,0x88,0xe2,0x88,0x48,0x10,0x91,0x9,0x26,
  0x10,0xa9,0x40,0x66,0x92,0xb4,0xa0,0xa0,0x98,0x3,0xa7,0xa0,0x1e,0x74,0x9e,0xf2,
  0x1e,0xa6,0x85,0x3,0x84,0x42,0xb1,0x8f,0xb0,0xf4,0x64,0xf9,0x1a,0x2e,0xef,0x37,
  0xd,0xf4,0xe4,0x30,0x77,0x48,0x2,0xf9,0x51,0x20,0xe4,0x29,0xcd,0xf2,0x12,0xe0,
  0x73,0xa9,0xf3,0x0,0x36,0xa8,0x0,0xff,0xa3,0x70,0xde,0x5c,0x36,0x6c,0xb5,0x3e,
  0xb6,0xd8,0xca,0x2e,0x60,0xab,0xa0,0xfa,0xf1,0x3,0x82,0x66,0x4d,0x84,0x68,0x87,
  0x59,0x4b,0x96,0x8b,0x84,0xee,0xfa,0x21,0x49,0x4c,0xbb,0xb6,0x7e,0xeb,0x3e,0xfd,
  0xda,0x9d,0x9c,0xe9,0x7e,0x46,0xfb,0xc0,0x72,0xb9,0xad,0xf3,0x18,0x32,0x4e,0x17,
  0x12,0x2a,0x43,0x1a,0xa1,0x88,0x15,0xff,0x95,0x51,0xc5,0xe7,0x32,0x53,0xee,0x3a,
  0x59,0x5b,0x47,0xa7,0xeb,0xcc,0x24,0x9d,0x5f,0x8c,0xf7,0xaf,0xf0,0x73,0x6e,0x66,
  0x57,0xd8,0xe9,0x5b,0xb4,0x7b,0xfd,0xde,0x3,0x35,0x29,0x81,0xb7,0xb2,0xf8,0x6e,
  0xb2,0x4e,0xa8,0xb0,0x45,0x88,0x80,0x71,0xe1,0x10,0xb,0x34,0x5c,0x76,0x46,0x79,
  0x2b,0x96,0x61,0xe6,0xd6,0xec,0x62,0xb4,0x0,0xa6,0x5d,0x63,0x46,0xc2,0x39,0xc5,
  0xac,0xec,0x2b,0xb0,0x86,0x32,0xb9,0xdf,0x61,0x61,0xd,0x8a,0xb5,0x46,0x66,0x20,
  0x8b,0x65,0xc7,0x16,0xb9,0x69,0x6d,0x3e,0x7d,0x64,0x71,0xb,0x6e,0xe1,0xd8,0x9f,
  0x2a,0xdf,0xe0,0xb7,0x4d,0x82,0x3c,0xf3,0x83,0x8d,0xf9,0xc0,0x94,0x13,0x31,0x6a,
  0x70,0xb7,0x77,0xc,0xb6,0xf1,0x5d,0xf4,0x7b,0x63,0xb6,0x3c,0x54,0xb4,0x82,0x78,
  0xb6,0x3c,0x58,0x9a,0xed,0x76,0xe0,0x1b,0x2e,0x3a,0x94,0xbe,0x29,0xc1,0xb8,0x99,
  0x59,0x26,0x17,0xfe,0x35,0xe9,0xfb,0xb2,0xe1,0xfe,0xd4,0x93,0xc5,0x8a,0x26,0xb1,
  0x35,0x9e,0xbe,0xba,0x9d,0x4f,0xfd,0xe6,0xf5,0xad,0xba,0x34,0xac,0x99,0xce,0x7c,
  0x2f,0xab,0x67,0x9c,0x66,0xd0,0x4e,0xb6,0x62,0xf5,0xf3,0x78,0x18,0x2d,0x8f,0x3c,
  0x47,0xaf,0x93,0xdf,0xd9,0x34,0x3d,0x46,0x6f,0x12,0x49,0x98,0x8d,0x78,0x4a,0xea,
  0x40,0xb,0x60,0x14,0x8,0x8e,0xd,0x9b,0x3,0x67,0x12,0xb2,0xe2,0x8,0x4c,0x49,
  0x73,0x43,0x15,0xc0,0x26,0xd,0xf5,0x72,0xef,0xe1,0x9f,0x68,0x5,0x4c,0x69,0x83,
  0xb5,0xfc,0x3a,0x72,0x6f,0xff,0x5f,0x1f,0xe7,0x6c,0x8d,0xf,0x39,0xb1,0xb7,0x2e,
  0x9f,0x69,0x46,0xdd,0xd4,0x29,0x30,0x8b,0xd9,0x96,0x88,0x5b,0x36,0xfc,0x63,0xb4,
  0x95,0x98,0xef,0xaa,0x9c,0x3,0x3,0x5d,0x32,0x7b,0x82,0xc5,0x2b,0xe8,0xff,0x5f,
  0x94,0xd8,0x9e,0xbe,0x4c,0x38,0x8c,0xc5,0xa6,0xca,0x16,0x46,0xdc,0xf8,0xbd,0xf5,
  0xcc,0xe4,0xf1,0xe8,0xcc,0x83,0x42,0xad,0xe4,0xc,0x54,0xef,0xd7,0xca,0xc7,0xfa,
  0x4,0xab,0x37,0xa7,0x10,0xc0,0xb2,0x76,0x32,0xc9,0x3d,0x1a,0x69,0xde,0x6f,0xd0,
  0xf4,0x77,0x99,0x39,0x4f,0x29,0xde,0xfb,0x92,0x7f,0x14,0x58,0x74,0x2,0xc0,0xb6,
  0xc4,0xc8,0x11,0x6e,0x13,0x6d,0x1c,0x3d,0xaa,0x21,0xd8,0xc2,0x89,0xa,0x1,0x8d,
  0x8,0x56,0xb8,0x1c,0x83,0x45,0x99,0x2d,0x5f,0x64,0x8b,0x2d,0x47,0xa,0x1,0x4c,
  0xf9,0xe9,0x7d,0xf4,0xfb,0x98,0x45,0x99,0xa2,0xc0,0x1,0x4,0x14,0x66,0xfc,0xf0,
  0xee,0x4c,0xc1,0x8b,0xf7,0xe,0x22,0x96,0x8d,0x6e,0x85,0x97,0x85,0x1a,0x60,0x48,
  0xba,0x3c,0xfc,0xa6,0x17,0x96,0xe5,0x56,0xa1,0x8d,0x11,0x77,0x4c,0xa4,0xd6,0x42,
  0xd9,0xf3,0xd6,0x5,0x60,0x82,0xea,0x94,0x5f,0x24,0xcd,0x6b,0x7,0xfe,0x64,0x96,
  0xa4,0x3b,0x10,0x23,0x2f,0x1b,0x54,0xd9,0xb7,0xad,0xce,0xb8,0x82,0x98,0x61,0x70,
  0x41,0xb,0x4e,0xe0,0x1d,0x6c,0x86,0xd4,0x4f,0xa5,0x80,0xdb,0xbd,0xc1,0x12,0x5b,
  0x9,0xc6,0x37,0x0,0x4,0x4b,0x6c,0x67,0x42,0x9b,0x99,0xf,0xbd,0x92,0x28,0x3d,
  0xda,0x10,0x32,0x7b,0x8d,0x4,0x59,0xe0,0x6d,0x54,0x70,0x8a,0xea,0x70,0x47,0xb5,
  0x5b,0x6d,0xda,0x82,0x8d,0x3,0x84,0x71,0x20,0xf4,0xc9,0x2,0x6e,0x7b,0x89,0x1f,
  0x87,0x77,0x53,0x36,0x3c,0xab,0x41,0x1d,0x3c,0x90,0x5d,0x79,0x72,0x8e,0x2d,0x53,
  0xd9,0x5a,0x81,0xcc,0x56,0x7,0x3a,0xe5,0x59,0x6a,0x4c,0xbe,0x1a,0xcf,0x1e,0xae,
  0xfb,0xaa,0xcc,0x7b,0x6,0xea,0xb4,0x1a,0x87,0x33,0x5a,0xe1,0xa1,0xb0,0xb3,0xbd,
  0xe1,0x1e,0x78,0x31,0x0,0x7a,0x84,0x2a,0x1a,0x2c,0x20,0x3c,0x6a,0xae,0xc4,0xb0,
  0xe0,0x73,0x71,0x89,0x2c,0x7c,0x2a,0xeb,0x75,0x86,0x96,0x57,0x42,0x29,0x39,0x95,
  0x8f,0xd0,0xc,0x1d,0xa7,0xf2,0x98,0x92,0x50,0x20,0x54,0x41,0x18,0x95,0x66,0xc3,
  0x35,0x25,0xb8,0x3b,0x1c,0xd9,0x55,0xc1,0x5c,0xe4,0xdb,0x46,0xf2,0xf7,0xb8,0x97,
  0x8c,0xa4,0x22,0x43,0xc,0xa,0x7,0x7d,0x5d,0x7b,0x1b,0x84,0x9,0x35,0x66,0xdc,
  0xdf,0xc7,0x93,0xd0,0x43,0xe6,0x29,0xaa,0x8d,0xd0,0x9f,0xab,0x76,0xc0,0x72,0x36,
  0x5c,0xe4,0xe2,0xe1,0xf2,0x49,0x3,0x2,0x77,0xec,0x5f,0x7f,0xef,0x26,0xa2,0xbe,
  0x39,0xc0,0xe9,0x8,0xc1,0xd2,0x58,0xdb,0x80,0x93,0x88,0xbf,0xe5,0x88,0x2,0x1f,
  0xe0,0x83,0xce,0x4c,0xbf,0xa9,0xce,0x89,0x32,0x29,0xb4,0x40,0x50,0x33,0x93,0x2e,
  0x89,0x3f,0x77,0x93,0xa0,0x34,0xb4,0xaa,0x36,0x80,0xa5,0xad,0x88,0xba,0x89,0x56,
  0xce,0x86,0x19,0x96,0xc3,0x30,0xf6,0xbb,0xce,0xa7,0xa0,0xe2,0x5e,0x32,0xe5,0x8c,
  0xe5,0x64,0x33,0xb7,0xcd,0xc2,0x26,0x30,0x90,0x30,0xe7,0xf7,0x8e,0x58,0xd6,0xe7,
  0xb2,0xc9,0x72,0xad,0x19,0x3d,0x41,0x72,0x78,0x40,0xb0,0x0,0x8b,0xd7,0xa1,0x16,
  0x33,0x6d,0x74,0x21,0xc0,0x33,0x30,0xf5,0x22,0xff,0x13,0xb5,0xf2,0xf2,0x8,0x35,
  0xd3,0x84,0x54,0x70,0x62,0x7b,0x82,0x8b,0x3b,0xa2,0xd,0x82,0x1e,0x5c,0xa4,0x4b,
  0xa6,0x4f,0x9,0x39,0x8d,0xe4,0xbd,0xb4,0x50,0x4f,0xc5,0x4d,0xd0,0x39,0x5d,0x32,
  0x17,0xd3,0x88,0xd5,0x99,0x7c,0x90,0x32,0x59,0xb3,0x6b,0xa4,0x52,0xdc,0x97,0xe2,
  0xc9,0x7a,0xeb,0xb9,0xdc,0x53,0x0,0x56,0x87,0x89,0xa8,0xb2,0x61,0xdf,0x55,0x50,
  0x17,0x22,0x4a,0xba,0xd5,0xb3,0x67,0xc5,0xd9,0xcb,0x8f,0x3d,0xc8,0x98,0x1,0x20,
  0xc9,0xd7,0x6b,0x1e,0x94,0x76,0xff,0xa2,0x7c,0x29,0x27,0xe,0x66,0x90,0x64,0xb1,
  0xd3,0x6e,0x75,0xa3,0xd5,0x87,0x64,0x41,0xc9,0x74,0x64,0x65,0xd0,0xb0,0xc7,0x2a,
  0x22,0x97,0xc2,0x44,0x8b,0xce,0xc4,0x95,0x3a,0xb3,0x92,0xf8,0x48,0xd4,0x36,0x23,
  0xd3,0xfa,0x3,0x69,0x6e,0x50,0x79,0x23,0xd6,0x52,0xd,0x8,0xee,0x4f,0x92,0x44,
  0x1d,0xa2,0xe8,0xcb,0xca,0x42,0xd,0xff,0xc9,0x88,0xac,0x0,0x42,0x8f,0x1d,0x4a,
  0xcc,0x55,0xbe,0xa0,0xb6,0x24,0xcb,0x49,0x2,0x89,0x95,0x4f,0x11,0xf,0x4a,0x66,
  0xa7,0x7a,0x68,0xc9,0x0,0x41,0x84,0xa8,0x96,0x48,0x36,0xf1,0xfc,0x8a,0x11,0x88,
  0xfc,0x9,0xd7,0x9b,0x1,0x26,0x7a,0x4,0x2c,0xab,0x8d,0xc5,0xa9,0x21,0xd4,0x99,
  0x9f,0xc3,0xe4,0x79,0x82,0x70,0x1d,0x32,0x72,0x8f,0xf7,0x8d,0x69,0xc9,0x8b,0xa9,
  0xd9,0x9a,0x6b,0xd3,0xc6,0xa4,0xcd,0x89,0xf2,0xb3,0x4c,0x97,0xc1,0x3e,0x96,0xfb,
  0x76,0x12,0xaf,0x50,0xce,0x63,0x12,0xd9,0xa9,0x11,0xa7,0xd1,0xa4,0x0,0xb1,0x40,
  0x49,0x6,0x78,0x14,0x9c,0x70,0x80,0x98,0xd3,0x32,0xa6,0x96,0xa3,0x1,0x2c,0xe2,
  0x50,0xc8,0xa9,0x39,0xc1,0x36,0xde,0x1e,0xa4,0x74,0xe1,0xab,0xb9,0x5,0x51,0xe7,
  0xc5,0x4a,0x55,0xd3,0x48,0xfe,0x43,0x9b,0xa3,0x47,0xda,0xb,0xdc,0xd1,0x25,0xea,
  0x1a,0x70,0xe4,0x75,0x5b,0x87,0x17,0x6a,0x59,0x78,0x83,0xd,0xf1,0xd0,0x92,0x2,
  0xb6,0xe4,0x6e,0x17,0x12,0xe1,0x49,0x24,0x52,0x26,0x83,0x70,0x15,0x6d,0xc9,0x5,
  0x25,0x2f,0x49,0x1,0xd3,0x39,0xe9,0xfd,0x94,0x7,0xcf,0x19,0x70,0x9a,0x34,0x21,
  0xd7,0xfe,0x7e,0x5f,0x7,0xe5,0x2a,0x6c,0x53,0xe7,0x29,0xd1,0x34,0xa2,0xfc,0xcd,
  0xca,0x2d,0xf1,0xca,0x3d,0x90,0x58,0xce,0xca,0xd6,0x5f,0x4,0xf8,0xb2,0x8,0x25,
  0x5d,0xf8,0xf5,0xca,0x66,0x30,0xa1,0xf7,0x9e,0xe3,0x60,0x79,0xfc,0x56,0xa5,0x2f,
  0x34,0xed,0xa0,0x8d,0x8b,0xb6,0xee,0x2c,0xdc,0xf2,0x99,0xe2,0x1,0x10,0x8,
    // FlowSlideDownEffect.qml
  0x0,0x0,0xa,0xe,
  0x2f,
  0x2a,0x2a,0x2a,0x2a,0x2a,0x2a,0x2a,0x2a,0x2a,0x2a,0x2a,0x2a,0x2a,0x2a,0x2a,0x2a,
  0x2a,0x2a,0x2a,0x2a,0x2a,0x2a,0x2a,0x2a,0x2a,0x2a,0x2a,0x2a,0x2a,0x2a,0x2a,0x2a,
  0x2a,0x2a,0x2a,0x2a,0x2a,0x2a,0x2a,0x2a,0x2a,0x2a,0x2a,0x2a,0x2a,0x2a,0x2a,0x2a,
  0x2a,0x2a,0x2a,0x2a,0x2a,0x2a,0x2a,0x2a,0x2a,0x2a,0x2a,0x2a,0x2a,0x2a,0x2a,0x2a,
  0x2a,0x2a,0x2a,0x2a,0x2a,0x2a,0x2a,0x2a,0x2a,0x2a,0x2a,0x2a,0xd,0xa,0x2a,0x2a,
  0xd,0xa,0x2a,0x2a,0x20,0x43,0x6f,0x70,0x79,0x72,0x69,0x67,0x68,0x74,0x20,0x28,
  0x43,0x29,0x20,0x32,0x30,0x32,0x30,0x20,0x54,0x68,0x65,0x20,0x51,0x74,0x20,0x43,
  0x6f,0x6d,0x70,0x61,0x6e,0x79,0x20,0x4c,0x74,0x64,0x2e,0xd,0xa,0x2a,0x2a,0x20,
  0x43,0x6f,0x6e,0x74,0x61,0x63,0x74,0x3a,0x20,0x68,0x74,0x74,0x70,0x73,0x3a,0x2f,
  0x2f,0x77,0x77,0x77,0x2e,0x71,0x74,0x2e,0x69,0x6f,0x2f,0x6c,0x69,0x63,0x65,0x6e,
  0x73,0x69,0x6e,0x67,0x2f,0xd,0xa,0x2a,0x2a,0xd,0xa,0x2a,0x2a,0x20,0x54,0x68,
  0x69,0x73,0x20,0x66,0x69,0x6c,0x65,0x20,0x69,0x73,0x20,0x70,0x61,0x72,0x74,0x20,
  0x6f,0x66,0x20,0x51,0x74,0x20,0x51,0x75,0x69,0x63,0x6b,0x20,0x44,0x65,0x73,0x69,
  0x67,0x6e,0x65,0x72,0x20,0x43,0x6f,0x6d,0x70,0x6f,0x6e,0x65,0x6e,0x74,0x73,0x2e,
  0xd,0xa,0x2a,0x2a,0xd,0xa,0x2a,0x2a,0x20,0x24,0x51,0x54,0x5f,0x42,0x45,0x47,
  0x49,0x4e,0x5f,0x4c,0x49,0x43,0x45,0x4e,0x53,0x45,0x3a,0x47,0x50,0x4c,0x24,0xd,
  0xa,0x2a,0x2a,0x20,0x43,0x6f,0x6d,0x6d,0x65,0x72,0x63,0x69,0x61,0x6c,0x20,0x4c,
  0x69,0x63,0x65,0x6e,0x73,0x65,0x20,0x55,0x73,0x61,0x67,0x65,0xd,0xa,0x2a,0x2a,
  0x20,0x4c,0x69,0x63,0x65,0x6e,0x73,0x65,0x65,0x73,0x20,0x68,0x6f,0x6c,0x64,0x69,
  0x6e,0x67,0x20,0x76,0x61,0x6c,0x69,0x64,0x20,0x63,0x6f,0x6d,0x6d,0x65,0x72,0x63,
  0x69,0x61,0x6c,0x20,0x51,0x74,0x20,0x6c,0x69,0x63,0x65,0x6e,0x73,0x65,0x73,0x20,
  0x6d,0x61,0x79,0x20,0x75,0x73,0x65,0x20,0x74,0x68,0x69,0x73,0x20,0x66,0x69,0x6c,
  0x65,0x20,0x69,0x6e,0xd,0xa,0x2a,0x2a,0x20,0x61,0x63,0x63,0x6f,0x72,0x64,0x61,
  0x6e,0x63,0x65,0x20,0x77,0x69,0x74,0x68,0x20,0x74,0x68,0x65,0x20,0x63,0x6f,0x6d,
  0x6d,0x65,0x72,0x63,0x69,0x61,0x6c,0x20,0x6c,0x69,0x63,0x65,0x6e,0x73,0x65,0x20,
  0x61,0x67,0x72,0x65,0x65,0x6d,0x65,0x6e,0x74,0x20,0x70,0x72,0x6f,0x76,0x69,0x64,
  0x65,0x64,0x20,0x77,0x69,0x74,0x68,0x20,0x74,0x68,0x65,0xd,0xa,0x2a,0x2a,0x20,
  0x53,0x6f,0x66,0x74,0x77,0x61,0x72,0x65,0x20,0x6f,0x72,0x2c,0x20,0x61,0x6c,0x74,
  0x65,0x72,0x6e,0x61,0x74,0x69,0x76,0x65,0x6c,0x79,0x2c,0x20,0x69,0x6e,0x20,0x61,
  0x63,0x63,0x6f,0x72,0x64,0x61,0x6e,0x63,0x65,0x20,0x77,0x69,0x74,0x68,0x20,0x74,
  0x68,0x65,0x20,0x74,0x65,0x72,0x6d,0x73,0x20,0x63,0x6f,0x6e,0x74,0x61,0x69,0x6e,
  0x65,0x64,0x20,0x69,0x6e,0xd,0xa,0x2a,0x2a,0x20,0x61,0x20,0x77,0x72,0x69,0x74,
  0x74,0x65,0x6e,0x20,0x61,0x67,0x72,0x65,0x65,0x6d,0x65,0x6e,0x74,0x20,0x62,0x65,
  0x74,0x77,0x65,0x65,0x6e,0x20,0x79,0x6f,0x75,0x20,0x61,0x6e,0x64,0x20,0x54,0x68,
  0x65,0x20,0x51,0x74,0x20,0x43,0x6f,0x6d,0x70,0x61,0x6e,0x79,0x2e,0x20,0x46,0x6f,
  0x72,0x20,0x6c,0x69,0x63,0x65,0x6e,0x73,0x69,0x6e,0x67,0x20,0x74,0x65,0x72,0x6d,
  0x73,0xd,0xa,0x2a,0x2a,0x20,0x61,0x6e,0x64,0x20,0x63,0x6f,0x6e,0x64,0x69,0x74,
  0x69,0x6f,0x6e,0x73,0x20,0x73,0x65,0x65,0x20,0x68,0x74,0x74,0x70,0x73,0x3a,0x2f,
  0x2f,0x77,0x77,0x77,0x2e,0x71,0x74,0x2e,0x69,0x6f,0x2f,0x74,0x65,0x72,0x6d,0x73,
  0x2d,0x63,0x6f,0x6e,0x64,0x69,0x74,0x69,0x6f,0x6e,0x73,0x2e,0x20,0x46,0x6f,0x72,
  0x20,0x66,0x75,0x72,0x74,0x68,0x65,0x72,0xd,0xa,0x2a,0x2a,0x20,0x69,0x6e,0x66,
  0x6f,0x72,0x6d,0x61,0x74,0x69,0x6f,0x6e,0x20,0x75,0x73,0x65,0x20,0x74,0x68,0x65,
  0x20,0x63,0x6f,0x6e,0x74,0x61,0x63,0x74,0x20,0x66,0x6f,0x72,0x6d,0x20,0x61,0x74,
  0x20,0x68,0x74,0x74,0x70,0x73,0x3a,0x2f,0x2f,0x77,0x77,0x77,0x2e,0x71,0x74,0x2e,
  0x69,0x6f,0x2f,0x63,0x6f,0x6e,0x74,0x61,0x63,0x74,0x2d,0x75,0x73,0x2e,0xd,0xa,
  0x2a,0x2a,0xd,0xa,0x2a,0x2a,0x20,0x47,0x4e,0x55,0x20,0x47,0x65,0x6e,0x65,0x72,
  0x61,0x6c,0x20,0x50,0x75,0x62,0x6c,0x69,0x63,0x20,0x4c,0x69,0x63,0x65,0x6e,0x73,
  0x65,0x20,0x55,0x73,0x61,0x67,0x65,0xd,0xa,0x2a,0x2a,0x20,0x41,0x6c,0x74,0x65,
  0x72,0x6e,0x61,0x74,0x69,0x76,0x65,0x6c,0x79,0x2c,0x20,0x74,0x68,0x69,0x73,0x20,
  0x66,0x69,0x6c,0x65,0x20,0x6d,0x61,0x79,0x20,0x62,0x65,0x20,0x75,0x73,0x65,0x64,
  0x20,0x75,0x6e,0x64,0x65,0x72,0x20,0x74,0x68,0x65,0x20,0x74,0x65,0x72,0x6d,0x73,
  0x20,0x6f,0x66,0x20,0x74,0x68,0x65,0x20,0x47,0x4e,0x55,0xd,0xa,0x2a,0x2a,0x20,
  0x47,0x65,0x6e,0x65,0x72,0x61,0x6c,0x20,0x50,0x75,0x62,0x6c,0x69,0x63,0x20,0x4c,
  0x69,0x63,0x65,0x6e,0x73,0x65,0x20,0x76,0x65,0x72,0x73,0x69,0x6f,0x6e,0x20,0x33,
  0x20,0x6f,0x72,0x20,0x28,0x61,0x74,0x20,0x79,0x6f,0x75,0x72,0x20,0x6f,0x70,0x74,
  0x69,0x6f,0x6e,0x29,0x20,0x61,0x6e,0x79,0x20,0x6c,0x61,0x74,0x65,0x72,0x20,0x76,
  0x65,0x72,0x73,0x69,0x6f,0x6e,0xd,0xa,0x2a,0x2a,0x20,0x61,0x70,0x70,0x72,0x6f,
  0x76,0x65,0x64,0x20,0x62,0x79,0x20,0x74,0x68,0x65,0x20,0x4b,0x44,0x45,0x20,0x46,
  0x72,0x65,0x65,0x20,0x51,0x74,0x20,0x46,0x6f,0x75,0x6e,0x64,0x61,0x74,0x69,0x6f,
  0x6e,0x2e,0x20,0x54,0x68,0x65,0x20,0x6c,0x69,0x63,0x65,0x6e,0x73,0x65,0x73,0x20,
  0x61,0x72,0x65,0x20,0x61,0x73,0x20,0x70,0x75,0x62,0x6c,0x69,0x73,0x68,0x65,0x64,
  0x20,0x62,0x79,0xd,0xa,0x2a,0x2a,0x20,0x74,0x68,0x65,0x20,0x46,0x72,0x65,0x65,
  0x20,0x53,0x6f,0x66,0x74,0x77,0x61,0x72,0x65,0x20,0x46,0x6f,0x75,0x6e,0x64,0x61,
  0x74,0x69,0x6f,0x6e,0x20,0x61,0x6e,0x64,0x20,0x61,0x70,0x70,0x65,0x61,0x72,0x69,
  0x6e,0x67,0x20,0x69,0x6e,0x20,0x74,0x68,0x65,0x20,0x66,0x69,0x6c,0x65,0x20,0x4c,
  0x49,0x43,0x45,0x4e,0x53,0x45,0x2e,0x47,0x50,0x4c,0x33,0xd,0xa,0x2a,0x2a,0x20,
  0x69,0x6e,0x63,0x6c,0x75,0x64,0x65,0x64,0x20,0x69,0x6e,0x20,0x74,0x68,0x65,0x20,
  0x70,0x61,0x63,0x6b,0x61,0x67,0x69,0x6e,0x67,0x20,0x6f,0x66,0x20,0x74,0x68,0x69,
  0x73,0x20,0x66,0x69,0x6c,0x65,0x2e,0x20,0x50,0x6c,0x65,0x61,0x73,0x65,0x20,0x72,
  0x65,0x76,0x69,0x65,0x77,0x20,0x74,0x68,0x65,0x20,0x66,0x6f,0x6c,0x6c,0x6f,0x77,
  0x69,0x6e,0x67,0xd,0xa,0x2a,0x2a,0x20,0x69,0x6e,0x66,0x6f,0x72,0x6d,0x61,0x74,
  0x69,0x6f,0x6e,0x20,0x74,0x6f,0x20,0x65,0x6e,0x73,0x75,0x72,0x65,0x20,0x74,0x68,
  0x65,0x20,0x47,0x4e,0x55,0x20,0x47,0x65,0x6e,0x65,0x72,0x61,0x6c,0x20,0x50,0x75,
  0x62,0x6c,0x69,0x63,0x20,0x4c,0x69,0x63,0x65,0x6e,0x73,0x65,0x20,0x72,0x65,0x71,
  0x75,0x69,0x72,0x65,0x6d,0x65,0x6e,0x74,0x73,0x20,0x77,0x69,0x6c,0x6c,0xd,0xa,
  0x2a,0x2a,0x20,0x62,0x65,0x20,0x6d,0x65,0x74,0x3a,0x20,0x68,0x74,0x74,0x70,0x73,
  0x3a,0x2f,0x2f,0x77,0x77,0x77,0x2e,0x67,0x6e,0x75,0x2e,0x6f,0x72,0x67,0x2f,0x6c,
  0x69,0x63,0x65,0x6e,0x73,0x65,0x73,0x2f,0x67,0x70,0x6c,0x2d,0x33,0x2e,0x30,0x2e,
  0x68,0x74,0x6d,0x6c,0x2e,0xd,0xa,0x2a,0x2a,0xd,0xa,0x2a,0x2a,0x20,0x24,0x51,
  0x54,0x5f,0x45,0x4e,0x44,0x5f,0x4c,0x49,0x43,0x45,0x4e,0x53,0x45,0x24,0xd,0xa,
  0x2a,0x2a,0xd,0xa,0x2a,0x2a,0x2a,0x2a,0x2a,0x2a,0x2a,0x2a,0x2a,0x2a,0x2a,0x2a,
  0x2a,0x2a,0x2a,0x2a,0x2a,0x2a,0x2a,0x2a,0x2a,0x2a,0x2a,0x2a,0x2a,0x2a,0x2a,0x2a,
  0x2a,0x2a,0x2a,0x2a,0x2a,0x2a,0x2a,0x2a,0x2a,0x2a,0x2a,0x2a,0x2a,0x2a,0x2a,0x2a,
  0x2a,0x2a,0x2a,0x2a,0x2a,0x2a,0x2a,0x2a,0x2a,0x2a,0x2a,0x2a,0x2a,0x2a,0x2a,0x2a,
  0x2a,0x2a,0x2a,0x2a,0x2a,0x2a,0x2a,0x2a,0x2a,0x2a,0x2a,0x2a,0x2a,0x2a,0x2a,0x2a,
  0x2f,0xd,0xa,0xd,0xa,0x69,0x6d,0x70,0x6f,0x72,0x74,0x20,0x51,0x74,0x51,0x75,
  0x69,0x63,0x6b,0x20,0x32,0x2e,0x31,0x30,0xd,0xa,0x69,0x6d,0x70,0x6f,0x72,0x74,
  0x20,0x51,0x74,0x51,0x75,0x69,0x63,0x6b,0x2e,0x54,0x69,0x6d,0x65,0x6c,0x69,0x6e,
  0x65,0x20,0x31,0x2e,0x30,0xd,0xa,0xd,0xa,0x46,0x6c,0x6f,0x77,0x45,0x66,0x66,
  0x65,0x63,0x74,0x20,0x7b,0xd,0xa,0x20,0x20,0x20,0x20,0x69,0x64,0x3a,0x20,0x65,
  0x66,0x66,0x65,0x63,0x74,0xd,0xa,0xd,0xa,0x20,0x20,0x20,0x20,0x70,0x72,0x6f,
  0x70,0x65,0x72,0x74,0x79,0x20,0x72,0x65,0x61,0x6c,0x20,0x69,0x74,0x65,0x6d,0x48,
  0x65,0x69,0x67,0x68,0x74,0x3a,0x20,0x74,0x72,0x61,0x6e,0x73,0x69,0x74,0x69,0x6f,
  0x6e,0x56,0x69,0x65,0x77,0x2e,0x68,0x65,0x69,0x67,0x68,0x74,0xd,0xa,0x20,0x20,
  0x20,0x20,0x70,0x72,0x6f,0x70,0x65,0x72,0x74,0x79,0x20,0x72,0x65,0x61,0x6c,0x20,
  0x6f,0x75,0x74,0x4f,0x70,0x61,0x63,0x69,0x74,0x79,0x3a,0x20,0x31,0xd,0xa,0xd,
  0xa,0x20,0x20,0x20,0x20,0x64,0x75,0x72,0x61,0x74,0x69,0x6f,0x6e,0x3a,0x20,0x32,
  0x35,0x30,0xd,0xa,0x20,0x20,0x20,0x20,0x6f,0x6e,0x53,0x74,0x61,0x72,0x74,0x65,
  0x64,0x3a,0x20,0x7b,0xd,0xa,0x20,0x20,0x20,0x20,0x20,0x20,0x20,0x20,0x67,0x72,
  0x6f,0x75,0x70,0x30,0x31,0x2e,0x74,0x61,0x72,0x67,0x65,0x74,0x20,0x3d,0x20,0x74,
  0x72,0x61,0x6e,0x73,0x69,0x74,0x69,0x6f,0x6e,0x56,0x69,0x65,0x77,0x2e,0x5f,0x5f,
  0x74,0x6f,0x43,0x6f,0x6e,0x74,0x65,0x6e,0x74,0x49,0x74,0x65,0x6d,0xd,0xa,0x20,
  0x20,0x20,0x20,0x20,0x20,0x20,0x20,0x67,0x72,0x6f,0x75,0x70,0x30,0x32,0x2e,0x74,
  0x61,0x72,0x67,0x65,0x74,0x20,0x3d,0x20,0x74,0x72,0x61,0x6e,0x73,0x69,0x74,0x69,
  0x6f,0x6e,0x56,0x69,0x65,0x77,0x2e,0x5f,0x5f,0x66,0x72,0x6f,0x6d,0x43,0x6f,0x6e,
  0x74,0x65,0x6e,0x74,0x49,0x74,0x65,0x6d,0xd,0xa,0x20,0x20,0x20,0x20,0x20,0x20,
  0x20,0x20,0x67,0x72,0x6f,0x75,0x70,0x30,0x31,0x2e,0x74,0x61,0x72,0x67,0x65,0x74,
  0x2e,0x7a,0x20,0x3d,0x20,0x31,0xd,0xa,0x20,0x20,0x20,0x20,0x7d,0xd,0xa,0xd,
  0xa,0x20,0x20,0x20,0x20,0x74,0x69,0x6d,0x65,0x6c,0x69,0x6e,0x65,0x3a,0x20,0x54,
  0x69,0x6d,0x65,0x6c,0x69,0x6e,0x65,0x20,0x7b,0xd,0xa,0x20,0x20,0x20,0x20,0x20,
  0x20,0x20,0x20,0x73,0x74,0x61,0x72,0x74,0x46,0x72,0x61,0x6d,0x65,0x3a,0x20,0x30,
  0xd,0xa,0x20,0x20,0x20,0x20,0x20,0x20,0x20,0x20,0x65,0x6e,0x64,0x46,0x72,0x61,
  0x6d,0x65,0x3a,0x20,0x31,0x30,0x30,0x30,0xd,0xa,0xd,0xa,0x20,0x20,0x20,0x20,
  0x20,0x20,0x20,0x20,0x4b,0x65,0x79,0x66,0x72,0x61,0x6d,0x65,0x47,0x72,0x6f,0x75,
  0x70,0x20,0x7b,0xd,0xa,0x20,0x20,0x20,0x20,0x20,0x20,0x20,0x20,0x20,0x20,0x20,
  0x20,0x69,0x64,0x3a,0x20,0x67,0x72,0x6f,0x75,0x70,0x30,0x31,0xd,0xa,0xd,0xa,
  0x20,0x20,0x20,0x20,0x20,0x20,0x20,0x20,0x20,0x20,0x20,0x20,0x70,0x72,0x6f,0x70,
  0x65,0x72,0x74,0x79,0x3a,0x20,0x22,0x79,0x22,0xd,0xa,0xd,0xa,0x20,0x20,0x20,
  0x20,0x20,0x20,0x20,0x20,0x20,0x20,0x20,0x20,0x4b,0x65,0x79,0x66,0x72,0x61,0x6d,
  0x65,0x20,0x7b,0xd,0xa,0x20,0x20,0x20,0x20,0x20,0x20,0x20,0x20,0x20,0x20,0x20,
  0x20,0x20,0x20,0x20,0x20,0x66,0x72,0x61,0x6d,0x65,0x3a,0x20,0x30,0xd,0xa,0x20,
  0x20,0x20,0x20,0x20,0x20,0x20,0x20,0x20,0x20,0x20,0x20,0x20,0x20,0x20,0x20,0x76,
  0x61,0x6c,0x75,0x65,0x3a,0x20,0x2d,0x65,0x66,0x66,0x65,0x63,0x74,0x2e,0x69,0x74,
  0x65,0x6d,0x48,0x65,0x69,0x67,0x68,0x74,0xd,0xa,0x20,0x20,0x20,0x20,0x20,0x20,
  0x20,0x20,0x20,0x20,0x20,0x20,0x7d,0xd,0xa,0xd,0xa,0x20,0x20,0x20,0x20,0x20,
  0x20,0x20,0x20,0x20,0x20,0x20,0x20,0x4b,0x65,0x79,0x66,0x72,0x61,0x6d,0x65,0x20,
  0x7b,0xd,0xa,0x20,0x20,0x20,0x20,0x20,0x20,0x20,0x20,0x20,0x20,0x20,0x20,0x20,
  0x20,0x20,0x20,0x66,0x72,0x61,0x6d,0x65,0x3a,0x20,0x31,0x30,0x30,0x30,0xd,0xa,
  0x20,0x20,0x20,0x20,0x20,0x20,0x20,0x20,0x20,0x20,0x20,0x20,0x20,0x20,0x20,0x20,
  0x76,0x61,0x6c,0x75,0x65,0x3a,0x20,0x30,0xd,0xa,0x20,0x20,0x20,0x20,0x20,0x20,
  0x20,0x20,0x20,0x20,0x20,0x20,0x20,0x20,0x20,0x20,0x65,0x61,0x73,0x69,0x6e,0x67,
  0x3a,0x20,0x65,0x66,0x66,0x65,0x63,0x74,0x2e,0x65,0x61,0x73,0x69,0x6e,0x67,0xd,
  0xa,0x20,0x20,0x20,0x20,0x20,0x20,0x20,0x20,0x20,0x20,0x20,0x20,0x7d,0xd,0xa,
  0x20,0x20,0x20,0x20,0x20,0x20,0x20,0x20,0x7d,0xd,0xa,0xd,0xa,0x20,0x20,0x20,
  0x20,0x20,0x20,0x20,0x20,0x4b,0x65,0x79,0x66,0x72,0x61,0x6d,0x65,0x47,0x72,0x6f,
  0x75,0x70,0x20,0x7b,0xd,0xa,0x20,0x20,0x20,0x20,0x20,0x20,0x20,0x20,0x20,0x20,
  0x20,0x20,0x69,0x64,0x3a,0x20,0x67,0x72,0x6f,0x75,0x70,0x30,0x32,0xd,0xa,0xd,
  0xa,0x20,0x20,0x20,0x20,0x20,0x20,0x20,0x20,0x20,0x20,0x20,0x20,0x70,0x72,0x6f,
  0x70,0x65,0x72,0x74,0x79,0x3a,0x20,0x22,0x6f,0x70,0x61,0x63,0x69,0x74,0x79,0x22,
  0xd,0xa,0xd,0xa,0x20,0x20,0x20,0x20,0x20,0x20,0x20,0x20,0x20,0x20,0x20,0x20,
  0x4b,0x65,0x79,0x66,0x72,0x61,0x6d,0x65,0x20,0x7b,0xd,0xa,0x20,0x20,0x20,0x20,
  0x20,0x20,0x20,0x20,0x20,0x20,0x20,0x20,0x20,0x20,0x20,0x20,0x66,0x72,0x61,0x6d,
  0x65,0x3a,0x20,0x30,0xd,0xa,0x20,0x20,0x20,0x20,0x20,0x20,0x20,0x20,0x20,0x20,
  0x20,0x20,0x20,0x20,0x20,0x20,0x76,0x61,0x6c,0x75,0x65,0x3a,0x20,0x31,0xd,0xa,
  0x20,0x20,0x20,0x20,0x20,0x20,0x20,0x20,0x20,0x20,0x20,0x20,0x7d,0xd,0xa,0xd,
  0xa,0x20,0x20,0x20,0x20,0x20,0x20,0x20,0x20,0x20,0x20,0x20,0x20,0x4b,0x65,0x79,
  0x66,0x72,0x61,0x6d,0x65,0x20,0x7b,0xd,0xa,0x20,0x20,0x20,0x20,0x20,0x20,0x20,
  0x20,0x20,0x20,0x20,0x20,0x20,0x20,0x20,0x20,0x66,0x72,0x61,0x6d,0x65,0x3a,0x20,
  0x31,0x30,0x30,0x30,0xd,0xa,0x20,0x20,0x20,0x20,0x20,0x20,0x20,0x20,0x20,0x20,
  0x20,0x20,0x20,0x20,0x20,0x20,0x76,0x61,0x6c,0x75,0x65,0x3a,0x20,0x65,0x66,0x66,
  0x65,0x63,0x74,0x2e,0x6f,0x75,0x74,0x4f,0x70,0x61,0x63,0x69,0x74,0x79,0xd,0xa,
  0x20,0x20,0x20,0x20,0x20,0x20,0x20,0x20,0x20,0x20,0x20,0x20,0x20,0x20,0x20,0x20,
  0x65,0x61,0x73,0x69,0x6e,0x67,0x3a,0x20,0x65,0x66,0x66,0x65,0x63,0x74,0x2e,0x65,
  0x61,0x73,0x69,0x6e,0x67,0xd,0xa,0x20,0x20,0x20,0x20,0x20,0x20,0x20,0x20,0x20,
  0x20,0x20,0x20,0x7d,0xd,0xa,0x20,0x20,0x20,0x20,0x20,0x20,0x20,0x20,0x7d,0xd,
  0xa,0x20,0x20,0x20,0x20,0x7d,0xd,0xa,0x7d,0xd,0xa,0xd,0xa,0x2f,0x2a,0x23,
  0x23,0x5e,0x23,0x23,0xd,0xa,0x44,0x65,0x73,0x69,0x67,0x6e,0x65,0x72,0x20,0x7b,
  0xd,0xa,0x20,0x20,0x20,0x20,0x44,0x7b,0x69,0x3a,0x30,0x3b,0x61,0x75,0x74,0x6f,
  0x53,0x69,0x7a,0x65,0x3a,0x74,0x72,0x75,0x65,0x3b,0x68,0x65,0x69,0x67,0x68,0x74,
  0x3a,0x34,0x38,0x30,0x3b,0x77,0x69,0x64,0x74,0x68,0x3a,0x36,0x34,0x30,0x7d,0xd,
  0xa,0x7d,0xd,0xa,0x23,0x23,0x5e,0x23,0x23,0x2a,0x2f,0xd,0xa,
    // FlowFadeEffect.qml
  0x0,0x0,0x9,0x3c,
  0x2f,
  0x2a,0x2a,0x2a,0x2a,0x2a,0x2a,0x2a,0x2a,0x2a,0x2a,0x2a,0x2a,0x2a,0x2a,0x2a,0x2a,
  0x2a,0x2a,0x2a,0x2a,0x2a,0x2a,0x2a,0x2a,0x2a,0x2a,0x2a,0x2a,0x2a,0x2a,0x2a,0x2a,
  0x2a,0x2a,0x2a,0x2a,0x2a,0x2a,0x2a,0x2a,0x2a,0x2a,0x2a,0x2a,0x2a,0x2a,0x2a,0x2a,
  0x2a,0x2a,0x2a,0x2a,0x2a,0x2a,0x2a,0x2a,0x2a,0x2a,0x2a,0x2a,0x2a,0x2a,0x2a,0x2a,
  0x2a,0x2a,0x2a,0x2a,0x2a,0x2a,0x2a,0x2a,0x2a,0x2a,0x2a,0x2a,0xd,0xa,0x2a,0x2a,
  0xd,0xa,0x2a,0x2a,0x20,0x43,0x6f,0x70,0x79,0x72,0x69,0x67,0x68,0x74,0x20,0x28,
  0x43,0x29,0x20,0x32,0x30,0x32,0x30,0x20,0x54,0x68,0x65,0x20,0x51,0x74,0x20,0x43,
  0x6f,0x6d,0x70,0x61,0x6e,0x79,0x20,0x4c,0x74,0x64,0x2e,0xd,0xa,0x2a,0x2a,0x20,
  0x43,0x6f,0x6e,0x74,0x61,0x63,0x74,0x3a,0x20,0x68,0x74,0x74,0x70,0x73,0x3a,0x2f,
  0x2f,0x77,0x77,0x77,0x2e,0x71,0x74,0x2e,0x69,0x6f,0x2f,0x6c,0x69,0x63,0x65,0x6e,
  0x73,0x69,0x6e,0x67,0x2f,0xd,0xa,0x2a,0x2a,0xd,0xa,0x2a,0x2a,0x20,0x54,0x68,
  0x69,0x73,0x20,0x66,0x69,0x6c,0x65,0x20,0x69,0x73,0x20,0x70,0x61,0x72,0x74,0x20,
  0x6f,0x66,0x20,0x51,0x74,0x20,0x51,0x75,0x69,0x63,0x6b,0x20,0x44,0x65,0x73,0x69,
  0x67,0x6e,0x65,0x72,0x20,0x43,0x6f,0x6d,0x70,0x6f,0x6e,0x65,0x6e,0x74,0x73,0x2e,
  0xd,0xa,0x2a,0x2a,0xd,0xa,0x2a,0x2a,0x20,0x24,0x51,0x54,0x5f,0x42,0x45,0x47,
  0x49,0x4e,0x5f,0x4c,0x49,0x43,0x45,0x4e,0x53,0x45,0x3a,0x47,0x50,0x4c,0x24,0xd,
  0xa,0x2a,0x2a,0x20,0x43,0x6f,0x6d,0x6d,0x65,0x72,0x63,0x69,0x61,0x6c,0x20,0x4c,
  0x69,0x63,0x65,0x6e,0x73,0x65,0x20,0x55,0x73,0x61,0x67,0x65,0xd,0xa,0x2a,0x2a,
  0x20,0x4c,0x69,0x63,0x65,0x6e,0x73,0x65,0x65,0x73,0x20,0x68,0x6f,0x6c,0x64,0x69,
  0x6e,0x67,0x20,0x76,0x61,0x6c,0x69,0x64,0x20,0x63,0x6f,0x6d,0x6d,0x65,0x72,0x63,
  0x69,0x61,0x6c,0x20,0x51,0x74,0x20,0x6c,0x69,0x63,0x65,0x6e,0x73,0x65,0x73,0x20,
  0x6d,0x61,0x79,0x20,0x75,0x73,0x65,0x20,0x74,0x68,0x69,0x73,0x20,0x66,0x69,0x6c,
  0x65,0x20,0x69,0x6e,0xd,0xa,0x2a,0x2a,0x20,0x61,0x63,0x63,0x6f,0x72,0x64,0x61,
  0x6e,0x63,0x65,0x20,0x77,0x69,0x74,0x68,0x20,0x74,0x68,0x65,0x20,0x63,0x6f,0x6d,
  0x6d,0x65,0x72,0x63,0x69,0x61,0x6c,0x20,0x6c,0x69,0x63,0x65,0x6e,0x73,0x65,0x20,
  0x61,0x67,0x72,0x65,0x65,0x6d,0x65,0x6e,0x74,0x20,0x70,0x72,0x6f,0x76,0x69,0x64,
  0x65,0x64,0x20,0x77,0x69,0x74,0x68,0x20,0x74,0x68,0x65,0xd,0xa,0x2a,0x2a,0x20,
  0x53,0x6f,0x66,0x74,0x77,0x61,0x72,0x65,0x20,0x6f,0x72,0x2c,0x20,0x61,0x6c,0x74,
  0x65,0x72,0x6e,0x61,0x74,0x69,0x76,0x65,0x6c,0x79,0x2c,0x20,0x69,0x6e,0x20,0x61,
  0x63,0x63,0x6f,0x72,0x64,0x61,0x6e,0x63,0x65,0x20,0x77,0x69,0x74,0x68,0x20,0x74,
  0x68,0x65,0x20,0x74,0x65,0x72,0x6d,0x73,0x20,0x63,0x6f,0x6e,0x74,0x61,0x69,0x6e,
  0x65,0x64,0x20,0x69,0x6e,0xd,0xa,0x2a,0x2a,0x20,0x61,0x20,0x77,0x72,0x69,0x74,
  0x74,0x65,0x6e,0x20,0x61,0x67,0x72,0x65,0x65,0x6d,0x65,0x6e,0x74,0x20,0x62,0x65,
  0x74,0x77,0x65,0x65,0x6e,0x20,0x79,0x6f,0x75,0x20,0x61,0x6e,0x64,0x20,0x54,0x68,
  0x65,0x20,0x51,0x74,0x20,0x43,0x6f,0x6d,0x70,0x61,0x6e,0x79,0x2e,0x20,0x46,0x6f,
  0x72,0x20,0x6c,0x69,0x63,0x65,0x6e,0x73,0x69,0x6e,0x67,0x20,0x74,0x65,0x72,0x6d,
  0x73,0xd,0xa,0x2a,0x2a,0x20,0x61,0x6e,0x64,0x20,0x63,0x6f,0x6e,0x64,0x69,0x74,
  0x69,0x6f,0x6e,0x73,0x20,0x73,0x65,0x65,0x20,0x68,0x74,0x74,0x70,0x73,0x3a,0x2f,
  0x2f,0x77,0x77,0x77,0x2e,0x71,0x74,0x2e,0x69,0x6f,0x2f,0x74,0x65,0x72,0x6d,0x73,
  0x2d,0x63,0x6f,0x6e,0x64,0x69,0x74,0x69,0x6f,0x6e,0x73,0x2e,0x20,0x46,0x6f,0x72,
  0x20,0x66,0x75,0x72,0x74,0x68,0x65,0x72,0xd,0xa,0x2a,0x2a,0x20,0x69,0x6e,0x66,
  0x6f,0x72,0x6d,0x61,0x74,0x69,0x6f,0x6e,0x20,0x75,0x73,0x65,0x20,0x74,0x68,0x65,
  0x20,0x63,0x6f,0x6e,0x74,0x61,0x63,0x74,0x20,0x66,0x6f,0x72,0x6d,0x20,0x61,0x74,
  0x20,0x68,0x74,0x74,0x70,0x73,0x3a,0x2f,0x2f,0x77,0x77,0x77,0x2e,0x71,0x74,0x2e,
  0x69,0x6f,0x2f,0x63,0x6f,0x6e,0x74,0x61,0x63,0x74,0x2d,0x75,0x73,0x2e,0xd,0xa,
  0x2a,0x2a,0xd,0xa,0x2a,0x2a,0x20,0x47,0x4e,0x55,0x20,0x47,0x65,0x6e,0x65,0x72,
  0x61,0x6c,0x20,0x50,0x75,0x62,0x6c,0x69,0x63,0x20,0x4c,0x69,0x63,0x65,0x6e,0x73,
  0x65,0x20,0x55,0x73,0x61,0x67,0x65,0xd,0xa,0x2a,0x2a,0x20,0x41,0x6c,0x74,0x65,
  0x72,0x6e,0x61,0x74,0x69,0x76,0x65,0x6c,0x79,0x2c,0x20,0x74,0x68,0x69,0x73,0x20,
  0x66,0x69,0x6c,0x65,0x20,0x6d,0x61,0x79,0x20,0x62,0x65,0x20,0x75,0x73,0x65,0x64,
  0x20,0x75,0x6e,0x64,0x65,0x72,0x20,0x74,0x68,0x65,0x20,0x74,0x65,0x72,0x6d,0x73,
  0x20,0x6f,0x66,0x20,0x74,0x68,0x65,0x20,0x47,0x4e,0x55,0xd,0xa,0x2a,0x2a,0x20,
  0x47,0x65,0x6e,0x65,0x72,0x61,0x6c,0x20,0x50,0x75,0x62,0x6c,0x69,0x63,0x20,0x4c,
  0x69,0x63,0x65,0x6e,0x73,0x65,0x20,0x76,0x65,0x72,0x73,0x69,0x6f,0x6e,0x20,0x33,
  0x20,0x6f,0x72,0x20,0x28,0x61,0x74,0x20,0x79,0x6f,0x75,0x72,0x20,0x6f,0x70,0x74,
  0x69,0x6f,0x6e,0x29,0x20,0x61,0x6e,0x79,0x20,0x6c,0x61,0x74,0x65,0x72,0x20,0x76,
  0x65,0x72,0x73,0x69,0x6f,0x6e,0xd,0xa,0x2a,0x2a,0x20,0x61,0x70,0x70,0x72,0x6f,
  0x76,0x65,0x64,0x20,0x62,0x79,0x20,0x74,0x68,0x65,0x20,0x4b,0x44,0x45,0x20,0x46,
  0x72,0x65,0x65,0x20,0x51,0x74,0x20,0x46,0x6f,0x75,0x6e,0x64,0x61,0x74,0x69,0x6f,
  0x6e,0x2e,0x20,0x54,0x68,0x65,0x20,0x6c,0x69,0x63,0x65,0x6e,0x73,0x65,0x73,0x20,
  0x61,0x72,0x65,0x20,0x61,0x73,0x20,0x70,0x75,0x62,0x6c,0x69,0x73,0x68,0x65,0x64,
  0x20,0x62,0x79,0xd,0xa,0x2a,0x2a,0x20,0x74,0x68,0x65,0x20,0x46,0x72,0x65,0x65,
  0x20,0x53,0x6f,0x66,0x74,0x77,0x61,0x72,0x65,0x20,0x46,0x6f,0x75,0x6e,0x64,0x61,
  0x74,0x69,0x6f,0x6e,0x20,0x61,0x6e,0x64,0x20,0x61,0x70,0x70,0x65,0x61,0x72,0x69,
  0x6e,0x67,0x20,0x69,0x6e,0x20,0x74,0x68,0x65,0x20,0x66,0x69,0x6c,0x65,0x20,0x4c,
  0x49,0x43,0x45,0x4e,0x53,0x45,0x2e,0x47,0x50,0x4c,0x33,0xd,0xa,0x2a,0x2a,0x20,
  0x69,0x6e,0x63,0x6c,0x75,0x64,0x65,0x64,0x20,0x69,0x6e,0x20,0x74,0x68,0x65,0x20,
  0x70,0x61,0x63,0x6b,0x61,0x67,0x69,0x6e,0x67,0x20,0x6f,0x66,0x20,0x74,0x68,0x69,
  0x73,0x20,0x66,0x69,0x6c,0x65,0x2e,0x20,0x50,0x6c,0x65,0x61,0x73,0x65,0x20,0x72,
  0x65,0x76,0x69,0x65,0x77,0x20,0x74,0x68,0x65,0x20,0x66,0x6f,0x6c,0x6c,0x6f,0x77,
  0x69,0x6e,0x67,0xd,0xa,0x2a,0x2a,0x20,0x69,0x6e,0x66,0x6f,0x72,0x6d,0x61,0x74,
  0x69,0x6f,0x6e,0x20,0x74,0x6f,0x20,0x65,0x6e,0x73,0x75,0x72,0x65,0x20,0x74,0x68,
  0x65,0x20,0x47,0x4e,0x55,0x20,0x47,0x65,0x6e,0x65,0x72,0x61,0x6c,0x20,0x50,0x75,
  0x62,0x6c,0x69,0x63,0x20,0x4c,0x69,0x63,0x65,0x6e,0x73,0x65,0x20,0x72,0x65,0x71,
  0x75,0x69,0x72,0x65,0x6d,0x65,0x6e,0x74,0x73,0x20,0x77,0x69,0x6c,0x6c,0xd,0xa,
  0x2a,0x2a,0x20,0x62,0x65,0x20,0x6d,0x65,0x74,0x3a,0x20,0x68,0x74,0x74,0x70,0x73,
  0x3a,0x2f,0x2f,0x77,0x77,0x77,0x2e,0x67,0x6e,0x75,0x2e,0x6f,0x72,0x67,0x2f,0x6c,
  0x69,0x63,0x65,0x6e,0x73,0x65,0x73,0x2f,0x67,0x70,0x6c,0x2d,0x33,0x2e,0x30,0x2e,
  0x68,0x74,0x6d,0x6c,0x2e,0xd,0xa,0x2a,0x2a,0xd,0xa,0x2a,0x2a,0x20,0x24,0x51,
  0x54,0x5f,0x45,0x4e,0x44,0x5f,0x4c,0x49,0x43,0x45,0x4e,0x53,0x45,0x24,0xd,0xa,
  0x2a,0x2a,0xd,0xa,0x2a,0x2a,0x2a,0x2a,0x2a,0x2a,0x2a,0x2a,0x2a,0x2a,0x2a,0x2a,
  0x2a,0x2a,0x2a,0x2a,0x2a,0x2a,0x2a,0x2a,0x2a,0x2a,0x2a,0x2a,0x2a,0x2a,0x2a,0x2a,
  0x2a,0x2a,0x2a,0x2a,0x2a,0x2a,0x2a,0x2a,0x2a,0x2a,0x2a,0x2a,0x2a,0x2a,0x2a,0x2a,
  0x2a,0x2a,0x2a,0x2a,0x2a,0x2a,0x2a,0x2a,0x2a,0x2a,0x2a,0x2a,0x2a,0x2a,0x2a,0x2a,
  0x2a,0x2a,0x2a,0x2a,0x2a,0x2a,0x2a,0x2a,0x2a,0x2a,0x2a,0x2a,0x2a,0x2a,0x2a,0x2a,
  0x2f,0xd,0xa,0xd,0xa,0x69,0x6d,0x70,0x6f,0x72,0x74,0x20,0x51,0x74,0x51,0x75,
  0x69,0x63,0x6b,0x20,0x32,0x2e,0x31,0x30,0xd,0xa,0x69,0x6d,0x70,0x6f,0x72,0x74,
  0x20,0x51,0x74,0x51,0x75,0x69,0x63,0x6b,0x2e,0x54,0x69,0x6d,0x65,0x6c,0x69,0x6e,
  0x65,0x20,0x31,0x2e,0x30,0xd,0xa,0xd,0xa,0x46,0x6c,0x6f,0x77,0x45,0x66,0x66,
  0x65,0x63,0x74,0x20,0x7b,0xd,0xa,0x20,0x20,0x20,0x20,0x69,0x64,0x3a,0x20,0x65,
  0x66,0x66,0x65,0x63,0x74,0xd,0xa,0x20,0x20,0x20,0x20,0x2f,0x2f,0x46,0x61,0x64,
  0x65,0x20,0x45,0x66,0x66,0x65,0x63,0x74,0xd,0xa,0x20,0x20,0x20,0x20,0x64,0x75,
  0x72,0x61,0x74,0x69,0x6f,0x6e,0x3a,0x20,0x32,0x35,0x30,0xd,0xa,0x20,0x20,0x20,
  0x20,0x6f,0x6e,0x53,0x74,0x61,0x72,0x74,0x65,0x64,0x3a,0x20,0x7b,0xd,0xa,0x20,
  0x20,0x20,0x20,0x20,0x20,0x20,0x20,0x67,0x72,0x6f,0x75,0x70,0x30,0x31,0x2e,0x74,
  0x61,0x72,0x67,0x65,0x74,0x20,0x3d,0x20,0x74,0x72,0x61,0x6e,0x73,0x69,0x74,0x69,
  0x6f,0x6e,0x56,0x69,0x65,0x77,0x2e,0x5f,0x5f,0x66,0x72,0x6f,0x6d,0x43,0x6f,0x6e,
  0x74,0x65,0x6e,0x74,0x49,0x74,0x65,0x6d,0xd,0xa,0x20,0x20,0x20,0x20,0x20,0x20,
  0x20,0x20,0x67,0x72,0x6f,0x75,0x70,0x30,0x32,0x2e,0x74,0x61,0x72,0x67,0x65,0x74,
  0x20,0x3d,0x20,0x74,0x72,0x61,0x6e,0x73,0x69,0x74,0x69,0x6f,0x6e,0x56,0x69,0x65,
  0x77,0x2e,0x5f,0x5f,0x74,0x6f,0x43,0x6f,0x6e,0x74,0x65,0x6e,0x74,0x49,0x74,0x65,
  0x6d,0xd,0xa,0x20,0x20,0x20,0x20,0x7d,0xd,0xa,0xd,0xa,0x20,0x20,0x20,0x20,
  0x74,0x69,0x6d,0x65,0x6c,0x69,0x6e,0x65,0x3a,0x20,0x54,0x69,0x6d,0x65,0x6c,0x69,
  0x6e,0x65,0x20,0x7b,0xd,0xa,0x20,0x20,0x20,0x20,0x20,0x20,0x20,0x20,0x73,0x74,
  0x61,0x72,0x74,0x46,0x72,0x61,0x6d,0x65,0x3a,0x20,0x30,0xd,0xa,0x20,0x20,0x20,
  0x20,0x20,0x20,0x20,0x20,0x65,0x6e,0x64,0x46,0x72,0x61,0x6d,0x65,0x3a,0x20,0x31,
  0x30,0x30,0x30,0xd,0xa,0xd,0xa,0x20,0x20,0x20,0x20,0x20,0x20,0x20,0x20,0x4b,
  0x65,0x79,0x66,0x72,0x61,0x6d,0x65,0x47,0x72,0x6f,0x75,0x70,0x20,0x7b,0xd,0xa,
  0x20,0x20,0x20,0x20,0x20,0x20,0x20,0x20,0x20,0x20,0x20,0x20,0x69,0x64,0x3a,0x20,
  0x67,0x72,0x6f,0x75,0x70,0x30,0x31,0xd,0xa,0xd,0xa,0x20,0x20,0x20,0x20,0x20,
  0x20,0x20,0x20,0x20,0x20,0x20,0x20,0x70,0x72,0x6f,0x70,0x65,0x72,0x74,0x79,0x3a,
  0x20,0x22,0x6f,0x70,0x61,0x63,0x69,0x74,0x79,0x22,0xd,0xa,0xd,0xa,0x20,0x20,
  0x20,0x20,0x20,0x20,0x20,0x20,0x20,0x20,0x20,0x20,0x4b,0x65,0x79,0x66,0x72,0x61,
  0x6d,0x65,0x20,0x7b,0xd,0xa,0x20,0x20,0x20,0x20,0x20,0x20,0x20,0x20,0x20,0x20,
  0x20,0x20,0x20,0x20,0x20,0x20,0x66,0x72,0x61,0x6d,0x65,0x3a,0x20,0x30,0xd,0xa,
  0x20,0x20,0x20,0x20,0x20,0x20,0x20,0x20,0x20,0x20,0x20,0x20,0x20,0x20,0x20,0x20,
  0x76,0x61,0x6c,0x75,0x65,0x3a,0x20,0x31,0xd,0xa,0x20,0x20,0x20,0x20,0x20,0x20,
  0x20,0x20,0x20,0x20,0x20,0x20,0x7d,0xd,0xa,0xd,0xa,0x20,0x20,0x20,0x20,0x20,
  0x20,0x20,0x20,0x20,0x20,0x20,0x20,0x4b,0x65,0x79,0x66,0x72,0x61,0x6d,0x65,0x20,
  0x7b,0xd,0xa,0x20,0x20,0x20,0x20,0x20,0x20,0x20,0x20,0x20,0x20,0x20,0x20,0x20,
  0x20,0x20,0x20,0x66,0x72,0x61,0x6d,0x65,0x3a,0x20,0x31,0x30,0x30,0x30,0xd,0xa,
  0x20,0x20,0x20,0x20,0x20,0x20,0x20,0x20,0x20,0x20,0x20,0x20,0x20,0x20,0x20,0x20,
  0x76,0x61,0x6c,0x75,0x65,0x3a,0x20,0x30,0xd,0xa,0x20,0x20,0x20,0x20,0x20,0x20,
  0x20,0x20,0x20,0x20,0x20,0x20,0x20,0x20,0x20,0x20,0x65,0x61,0x73,0x69,0x6e,0x67,
  0x3a,0x20,0x65,0x66,0x66,0x65,0x63,0x74,0x2e,0x65,0x61,0x73,0x69,0x6e,0x67,0xd,
  0xa,0x20,0x20,0x20,0x20,0x20,0x20,0x20,0x20,0x20,0x20,0x20,0x20,0x7d,0xd,0xa,
  0x20,0x20,0x20,0x20,0x20,0x20,0x20,0x20,0x7d,0xd,0xa,0xd,0xa,0x20,0x20,0x20,
  0x20,0x20,0x20,0x20,0x20,0x4b,0x65,0x79,0x66,0x72,0x61,0x6d,0x65,0x47,0x72,0x6f,
  0x75,0x70,0x20,0x7b,0xd,0xa,0x20,0x20,0x20,0x20,0x20,0x20,0x20,0x20,0x20,0x20,
  0x20,0x20,0x69,0x64,0x3a,0x20,0x67,0x72,0x6f,0x75,0x70,0x30,0x32,0xd,0xa,0xd,
  0xa,0x20,0x20,0x20,0x20,0x20,0x20,0x20,0x20,0x20,0x20,0x20,0x20,0x70,0x72,0x6f,
  0x70,0x65,0x72,0x74,0x79,0x3a,0x20,0x22,0x6f,0x70,0x61,0x63,0x69,0x74,0x79,0x22,
  0xd,0xa,0xd,0xa,0x20,0x20,0x20,0x20,0x20,0x20,0x20,0x20,0x20,0x20,0x20,0x20,
  0x4b,0x65,0x79,0x66,0x72,0x61,0x6d,0x65,0x20,0x7b,0xd,0xa,0x20,0x20,0x20,0x20,
  0x20,0x20,0x20,0x20,0x20,0x20,0x20,0x20,0x20,0x20,0x20,0x20,0x66,0x72,0x61,0x6d,
  0x65,0x3a,0x20,0x30,0xd,0xa,0x20,0x20,0x20,0x20,0x20,0x20,0x20,0x20,0x20,0x20,
  0x20,0x20,0x20,0x20,0x20,0x20,0x76,0x61,0x6c,0x75,0x65,0x3a,0x20,0x30,0xd,0xa,
  0x20,0x20,0x20,0x20,0x20,0x20,0x20,0x20,0x20,0x20,0x20,0x20,0x7d,0xd,0xa,0xd,
  0xa,0x20,0x20,0x20,0x20,0x20,0x20,0x20,0x20,0x20,0x20,0x20,0x20,0x4b,0x65,0x79,
  0x66,0x72,0x61,0x6d,0x65,0x20,0x7b,0xd,0xa,0x20,0x20,0x20,0x20,0x20,0x20,0x20,
  0x20,0x20,0x20,0x20,0x20,0x20,0x20,0x20,0x20,0x66,0x72,0x61,0x6d,0x65,0x3a,0x20,
  0x31,0x30,0x30,0x30,0xd,0xa,0x20,0x20,0x20,0x20,0x20,0x20,0x20,0x20,0x20,0x20,
  0x20,0x20,0x20,0x20,0x20,0x20,0x76,0x61,0x6c,0x75,0x65,0x3a,0x20,0x31,0xd,0xa,
  0x20,0x20,0x20,0x20,0x20,0x20,0x20,0x20,0x20,0x20,0x20,0x20,0x20,0x20,0x20,0x20,
  0x65,0x61,0x73,0x69,0x6e,0x67,0x3a,0x20,0x65,0x66,0x66,0x65,0x63,0x74,0x2e,0x65,
  0x61,0x73,0x69,0x6e,0x67,0xd,0xa,0x20,0x20,0x20,0x20,0x20,0x20,0x20,0x20,0x20,
  0x20,0x20,0x20,0x7d,0xd,0xa,0x20,0x20,0x20,0x20,0x20,0x20,0x20,0x20,0x7d,0xd,
  0xa,0x20,0x20,0x20,0x20,0x7d,0xd,0xa,0x7d,0xd,0xa,
    // FlowPushLeftEffect.qml
  0x0,0x0,0x3,0xa6,
  0x28,
  0xb5,0x2f,0xfd,0x60,0xbc,0xe,0xe5,0x1c,0x0,0xc6,0xab,0x7d,0x1f,0x0,0x99,0x1b,
  0xae,0x78,0x3a,0x99,0x33,0x59,0x73,0x87,0xb6,0xa3,0x1d,0xd4,0x96,0xaa,0xf1,0xc2,
  0x28,0x1,0xab,0xa4,0x55,0x6,0xda,0xff,0xff,0x67,0x9,0x42,0x78,0x0,0x6c,0x0,
  0x74,0x0,0x1b,0x5b,0xc2,0xd3,0x6a,0xb3,0xa3,0xa4,0xdb,0x56,0x66,0xd,0xd6,0xd0,
  0xf2,0x66,0x25,0x6c,0xcc,0x99,0xe3,0x6,0x9b,0xe,0x6,0x62,0xf9,0x70,0x2c,0x94,
  0xcc,0x66,0xc4,0xc9,0x60,0x2c,0x93,0x11,0xc8,0x33,0xb0,0xea,0x4f,0x9e,0xd4,0x79,
  0x6a,0x5d,0xb9,0xb2,0x25,0xac,0x3d,0x4f,0x46,0xf7,0x1d,0x76,0x5b,0x7b,0x59,0x76,
  0xb6,0xb5,0x37,0x50,0x42,0x9b,0x5d,0x27,0x63,0x2d,0x13,0xb4,0xad,0x37,0x59,0xdf,
  0xf7,0x25,0x12,0x90,0xda,0xfd,0x6f,0xb,0x79,0xc,0xfe,0xb4,0xe2,0x6f,0x36,0x35,
  0x61,0xc7,0x51,0xca,0xbe,0x67,0x79,0x3,0xed,0xb5,0xb8,0x16,0x5b,0xa0,0x10,0xf6,
  0x37,0xad,0x3d,0xd5,0x51,0xca,0x2,0x2,0x86,0x44,0x58,0x4b,0x92,0xd7,0x59,0x9,
  0x9d,0x27,0x63,0x36,0xc4,0xc1,0x78,0x88,0x87,0xbb,0x8f,0x31,0xe4,0x9c,0x66,0xb3,
  0x9d,0xb7,0x77,0x2f,0x43,0x30,0xd7,0xad,0x93,0xf6,0x77,0x5c,0xa7,0x97,0xb5,0xe2,
  0x84,0xeb,0xd1,0xd4,0x4e,0xe6,0xef,0x99,0x34,0xf9,0xbf,0xfd,0xdb,0xc8,0xb3,0xb1,
  0xad,0x9c,0xf3,0xcf,0xde,0x43,0x4a,0xf2,0xa9,0x1f,0x4e,0xe7,0x97,0x70,0xf,0x4e,
  0x97,0x1d,0x7e,0x9f,0xd1,0x4f,0xe4,0xd8,0x27,0xea,0xdd,0xfe,0x64,0x8e,0xd9,0x35,
  0xb8,0xbc,0xfd,0x6e,0xdf,0xdf,0x32,0x36,0x61,0x74,0x8a,0x61,0x70,0xfe,0x72,0xf5,
  0x36,0x5,0xb9,0xad,0x12,0xb,0xb3,0x25,0x73,0xd,0xb2,0x2e,0x85,0xb5,0x78,0xcf,
  0xbe,0xd3,0x8e,0x6b,0x40,0x60,0x50,0xe1,0x58,0x24,0xf7,0x9b,0x75,0x59,0xc,0x84,
  0xec,0xb4,0x44,0x42,0x73,0x6a,0x79,0x53,0x63,0x4e,0xca,0xfe,0xb6,0x7a,0x7b,0x26,
  0x76,0xf7,0xea,0xe4,0xa5,0xaf,0xcd,0xfe,0xa8,0x94,0xf4,0xe3,0x3e,0xb1,0x2f,0x57,
  0xc8,0xb2,0xb3,0x56,0x46,0x35,0x58,0xc2,0x60,0xb7,0x91,0xa3,0x27,0x31,0x86,0x35,
  0xdb,0x21,0x6f,0xb5,0xdb,0xa,0xad,0x38,0x3d,0x7a,0x61,0xbf,0xac,0xa5,0xa2,0x49,
  0x91,0x36,0x72,0xe7,0xfc,0x50,0x6e,0xa1,0xa3,0xeb,0xf,0x9,0xeb,0x74,0x19,0xd5,
  0xf9,0x94,0x51,0xe7,0x38,0xbd,0x8d,0x4c,0x92,0x4,0x80,0xc0,0xea,0xe1,0x50,0x34,
  0x14,0x8c,0xb,0xb1,0x80,0xbc,0x7d,0xec,0xcf,0x5a,0x79,0x99,0x0,0x25,0x58,0x8,
  0x26,0x4b,0xb1,0xe6,0xba,0x14,0x71,0xf2,0xb5,0x10,0xe6,0xa0,0x5f,0xea,0x42,0x7e,
  0xf5,0x70,0x34,0x18,0xf4,0x17,0x1c,0x7f,0xe6,0x27,0x73,0xd4,0xb3,0xd1,0xc8,0xfa,
  0xb8,0x45,0x5d,0x27,0xf4,0xdf,0xc8,0x3e,0x6b,0xe,0xdf,0x52,0x5c,0x9d,0x47,0x5d,
  0x83,0x44,0x7e,0x87,0xff,0x99,0xf4,0x72,0x2c,0x16,0xe2,0x5e,0x4c,0x7d,0x63,0xb0,
  0xa3,0x8a,0x85,0xb0,0x84,0x58,0x5d,0x9,0xd9,0x37,0xf5,0xce,0x1d,0xf5,0x8e,0x17,
  0x12,0x7b,0x77,0x17,0x10,0x50,0xed,0x63,0x9c,0x65,0x96,0x8f,0xca,0xcb,0x65,0x29,
  0x96,0x3,0x80,0xb2,0xa8,0x91,0x31,0x43,0x33,0x52,0x13,0xa4,0x20,0x29,0x48,0x86,
  0x3,0x40,0x84,0x10,0x62,0x47,0xb6,0x1,0x32,0xe8,0x4c,0x8,0x44,0x28,0x85,0x90,
  0x80,0x20,0x63,0x88,0x21,0x12,0x48,0x78,0xf1,0x27,0x41,0x5,0xd2,0xd,0x1a,0x6,
  0x50,0xaa,0x6d,0xf6,0x79,0x3,0x9f,0x68,0x5,0xfe,0xe9,0x11,0xd9,0xa8,0x2d,0xc2,
  0x5,0x0,0x10,0x71,0xf4,0xef,0xfa,0x47,0x3e,0x45,0xb2,0x16,0xa5,0xb0,0x9e,0x46,
  0xc,0x5e,0x73,0x57,0x2c,0x54,0x20,0x19,0xd0,0x8f,0x5e,0x76,0xcc,0x78,0x45,0xf8,
  0x55,0x71,0xd0,0xd1,0x65,0x93,0x67,0x80,0x34,0x23,0x62,0xd8,0xfc,0x57,0xb3,0x6e,
  0x57,0x76,0xbc,0x3f,0x18,0x97,0x3b,0x7e,0x68,0xf0,0x1,0xba,0xdd,0xe,0xde,0x71,
  0xe4,0x34,0x80,0x16,0x61,0x93,0x1,0xd8,0x4a,0x40,0xc3,0x69,0x2c,0xbc,0x77,0x51,
  0x23,0x1c,0xa1,0xd5,0x54,0xc7,0xc,0x65,0x48,0xa3,0x15,0x1b,0xc,0xd4,0x74,0x8a,
  0x6f,0x19,0x51,0xb0,0x45,0xf,0x10,0xfa,0x6f,0xb2,0x31,0xa,0xf,0xb8,0x3b,0xdd,
  0xa7,0xfd,0x36,0x8d,0x13,0x9d,0x78,0x3d,0x1,0xed,0x26,0xfb,0x7f,0x75,0xd8,0xc3,
  0xbe,0x48,0xd3,0x3e,0x10,0xfb,0x3b,0x84,0xe6,0x43,0x3e,0xdd,0x1f,0x46,0xb6,0xd4,
  0x7f,0x2d,0x22,0x54,0xc8,0x37,0xc9,0xb7,0x57,0x12,0x88,0xb0,0xc2,0x51,0xa1,0x1,
  0x59,0x18,0x11,0x8,0x85,0x36,0xb0,0x70,0xd,0xa9,0x4e,0xc,0x38,0x69,0xe9,0x69,
  0x38,0xd7,0x68,0x20,0xef,0x7b,0xbc,0x49,0x7e,0xa,0xf4,0x9a,0x1c,0xea,0xa9,0x92,
  0xb1,0xe5,0x3b,0xc1,0xfe,0x48,0xeb,0x73,0x18,0x95,0x95,0xef,0xf1,0x25,0xfb,0xc8,
  0xb8,0x4b,0x83,0xb8,0x90,0xe8,0x42,0x6e,0x0,0x28,0x4,0xa3,0x1c,0x50,0x98,0x43,
  0x83,0xf9,0x10,0x47,0xfe,0x85,0x1,0x9a,0x7e,0xfb,0xc,0xca,0x6e,0x59,0xc6,0xb,
  0xd2,0xeb,0xa5,0xb9,0xa,0xf1,0xa4,0xf8,0xa1,0xef,0x28,0x92,0xe2,0x41,0xa9,0x97,
  0x20,0x30,0x68,0xc8,0x51,0xb6,0x8d,0x46,0x8,0xd4,0xc2,0x1b,0x3f,0xe3,0xa1,0x45,
  0x9a,0xb7,0x1a,0x77,0xda,0x1d,0x7,0x12,0x58,0xc1,0x80,0x52,0x2b,0x99,0xa6,0x38,
  0xb9,0x7f,0x9b,0xe6,0xc8,0xf4,0xcd,0x8f,0x69,0x6e,0x18,0x34,0xdf,0xcb,0xdc,0x34,
  0xfe,0x16,0x38,0x85,0x4e,0x36,0x28,0xbb,0x69,0xa0,0x32,0xb,0x65,0x19,0x71,0x16,
  0x1e,0x5d,0x16,0x11,0xa5,0x45,0x6e,0xb2,0x8,0x7c,0x19,0xf6,0x2a,0x55,0x80,0x85,
  0xee,0xa2,0xe4,0x30,0xbc,0xe7,0xf6,0xd4,0x27,0x1a,0x98,0x1a,0xe7,0xaa,0x3b,0x5a,
  0xa5,0x23,0xb1,0xe2,0xee,
    // FlowItem.qml
  0x0,0x0,0xd,0xe0,
  0x2f,
  0x2a,0x2a,0x2a,0x2a,0x2a,0x2a,0x2a,0x2a,0x2a,0x2a,0x2a,0x2a,0x2a,0x2a,0x2a,0x2a,
  0x2a,0x2a,0x2a,0x2a,0x2a,0x2a,0x2a,0x2a,0x2a,0x2a,0x2a,0x2a,0x2a,0x2a,0x2a,0x2a,
  0x2a,0x2a,0x2a,0x2a,0x2a,0x2a,0x2a,0x2a,0x2a,0x2a,0x2a,0x2a,0x2a,0x2a,0x2a,0x2a,
  0x2a,0x2a,0x2a,0x2a,0x2a,0x2a,0x2a,0x2a,0x2a,0x2a,0x2a,0x2a,0x2a,0x2a,0x2a,0x2a,
  0x2a,0x2a,0x2a,0x2a,0x2a,0x2a,0x2a,0x2a,0x2a,0x2a,0x2a,0x2a,0xd,0xa,0x2a,0x2a,
  0xd,0xa,0x2a,0x2a,0x20,0x43,0x6f,0x70,0x79,0x72,0x69,0x67,0x68,0x74,0x20,0x28,
  0x43,0x29,0x20,0x32,0x30,0x32,0x30,0x20,0x54,0x68,0x65,0x20,0x51,0x74,0x20,0x43,
  0x6f,0x6d,0x70,0x61,0x6e,0x79,0x20,0x4c,0x74,0x64,0x2e,0xd,0xa,0x2a,0x2a,0x20,
  0x43,0x6f,0x6e,0x74,0x61,0x63,0x74,0x3a,0x20,0x68,0x74,0x74,0x70,0x73,0x3a,0x2f,
  0x2f,0x77,0x77,0x77,0x2e,0x71,0x74,0x2e,0x69,0x6f,0x2f,0x6c,0x69,0x63,0x65,0x6e,
  0x73,0x69,0x6e,0x67,0x2f,0xd,0xa,0x2a,0x2a,0xd,0xa,0x2a,0x2a,0x20,0x54,0x68,
  0x69,0x73,0x20,0x66,0x69,0x6c,0x65,0x20,0x69,0x73,0x20,0x70,0x61,0x72,0x74,0x20,
  0x6f,0x66,0x20,0x51,0x74,0x20,0x51,0x75,0x69,0x63,0x6b,0x20,0x44,0x65,0x73,0x69,
  0x67,0x6e,0x65,0x72,0x20,0x43,0x6f,0x6d,0x70,0x6f,0x6e,0x65,0x6e,0x74,0x73,0x2e,
  0xd,0xa,0x2a,0x2a,0xd,0xa,0x2a,0x2a,0x20,0x24,0x51,0x54,0x5f,0x42,0x45,0x47,
  0x49,0x4e,0x5f,0x4c,0x49,0x43,0x45,0x4e,0x53,0x45,0x3a,0x47,0x50,0x4c,0x24,0xd,
  0xa,0x2a,0x2a,0x20,0x43,0x6f,0x6d,0x6d,0x65,0x72,0x63,0x69,0x61,0x6c,0x20,0x4c,
  0x69,0x63,0x65,0x6e,0x73,0x65,0x20,0x55,0x73,0x61,0x67,0x65,0xd,0xa,0x2a,0x2a,
  0x20,0x4c,0x69,0x63,0x65,0x6e,0x73,0x65,0x65,0x73,0x20,0x68,0x6f,0x6c,0x64,0x69,
  0x6e,0x67,0x20,0x76,0x61,0x6c,0x69,0x64,0x20,0x63,0x6f,0x6d,0x6d,0x65,0x72,0x63,
  0x69,0x61,0x6c,0x20,0x51,0x74,0x20,0x6c,0x69,0x63,0x65,0x6e,0x73,0x65,0x73,0x20,
  0x6d,0x61,0x79,0x20,0x75,0x73,0x65,0x20,0x74,0x68,0x69,0x73,0x20,0x66,0x69,0x6c,
  0x65,0x20,0x69,0x6e,0xd,0xa,0x2a,0x2a,0x20,0x61,0x63,0x63,0x6f,0x72,0x64,0x61,
  0x6e,0x63,0x65,0x20,0x77,0x69,0x74,0x68,0x20,0x74,0x68,0x65,0x20,0x63,0x6f,0x6d,
  0x6d,0x65,0x72,0x63,0x69,0x61,0x6c,0x20,0x6c,0x69,0x63,0x65,0x6e,0x73,0x65,0x20,
  0x61,0x67,0x72,0x65,0x65,0x6d,0x65,0x6e,0x74,0x20,0x70,0x72,0x6f,0x76,0x69,0x64,
  0x65,0x64,0x20,0x77,0x69,0x74,0x68,0x20,0x74,0x68,0x65,0xd,0xa,0x2a,0x2a,0x20,
  0x53,0x6f,0x66,0x74,0x77,0x61,0x72,0x65,0x20,0x6f,0x72,0x2c,0x20,0x61,0x6c,0x74,
  0x65,0x72,0x6e,0x61,0x74,0x69,0x76,0x65,0x6c,0x79,0x2c,0x20,0x69,0x6e,0x20,0x61,
  0x63,0x63,0x6f,0x72,0x64,0x61,0x6e,0x63,0x65,0x20,0x77,0x69,0x74,0x68,0x20,0x74,
  0x68,0x65,0x20,0x74,0x65,0x72,0x6d,0x73,0x20,0x63,0x6f,0x6e,0x74,0x61,0x69,0x6e,
  0x65,0x64,0x20,0x69,0x6e,0xd,0xa,0x2a,0x2a,0x20,0x61,0x20,0x77,0x72,0x69,0x74,
  0x74,0x65,0x6e,0x20,0x61,0x67,0x72,0x65,0x65,0x6d,0x65,0x6e,0x74,0x20,0x62,0x65,
  0x74,0x77,0x65,0x65,0x6e,0x20,0x79,0x6f,0x75,0x20,0x61,0x6e,0x64,0x20,0x54,0x68,
  0x65,0x20,0x51,0x74,0x20,0x43,0x6f,0x6d,0x70,0x61,0x6e,0x79,0x2e,0x20,0x46,0x6f,
  0x72,0x20,0x6c,0x69,0x63,0x65,0x6e,0x73,0x69,0x6e,0x67,0x20,0x74,0x65,0x72,0x6d,
  0x73,0xd,0xa,0x2a,0x2a,0x20,0x61,0x6e,0x64,0x20,0x63,0x6f,0x6e,0x64,0x69,0x74,
  0x69,0x6f,0x6e,0x73,0x20,0x73,0x65,0x65,0x20,0x68,0x74,0x74,0x70,0x73,0x3a,0x2f,
  0x2f,0x77,0x77,0x77,0x2e,0x71,0x74,0x2e,0x69,0x6f,0x2f,0x74,0x65,0x72,0x6d,0x73,
  0x2d,0x63,0x6f,0x6e,0x64,0x69,0x74,0x69,0x6f,0x6e,0x73,0x2e,0x20,0x46,0x6f,0x72,
  0x20,0x66,0x75,0x72,0x74,0x68,0x65,0x72,0xd,0xa,0x2a,0x2a,0x20,0x69,0x6e,0x66,
  0x6f,0x72,0x6d,0x61,0x74,0x69,0x6f,0x6e,0x20,0x75,0x73,0x65,0x20,0x74,0x68,0x65,
  0x20,0x63,0x6f,0x6e,0x74,0x61,0x63,0x74,0x20,0x66,0x6f,0x72,0x6d,0x20,0x61,0x74,
  0x20,0x68,0x74,0x74,0x70,0x73,0x3a,0x2f,0x2f,0x77,0x77,0x77,0x2e,0x71,0x74,0x2e,
  0x69,0x6f,0x2f,0x63,0x6f,0x6e,0x74,0x61,0x63,0x74,0x2d,0x75,0x73,0x2e,0xd,0xa,
  0x2a,0x2a,0xd,0xa,0x2a,0x2a,0x20,0x47,0x4e,0x55,0x20,0x47,0x65,0x6e,0x65,0x72,
  0x61,0x6c,0x20,0x50,0x75,0x62,0x6c,0x69,0x63,0x20,0x4c,0x69,0x63,0x65,0x6e,0x73,
  0x65,0x20,0x55,0x73,0x61,0x67,0x65,0xd,0xa,0x2a,0x2a,0x20,0x41,0x6c,0x74,0x65,
  0x72,0x6e,0x61,0x74,0x69,0x76,0x65,0x6c,0x79,0x2c,0x20,0x74,0x68,0x69,0x73,0x20,
  0x66,0x69,0x6c,0x65,0x20,0x6d,0x61,0x79,0x20,0x62,0x65,0x20,0x75,0x73,0x65,0x64,
  0x20,0x75,0x6e,0x64,0x65,0x72,0x20,0x74,0x68,0x65,0x20,0x74,0x65,0x72,0x6d,0x73,
  0x20,0x6f,0x66,0x20,0x74,0x68,0x65,0x20,0x47,0x4e,0x55,0xd,0xa,0x2a,0x2a,0x20,
  0x47,0x65,0x6e,0x65,0x72,0x61,0x6c,0x20,0x50,0x75,0x62,0x6c,0x69,0x63,0x20,0x4c,
  0x69,0x63,0x65,0x6e,0x73,0x65,0x20,0x76,0x65,0x72,0x73,0x69,0x6f,0x6e,0x20,0x33,
  0x20,0x6f,0x72,0x20,0x28,0x61,0x74,0x20,0x79,0x6f,0x75,0x72,0x20,0x6f,0x70,0x74,
  0x69,0x6f,0x6e,0x29,0x20,0x61,0x6e,0x79,0x20,0x6c,0x61,0x74,0x65,0x72,0x20,0x76,
  0x65,0x72,0x73,0x69,0x6f,0x6e,0xd,0xa,0x2a,0x2a,0x20,0x61,0x70,0x70,0x72,0x6f,
  0x76,0x65,0x64,0x20,0x62,0x79,0x20,0x74,0x68,0x65,0x20,0x4b,0x44,0x45,0x20,0x46,
  0x72,0x65,0x65,0x20,0x51,0x74,0x20,0x46,0x6f,0x75,0x6e,0x64,0x61,0x74,0x69,0x6f,
  0x6e,0x2e,0x20,0x54,0x68,0x65,0x20,0x6c,0x69,0x63,0x65,0x6e,0x73,0x65,0x73,0x20,
  0x61,0x72,0x65,0x20,0x61,0x73,0x20,0x70,0x75,0x62,0x6c,0x69,0x73,0x68,0x65,0x64,
  0x20,0x62,0x79,0xd,0xa,0x2a,0x2a,0x20,0x74,0x68,0x65,0x20,0x46,0x72,0x65,0x65,
  0x20,0x53,0x6f,0x66,0x74,0x77,0x61,0x72,0x65,0x20,0x46,0x6f,0x75,0x6e,0x64,0x61,
  0x74,0x69,0x6f,0x6e,0x20,0x61,0x6e,0x64,0x20,0x61,0x70,0x70,0x65,0x61,0x72,0x69,
  0x6e,0x67,0x20,0x69,0x6e,0x20,0x74,0x68,0x65,0x20,0x66,0x69,0x6c,0x65,0x20,0x4c,
  0x49,0x43,0x45,0x4e,0x53,0x45,0x2e,0x47,0x50,0x4c,0x33,0xd,0xa,0x2a,0x2a,0x20,
  0x69,0x6e,0x63,0x6c,0x75,0x64,0x65,0x64,0x20,0x69,0x6e,0x20,0x74,0x68,0x65,0x20,
  0x70,0x61,0x63,0x6b,0x61,0x67,0x69,0x6e,0x67,0x20,0x6f,0x66,0x20,0x74,0x68,0x69,
  0x73,0x20,0x66,0x69,0x6c,0x65,0x2e,0x20,0x50,0x6c,0x65,0x61,0x73,0x65,0x20,0x72,
  0x65,0x76,0x69,0x65,0x77,0x20,0x74,0x68,0x65,0x20,0x66,0x6f,0x6c,0x6c,0x6f,0x77,
  0x69,0x6e,0x67,0xd,0xa,0x2a,0x2a,0x20,0x69,0x6e,0x66,0x6f,0x72,0x6d,0x61,0x74,
  0x69,0x6f,0x6e,0x20,0x74,0x6f,0x20,0x65,0x6e,0x73,0x75,0x72,0x65,0x20,0x74,0x68,
  0x65,0x20,0x47,0x4e,0x55,0x20,0x47,0x65,0x6e,0x65,0x72,0x61,0x6c,0x20,0x50,0x75,
  0x62,0x6c,0x69,0x63,0x20,0x4c,0x69,0x63,0x65,0x6e,0x73,0x65,0x20,0x72,0x65,0x71,
  0x75,0x69,0x72,0x65,0x6d,0x65,0x6e,0x74,0x73,0x20,0x77,0x69,0x6c,0x6c,0xd,0xa,
  0x2a,0x2a,0x20,0x62,0x65,0x20,0x6d,0x65,0x74,0x3a,0x20,0x68,0x74,0x74,0x70,0x73,
  0x3a,0x2f,0x2f,0x77,0x77,0x77,0x2e,0x67,0x6e,0x75,0x2e,0x6f,0x72,0x67,0x2f,0x6c,
  0x69,0x63,0x65,0x6e,0x73,0x65,0x73,0x2f,0x67,0x70,0x6c,0x2d,0x33,0x2e,0x30,0x2e,
  0x68,0x74,0x6d,0x6c,0x2e,0xd,0xa,0x2a,0x2a,0xd,0xa,0x2a,0x2a,0x20,0x24,0x51,
  0x54,0x5f,0x45,0x4e,0x44,0x5f,0x4c,0x49,0x43,0x45,0x4e,0x53,0x45,0x24,0xd,0xa,
  0x2a,0x2a,0xd,0xa,0x2a,0x2a,0x2a,0x2a,0x2a,0x2a,0x2a,0x2a,0x2a,0x2a,0x2a,0x2a,
  0x2a,0x2a,0x2a,0x2a,0x2a,0x2a,0x2a,0x2a,0x2a,0x2a,0x2a,0x2a,0x2a,0x2a,0x2a,0x2a,
  0x2a,0x2a,0x2a,0x2a,0x2a,0x2a,0x2a,0x2a,0x2a,0x2a,0x2a,0x2a,0x2a,0x2a,0x2a,0x2a,
  0x2a,0x2a,0x2a,0x2a,0x2a,0x2a,0x2a,0x2a,0x2a,0x2a,0x2a,0x2a,0x2a,0x2a,0x2a,0x2a,
  0x2a,0x2a,0x2a,0x2a,0x2a,0x2a,0x2a,0x2a,0x2a,0x2a,0x2a,0x2a,0x2a,0x2a,0x2a,0x2a,
  0x2f,0xd,0xa,0xd,0xa,0x69,0x6d,0x70,0x6f,0x72,0x74,0x20,0x51,0x74,0x51,0x75,
  0x69,0x63,0x6b,0x20,0x32,0x2e,0x31,0x32,0xd,0xa,0xd,0xa,0x49,0x74,0x65,0x6d,
  0x20,0x7b,0xd,0xa,0x20,0x20,0x20,0x20,0x69,0x64,0x3a,0x20,0x66,0x6c,0x6f,0x77,
  0x49,0x74,0x65,0x6d,0xd,0xa,0xd,0xa,0x20,0x20,0x20,0x20,0x77,0x69,0x64,0x74,
  0x68,0x3a,0x20,0x34,0x30,0x30,0xd,0xa,0x20,0x20,0x20,0x20,0x68,0x65,0x69,0x67,
  0x68,0x74,0x3a,0x20,0x34,0x30,0x30,0xd,0xa,0xd,0xa,0x20,0x20,0x20,0x20,0x70,
  0x72,0x6f,0x70,0x65,0x72,0x74,0x79,0x20,0x76,0x61,0x72,0x20,0x66,0x6c,0x6f,0x77,
  0x56,0x69,0x65,0x77,0x3a,0x20,0x49,0x74,0x65,0x6d,0x20,0x7b,0x7d,0xd,0xa,0xd,
  0xa,0x20,0x20,0x20,0x20,0x70,0x72,0x6f,0x70,0x65,0x72,0x74,0x79,0x20,0x61,0x6c,
  0x69,0x61,0x73,0x20,0x6c,0x6f,0x61,0x64,0x65,0x72,0x53,0x6f,0x75,0x72,0x63,0x65,
  0x3a,0x20,0x6c,0x6f,0x61,0x64,0x65,0x72,0x2e,0x73,0x6f,0x75,0x72,0x63,0x65,0xd,
  0xa,0xd,0xa,0x20,0x20,0x20,0x20,0x70,0x72,0x6f,0x70,0x65,0x72,0x74,0x79,0x20,
  0x76,0x61,0x72,0x20,0x73,0x74,0x61,0x74,0x65,0x43,0x68,0x61,0x6e,0x67,0x65,0x54,
  0x61,0x72,0x67,0x65,0x74,0xd,0xa,0xd,0xa,0x20,0x20,0x20,0x20,0x70,0x72,0x6f,
  0x70,0x65,0x72,0x74,0x79,0x20,0x73,0x74,0x72,0x69,0x6e,0x67,0x20,0x74,0x61,0x72,
  0x67,0x65,0x74,0x53,0x74,0x61,0x74,0x65,0xd,0xa,0xd,0xa,0x20,0x20,0x20,0x20,
  0x70,0x72,0x6f,0x70,0x65,0x72,0x74,0x79,0x20,0x73,0x74,0x72,0x69,0x6e,0x67,0x20,
  0x64,0x65,0x66,0x61,0x75,0x6c,0x74,0x53,0x74,0x61,0x74,0x65,0x3a,0x20,0x75,0x6e,
  0x64,0x65,0x66,0x69,0x6e,0x65,0x64,0xd,0xa,0xd,0xa,0x20,0x20,0x20,0x20,0x70,
  0x72,0x6f,0x70,0x65,0x72,0x74,0x79,0x20,0x62,0x6f,0x6f,0x6c,0x20,0x66,0x6f,0x72,
  0x63,0x65,0x41,0x63,0x74,0x69,0x76,0x65,0x3a,0x20,0x66,0x61,0x6c,0x73,0x65,0xd,
  0xa,0xd,0xa,0x20,0x20,0x20,0x20,0x70,0x72,0x6f,0x70,0x65,0x72,0x74,0x79,0x20,
  0x62,0x6f,0x6f,0x6c,0x20,0x5f,0x5f,0x69,0x73,0x46,0x6c,0x6f,0x77,0x49,0x74,0x65,
  0x6d,0x3a,0x20,0x74,0x72,0x75,0x65,0xd,0xa,0xd,0xa,0x20,0x20,0x20,0x20,0x66,
  0x75,0x6e,0x63,0x74,0x69,0x6f,0x6e,0x20,0x73,0x65,0x74,0x53,0x74,0x61,0x74,0x65,
  0x28,0x6e,0x65,0x77,0x53,0x74,0x61,0x74,0x65,0x29,0x20,0x7b,0xd,0xa,0x20,0x20,
  0x20,0x20,0x20,0x20,0x20,0x20,0x66,0x6c,0x6f,0x77,0x49,0x74,0x65,0x6d,0x2e,0x73,
  0x74,0x61,0x74,0x65,0x20,0x3d,0x20,0x6e,0x65,0x77,0x53,0x74,0x61,0x74,0x65,0xd,
  0xa,0x20,0x20,0x20,0x20,0x7d,0xd,0xa,0xd,0xa,0x20,0x20,0x20,0x20,0x70,0x72,
  0x6f,0x70,0x65,0x72,0x74,0x79,0x20,0x62,0x6f,0x6f,0x6c,0x20,0x61,0x63,0x74,0x69,
  0x76,0x65,0x3a,0x20,0x7b,0xd,0xa,0x20,0x20,0x20,0x20,0x20,0x20,0x20,0x20,0x69,
  0x66,0x20,0x28,0x66,0x6c,0x6f,0x77,0x49,0x74,0x65,0x6d,0x2e,0x66,0x6f,0x72,0x63,
  0x65,0x41,0x63,0x74,0x69,0x76,0x65,0x29,0xd,0xa,0x20,0x20,0x20,0x20,0x20,0x20,
  0x20,0x20,0x20,0x20,0x20,0x20,0x72,0x65,0x74,0x75,0x72,0x6e,0x20,0x74,0x72,0x75,
  0x65,0x3b,0xd,0xa,0x20,0x20,0x20,0x20,0x20,0x20,0x20,0x20,0x69,0x66,0x20,0x28,
  0x66,0x6c,0x6f,0x77,0x49,0x74,0x65,0x6d,0x2e,0x66,0x6c,0x6f,0x77,0x56,0x69,0x65,
  0x77,0x20,0x21,0x3d,0x3d,0x20,0x6e,0x75,0x6c,0x6c,0xd,0xa,0x20,0x20,0x20,0x20,
  0x20,0x20,0x20,0x20,0x20,0x20,0x20,0x20,0x20,0x20,0x20,0x20,0x26,0x26,0x20,0x66,
  0x6c,0x6f,0x77,0x49,0x74,0x65,0x6d,0x2e,0x66,0x6c,0x6f,0x77,0x56,0x69,0x65,0x77,
  0x2e,0x63,0x75,0x72,0x72,0x65,0x6e,0x74,0x49,0x74,0x65,0x6d,0x20,0x21,0x3d,0x3d,
  0x20,0x75,0x6e,0x64,0x65,0x66,0x69,0x6e,0x65,0x64,0xd,0xa,0x20,0x20,0x20,0x20,
  0x20,0x20,0x20,0x20,0x20,0x20,0x20,0x20,0x20,0x20,0x20,0x20,0x26,0x26,0x20,0x66,
  0x6c,0x6f,0x77,0x49,0x74,0x65,0x6d,0x2e,0x66,0x6c,0x6f,0x77,0x56,0x69,0x65,0x77,
  0x2e,0x63,0x75,0x72,0x72,0x65,0x6e,0x74,0x49,0x74,0x65,0x6d,0x20,0x3d,0x3d,0x3d,
  0x20,0x66,0x6c,0x6f,0x77,0x49,0x74,0x65,0x6d,0x29,0xd,0xa,0x20,0x20,0x20,0x20,
  0x20,0x20,0x20,0x20,0x20,0x20,0x20,0x20,0x72,0x65,0x74,0x75,0x72,0x6e,0x20,0x74,
  0x72,0x75,0x65,0xd,0xa,0xd,0xa,0x20,0x20,0x20,0x20,0x20,0x20,0x20,0x20,0x69,
  0x66,0x20,0x28,0x66,0x6c,0x6f,0x77,0x49,0x74,0x65,0x6d,0x2e,0x66,0x6c,0x6f,0x77,
  0x56,0x69,0x65,0x77,0x20,0x21,0x3d,0x3d,0x20,0x6e,0x75,0x6c,0x6c,0xd,0xa,0x20,
  0x20,0x20,0x20,0x20,0x20,0x20,0x20,0x20,0x20,0x20,0x20,0x20,0x20,0x20,0x20,0x26,
  0x26,0x20,0x66,0x6c,0x6f,0x77,0x49,0x74,0x65,0x6d,0x2e,0x66,0x6c,0x6f,0x77,0x56,
  0x69,0x65,0x77,0x2e,0x6e,0x65,0x78,0x74,0x49,0x74,0x65,0x6d,0x20,0x21,0x3d,0x3d,
  0x20,0x75,0x6e,0x64,0x65,0x66,0x69,0x6e,0x65,0x64,0xd,0xa,0x20,0x20,0x20,0x20,
  0x20,0x20,0x20,0x20,0x20,0x20,0x20,0x20,0x20,0x20,0x20,0x20,0x26,0x26,0x20,0x66,
  0x6c,0x6f,0x77,0x49,0x74,0x65,0x6d,0x2e,0x66,0x6c,0x6f,0x77,0x56,0x69,0x65,0x77,
  0x2e,0x6e,0x65,0x78,0x74,0x49,0x74,0x65,0x6d,0x20,0x3d,0x3d,0x3d,0x20,0x66,0x6c,
  0x6f,0x77,0x49,0x74,0x65,0x6d,0x29,0xd,0xa,0x20,0x20,0x20,0x20,0x20,0x20,0x20,
  0x20,0x20,0x20,0x20,0x20,0x72,0x65,0x74,0x75,0x72,0x6e,0x20,0x74,0x72,0x75,0x65,
  0xd,0xa,0xd,0xa,0x20,0x20,0x20,0x20,0x20,0x20,0x20,0x20,0x72,0x65,0x74,0x75,
  0x72,0x6e,0x20,0x66,0x61,0x6c,0x73,0x65,0xd,0xa,0x20,0x20,0x20,0x20,0x7d,0xd,
  0xa,0xd,0xa,0x20,0x20,0x20,0x20,0x4c,0x6f,0x61,0x64,0x65,0x72,0x20,0x7b,0xd,
  0xa,0x20,0x20,0x20,0x20,0x20,0x20,0x20,0x20,0x69,0x64,0x3a,0x20,0x6c,0x6f,0x61,
  0x64,0x65,0x72,0xd,0xa,0x20,0x20,0x20,0x20,0x20,0x20,0x20,0x20,0x61,0x63,0x74,
  0x69,0x76,0x65,0x3a,0x20,0x66,0x6c,0x6f,0x77,0x49,0x74,0x65,0x6d,0x2e,0x61,0x63,
  0x74,0x69,0x76,0x65,0xd,0xa,0x20,0x20,0x20,0x20,0x7d,0xd,0xa,0xd,0xa,0xd,
  0xa,0x20,0x20,0x20,0x20,0x66,0x75,0x6e,0x63,0x74,0x69,0x6f,0x6e,0x20,0x69,0x6e,
  0x69,0x74,0x28,0x29,0x20,0x7b,0xd,0xa,0xd,0xa,0x20,0x20,0x20,0x20,0x20,0x20,
  0x20,0x20,0x66,0x6c,0x6f,0x77,0x49,0x74,0x65,0x6d,0x2e,0x78,0x20,0x3d,0x20,0x30,
  0xd,0xa,0x20,0x20,0x20,0x20,0x20,0x20,0x20,0x20,0x66,0x6c,0x6f,0x77,0x49,0x74,
  0x65,0x6d,0x2e,0x79,0x20,0x3d,0x20,0x30,0xd,0xa,0xd,0xa,0x20,0x20,0x20,0x20,
  0x20,0x20,0x20,0x20,0x66,0x6c,0x6f,0x77,0x49,0x74,0x65,0x6d,0x2e,0x64,0x65,0x66,
  0x61,0x75,0x6c,0x74,0x53,0x74,0x61,0x74,0x65,0x20,0x3d,0x20,0x66,0x6c,0x6f,0x77,
  0x49,0x74,0x65,0x6d,0x2e,0x73,0x74,0x61,0x74,0x65,0xd,0xa,0x20,0x20,0x20,0x20,
  0x20,0x20,0x20,0x20,0x76,0x61,0x72,0x20,0x69,0x74,0x65,0x6d,0x56,0x61,0x72,0xd,
  0xa,0x20,0x20,0x20,0x20,0x20,0x20,0x20,0x20,0x76,0x61,0x72,0x20,0x69,0xd,0xa,
  0xd,0xa,0x20,0x20,0x20,0x20,0x20,0x20,0x20,0x20,0x69,0x66,0x20,0x28,0x66,0x6c,
  0x6f,0x77,0x49,0x74,0x65,0x6d,0x2e,0x73,0x74,0x61,0x74,0x65,0x43,0x68,0x61,0x6e,
  0x67,0x65,0x54,0x61,0x72,0x67,0x65,0x74,0x20,0x3d,0x3d,0x3d,0x20,0x75,0x6e,0x64,
  0x65,0x66,0x69,0x6e,0x65,0x64,0x29,0x20,0x7b,0xd,0xa,0xd,0xa,0x20,0x20,0x20,
  0x20,0x20,0x20,0x20,0x20,0x20,0x20,0x20,0x20,0x66,0x6f,0x72,0x20,0x28,0x69,0x20,
  0x3d,0x20,0x30,0x3b,0x20,0x69,0x20,0x3c,0x20,0x66,0x6c,0x6f,0x77,0x49,0x74,0x65,
  0x6d,0x2e,0x63,0x68,0x69,0x6c,0x64,0x72,0x65,0x6e,0x2e,0x6c,0x65,0x6e,0x67,0x74,
  0x68,0x3b,0x20,0x2b,0x2b,0x69,0x29,0x20,0x7b,0xd,0xa,0x20,0x20,0x20,0x20,0x20,
  0x20,0x20,0x20,0x20,0x20,0x20,0x20,0x20,0x20,0x20,0x20,0x69,0x74,0x65,0x6d,0x56,
  0x61,0x72,0x20,0x3d,0x20,0x66,0x6c,0x6f,0x77,0x49,0x74,0x65,0x6d,0x2e,0x63,0x68,
  0x69,0x6c,0x64,0x72,0x65,0x6e,0x5b,0x69,0x5d,0xd,0xa,0x20,0x20,0x20,0x20,0x20,
  0x20,0x20,0x20,0x20,0x20,0x20,0x20,0x20,0x20,0x20,0x20,0x69,0x66,0x20,0x28,0x69,
  0x74,0x65,0x6d,0x56,0x61,0x72,0x2e,0x69,0x73,0x41,0x63,0x74,0x69,0x6f,0x6e,0x41,
  0x72,0x65,0x61,0x20,0x3d,0x3d,0x3d,0x20,0x74,0x72,0x75,0x65,0xd,0xa,0x20,0x20,
  0x20,0x20,0x20,0x20,0x20,0x20,0x20,0x20,0x20,0x20,0x20,0x20,0x20,0x20,0x20,0x20,
  0x20,0x20,0x20,0x20,0x20,0x20,0x26,0x26,0x20,0x21,0x69,0x74,0x65,0x6d,0x56,0x61,
  0x72,0x2e,0x66,0x72,0x6f,0x6d,0x53,0x74,0x61,0x74,0x65,0x43,0x68,0x61,0x6e,0x67,
  0x65,0x29,0x20,0x7b,0xd,0xa,0x20,0x20,0x20,0x20,0x20,0x20,0x20,0x20,0x20,0x20,
  0x20,0x20,0x20,0x20,0x20,0x20,0x20,0x20,0x20,0x20,0x69,0x74,0x65,0x6d,0x56,0x61,
  0x72,0x2e,0x61,0x63,0x74,0x69,0x76,0x65,0x53,0x74,0x61,0x74,0x65,0x20,0x3d,0x20,
  0x66,0x6c,0x6f,0x77,0x49,0x74,0x65,0x6d,0x2e,0x73,0x74,0x61,0x74,0x65,0xd,0xa,
  0x20,0x20,0x20,0x20,0x20,0x20,0x20,0x20,0x20,0x20,0x20,0x20,0x20,0x20,0x20,0x20,
  0x7d,0xd,0xa,0xd,0xa,0x20,0x20,0x20,0x20,0x20,0x20,0x20,0x20,0x20,0x20,0x20,
  0x20,0x7d,0xd,0xa,0x20,0x20,0x20,0x20,0x20,0x20,0x20,0x20,0x7d,0x20,0x65,0x6c,
  0x73,0x65,0x20,0x7b,0xd,0xa,0x20,0x20,0x20,0x20,0x20,0x20,0x20,0x20,0x20,0x20,
  0x20,0x20,0x76,0x61,0x72,0x20,0x63,0x68,0x69,0x6c,0x64,0x4e,0x75,0x6d,0x20,0x3d,
  0x20,0x66,0x6c,0x6f,0x77,0x49,0x74,0x65,0x6d,0x2e,0x63,0x68,0x69,0x6c,0x64,0x72,
  0x65,0x6e,0x2e,0x6c,0x65,0x6e,0x67,0x74,0x68,0xd,0xa,0x20,0x20,0x20,0x20,0x20,
  0x20,0x20,0x20,0x20,0x20,0x20,0x20,0x76,0x61,0x72,0x20,0x63,0x68,0x69,0x6c,0x64,
  0x41,0x72,0x72,0x61,0x79,0x20,0x3d,0x20,0x5b,0x5d,0xd,0xa,0xd,0xa,0x20,0x20,
  0x20,0x20,0x20,0x20,0x20,0x20,0x20,0x20,0x20,0x20,0x66,0x6f,0x72,0x20,0x28,0x69,
  0x20,0x3d,0x20,0x30,0x3b,0x20,0x69,0x20,0x3c,0x20,0x66,0x6c,0x6f,0x77,0x49,0x74,
  0x65,0x6d,0x2e,0x63,0x68,0x69,0x6c,0x64,0x72,0x65,0x6e,0x2e,0x6c,0x65,0x6e,0x67,
  0x74,0x68,0x3b,0x20,0x2b,0x2b,0x69,0x29,0x20,0x7b,0xd,0xa,0x20,0x20,0x20,0x20,
  0x20,0x20,0x20,0x20,0x20,0x20,0x20,0x20,0x20,0x20,0x20,0x20,0x63,0x68,0x69,0x6c,
  0x64,0x41,0x72,0x72,0x61,0x79,0x2e,0x70,0x75,0x73,0x68,0x28,0x66,0x6c,0x6f,0x77,
  0x49,0x74,0x65,0x6d,0x2e,0x63,0x68,0x69,0x6c,0x64,0x72,0x65,0x6e,0x5b,0x69,0x5d,
  0x29,0xd,0xa,0x20,0x20,0x20,0x20,0x20,0x20,0x20,0x20,0x20,0x20,0x20,0x20,0x7d,
  0xd,0xa,0xd,0xa,0x20,0x20,0x20,0x20,0x20,0x20,0x20,0x20,0x20,0x20,0x20,0x20,
  0x66,0x6f,0x72,0x20,0x28,0x69,0x20,0x3d,0x20,0x30,0x3b,0x20,0x69,0x20,0x3c,0x20,
  0x63,0x68,0x69,0x6c,0x64,0x4e,0x75,0x6d,0x3b,0x20,0x2b,0x2b,0x69,0x29,0x20,0x7b,
  0xd,0xa,0x20,0x20,0x20,0x20,0x20,0x20,0x20,0x20,0x20,0x20,0x20,0x20,0x20,0x20,
  0x20,0x20,0x69,0x74,0x65,0x6d,0x56,0x61,0x72,0x20,0x3d,0x20,0x63,0x68,0x69,0x6c,
  0x64,0x41,0x72,0x72,0x61,0x79,0x5b,0x69,0x5d,0xd,0xa,0xd,0xa,0x20,0x20,0x20,
  0x20,0x20,0x20,0x20,0x20,0x20,0x20,0x20,0x20,0x20,0x20,0x20,0x20,0x69,0x66,0x20,
  0x28,0x69,0x74,0x65,0x6d,0x56,0x61,0x72,0x2e,0x69,0x73,0x41,0x63,0x74,0x69,0x6f,
  0x6e,0x41,0x72,0x65,0x61,0x20,0x3d,0x3d,0x3d,0x20,0x74,0x72,0x75,0x65,0x29,0x20,
  0x7b,0xd,0xa,0x20,0x20,0x20,0x20,0x20,0x20,0x20,0x20,0x20,0x20,0x20,0x20,0x20,
  0x20,0x20,0x20,0x20,0x20,0x20,0x20,0x69,0x74,0x65,0x6d,0x56,0x61,0x72,0x2e,0x66,
  0x72,0x6f,0x6d,0x53,0x74,0x61,0x74,0x65,0x43,0x68,0x61,0x6e,0x67,0x65,0x20,0x3d,
  0x20,0x74,0x72,0x75,0x65,0xd,0xa,0x20,0x20,0x20,0x20,0x20,0x20,0x20,0x20,0x20,
  0x20,0x20,0x20,0x20,0x20,0x20,0x20,0x20,0x20,0x20,0x20,0x69,0x74,0x65,0x6d,0x56,
  0x61,0x72,0x2e,0x61,0x63,0x74,0x69,0x76,0x65,0x53,0x74,0x61,0x74,0x65,0x20,0x3d,
  0x20,0x66,0x6c,0x6f,0x77,0x49,0x74,0x65,0x6d,0x2e,0x74,0x61,0x72,0x67,0x65,0x74,
  0x53,0x74,0x61,0x74,0x65,0xd,0xa,0x20,0x20,0x20,0x20,0x20,0x20,0x20,0x20,0x20,
  0x20,0x20,0x20,0x20,0x20,0x20,0x20,0x20,0x20,0x20,0x20,0x69,0x74,0x65,0x6d,0x56,
  0x61,0x72,0x2e,0x70,0x61,0x72,0x65,0x6e,0x74,0x20,0x3d,0x20,0x66,0x6c,0x6f,0x77,
  0x49,0x74,0x65,0x6d,0x2e,0x73,0x74,0x61,0x74,0x65,0x43,0x68,0x61,0x6e,0x67,0x65,
  0x54,0x61,0x72,0x67,0x65,0x74,0xd,0xa,0x20,0x20,0x20,0x20,0x20,0x20,0x20,0x20,
  0x20,0x20,0x20,0x20,0x20,0x20,0x20,0x20,0x7d,0xd,0xa,0x20,0x20,0x20,0x20,0x20,
  0x20,0x20,0x20,0x20,0x20,0x20,0x20,0x7d,0xd,0xa,0x20,0x20,0x20,0x20,0x20,0x20,
  0x20,0x20,0x7d,0xd,0xa,0x20,0x20,0x20,0x20,0x7d,0xd,0xa,0x7d,0xd,0xa,
    // DefaultFlowEffect.qml
  0x0,0x0,0x5,0xf2,
  0x2f,
  0x2a,0x2a,0x2a,0x2a,0x2a,0x2a,0x2a,0x2a,0x2a,0x2a,0x2a,0x2a,0x2a,0x2a,0x2a,0x2a,
  0x2a,0x2a,0x2a,0x2a,0x2a,0x2a,0x2a,0x2a,0x2a,0x2a,0x2a,0x2a,0x2a,0x2a,0x2a,0x2a,
  0x2a,0x2a,0x2a,0x2a,0x2a,0x2a,0x2a,0x2a,0x2a,0x2a,0x2a,0x2a,0x2a,0x2a,0x2a,0x2a,
  0x2a,0x2a,0x2a,0x2a,0x2a,0x2a,0x2a,0x2a,0x2a,0x2a,0x2a,0x2a,0x2a,0x2a,0x2a,0x2a,
  0x2a,0x2a,0x2a,0x2a,0x2a,0x2a,0x2a,0x2a,0x2a,0x2a,0x2a,0x2a,0xd,0xa,0x2a,0x2a,
  0xd,0xa,0x2a,0x2a,0x20,0x43,0x6f,0x70,0x79,0x72,0x69,0x67,0x68,0x74,0x20,0x28,
  0x43,0x29,0x20,0x32,0x30,0x32,0x30,0x20,0x54,0x68,0x65,0x20,0x51,0x74,0x20,0x43,
  0x6f,0x6d,0x70,0x61,0x6e,0x79,0x20,0x4c,0x74,0x64,0x2e,0xd,0xa,0x2a,0x2a,0x20,
  0x43,0x6f,0x6e,0x74,0x61,0x63,0x74,0x3a,0x20,0x68,0x74,0x74,0x70,0x73,0x3a,0x2f,
  0x2f,0x77,0x77,0x77,0x2e,0x71,0x74,0x2e,0x69,0x6f,0x2f,0x6c,0x69,0x63,0x65,0x6e,
  0x73,0x69,0x6e,0x67,0x2f,0xd,0xa,0x2a,0x2a,0xd,0xa,0x2a,0x2a,0x20,0x54,0x68,
  0x69,0x73,0x20,0x66,0x69,0x6c,0x65,0x20,0x69,0x73,0x20,0x70,0x61,0x72,0x74,0x20,
  0x6f,0x66,0x20,0x51,0x74,0x20,0x51,0x75,0x69,0x63,0x6b,0x20,0x44,0x65,0x73,0x69,
  0x67,0x6e,0x65,0x72,0x20,0x43,0x6f,0x6d,0x70,0x6f,0x6e,0x65,0x6e,0x74,0x73,0x2e,
  0xd,0xa,0x2a,0x2a,0xd,0xa,0x2a,0x2a,0x20,0x24,0x51,0x54,0x5f,0x42,0x45,0x47,
  0x49,0x4e,0x5f,0x4c,0x49,0x43,0x45,0x4e,0x53,0x45,0x3a,0x47,0x50,0x4c,0x24,0xd,
  0xa,0x2a,0x2a,0x20,0x43,0x6f,0x6d,0x6d,0x65,0x72,0x63,0x69,0x61,0x6c,0x20,0x4c,
  0x69,0x63,0x65,0x6e,0x73,0x65,0x20,0x55,0x73,0x61,0x67,0x65,0xd,0xa,0x2a,0x2a,
  0x20,0x4c,0x69,0x63,0x65,0x6e,0x73,0x65,0x65,0x73,0x20,0x68,0x6f,0x6c,0x64,0x69,
  0x6e,0x67,0x20,0x76,0x61,0x6c,0x69,0x64,0x20,0x63,0x6f,0x6d,0x6d,0x65,0x72,0x63,
  0x69,0x61,0x6c,0x20,0x51,0x74,0x20,0x6c,0x69,0x63,0x65,0x6e,0x73,0x65,0x73,0x20,
  0x6d,0x61,0x79,0x20,0x75,0x73,0x65,0x20,0x74,0x68,0x69,0x73,0x20,0x66,0x69,0x6c,
  0x65,0x20,0x69,0x6e,0xd,0xa,0x2a,0x2a,0x20,0x61,0x63,0x63,0x6f,0x72,0x64,0x61,
  0x6e,0x63,0x65,0x20,0x77,0x69,0x74,0x68,0x20,0x74,0x68,0x65,0x20,0x63,0x6f,0x6d,
  0x6d,0x65,0x72,0x63,0x69,0x61,0x6c,0x20,0x6c,0x69,0x63,0x65,0x6e,0x73,0x65,0x20,
  0x61,0x67,0x72,0x65,0x65,0x6d,0x65,0x6e,0x74,0x20,0x70,0x72,0x6f,0x76,0x69,0x64,
  0x65,0x64,0x20,0x77,0x69,0x74,0x68,0x20,0x74,0x68,0x65,0xd,0xa,0x2a,0x2a,0x20,
  0x53,0x6f,0x66,0x74,0x77,0x61,0x72,0x65,0x20,0x6f,0x72,0x2c,0x20,0x61,0x6c,0x74,
  0x65,0x72,0x6e,0x61,0x74,0x69,0x76,0x65,0x6c,0x79,0x2c,0x20,0x69,0x6e,0x20,0x61,
  0x63,0x63,0x6f,0x72,0x64,0x61,0x6e,0x63,0x65,0x20,0x77,0x69,0x74,0x68,0x20,0x74,
  0x68,0x65,0x20,0x74,0x65,0x72,0x6d,0x73,0x20,0x63,0x6f,0x6e,0x74,0x61,0x69,0x6e,
  0x65,0x64,0x20,0x69,0x6e,0xd,0xa,0x2a,0x2a,0x20,0x61,0x20,0x77,0x72,0x69,0x74,
  0x74,0x65,0x6e,0x20,0x61,0x67,0x72,0x65,0x65,0x6d,0x65,0x6e,0x74,0x20,0x62,0x65,
  0x74,0x77,0x65,0x65,0x6e,0x20,0x79,0x6f,0x75,0x20,0x61,0x6e,0x64,0x20,0x54,0x68,
  0x65,0x20,0x51,0x74,0x20,0x43,0x6f,0x6d,0x70,0x61,0x6e,0x79,0x2e,0x20,0x46,0x6f,
  0x72,0x20,0x6c,0x69,0x63,0x65,0x6e,0x73,0x69,0x6e,0x67,0x20,0x74,0x65,0x72,0x6d,
  0x73,0xd,0xa,0x2a,0x2a,0x20,0x61,0x6e,0x64,0x20,0x63,0x6f,0x6e,0x64,0x69,0x74,
  0x69,0x6f,0x6e,0x73,0x20,0x73,0x65,0x65,0x20,0x68,0x74,0x74,0x70,0x73,0x3a,0x2f,
  0x2f,0x77,0x77,0x77,0x2e,0x71,0x74,0x2e,0x69,0x6f,0x2f,0x74,0x65,0x72,0x6d,0x73,
  0x2d,0x63,0x6f,0x6e,0x64,0x69,0x74,0x69,0x6f,0x6e,0x73,0x2e,0x20,0x46,0x6f,0x72,
  0x20,0x66,0x75,0x72,0x74,0x68,0x65,0x72,0xd,0xa,0x2a,0x2a,0x20,0x69,0x6e,0x66,
  0x6f,0x72,0x6d,0x61,0x74,0x69,0x6f,0x6e,0x20,0x75,0x73,0x65,0x20,0x74,0x68,0x65,
  0x20,0x63,0x6f,0x6e,0x74,0x61,0x63,0x74,0x20,0x66,0x6f,0x72,0x6d,0x20,0x61,0x74,
  0x20,0x68,0x74,0x74,0x70,0x73,0x3a,0x2f,0x2f,0x77,0x77,0x77,0x2e,0x71,0x74,0x2e,
  0x69,0x6f,0x2f,0x63,0x6f,0x6e,0x74,0x61,0x63,0x74,0x2d,0x75,0x73,0x2e,0xd,0xa,
  0x2a,0x2a,0xd,0xa,0x2a,0x2a,0x20,0x47,0x4e,0x55,0x20,0x47,0x65,0x6e,0x65,0x72,
  0x61,0x6c,0x20,0x50,0x75,0x62,0x6c,0x69,0x63,0x20,0x4c,0x69,0x63,0x65,0x6e,0x73,
  0x65,0x20,0x55,0x73,0x61,0x67,0x65,0xd,0xa,0x2a,0x2a,0x20,0x41,0x6c,0x74,0x65,
  0x72,0x6e,0x61,0x74,0x69,0x76,0x65,0x6c,0x79,0x2c,0x20,0x74,0x68,0x69,0x73,0x20,
  0x66,0x69,0x6c,0x65,0x20,0x6d,0x61,0x79,0x20,0x62,0x65,0x20,0x75,0x73,0x65,0x64,
  0x20,0x75,0x6e,0x64,0x65,0x72,0x20,0x74,0x68,0x65,0x20,0x74,0x65,0x72,0x6d,0x73,
  0x20,0x6f,0x66,0x20,0x74,0x68,0x65,0x20,0x47,0x4e,0x55,0xd,0xa,0x2a,0x2a,0x20,
  0x47,0x65,0x6e,0x65,0x72,0x61,0x6c,0x20,0x50,0x75,0x62,0x6c,0x69,0x63,0x20,0x4c,
  0x69,0x63,0x65,0x6e,0x73,0x65,0x20,0x76,0x65,0x72,0x73,0x69,0x6f,0x6e,0x20,0x33,
  0x20,0x6f,0x72,0x20,0x28,0x61,0x74,0x20,0x79,0x6f,0x75,0x72,0x20,0x6f,0x70,0x74,
  0x69,0x6f,0x6e,0x29,0x20,0x61,0x6e,0x79,0x20,0x6c,0x61,0x74,0x65,0x72,0x20,0x76,
  0x65,0x72,0x73,0x69,0x6f,0x6e,0xd,0xa,0x2a,0x2a,0x20,0x61,0x70,0x70,0x72,0x6f,
  0x76,0x65,0x64,0x20,0x62,0x79,0x20,0x74,0x68,0x65,0x20,0x4b,0x44,0x45,0x20,0x46,
  0x72,0x65,0x65,0x20,0x51,0x74,0x20,0x46,0x6f,0x75,0x6e,0x64,0x61,0x74,0x69,0x6f,
  0x6e,0x2e,0x20,0x54,0x68,0x65,0x20,0x6c,0x69,0x63,0x65,0x6e,0x73,0x65,0x73,0x20,
  0x61,0x72,0x65,0x20,0x61,0x73,0x20,0x70,0x75,0x62,0x6c,0x69,0x73,0x68,0x65,0x64,
  0x20,0x62,0x79,0xd,0xa,0x2a,0x2a,0x20,0x74,0x68,0x65,0x20,0x46,0x72,0x65,0x65,
  0x20,0x53,0x6f,0x66,0x74,0x77,0x61,0x72,0x65,0x20,0x46,0x6f,0x75,0x6e,0x64,0x61,
  0x74,0x69,0x6f,0x6e,0x20,0x61,0x6e,0x64,0x20,0x61,0x70,0x70,0x65,0x61,0x72,0x69,
  0x6e,0x67,0x20,0x69,0x6e,0x20,0x74,0x68,0x65,0x20,0x66,0x69,0x6c,0x65,0x20,0x4c,
  0x49,0x43,0x45,0x4e,0x53,0x45,0x2e,0x47,0x50,0x4c,0x33,0xd,0xa,0x2a,0x2a,0x20,
  0x69,0x6e,0x63,0x6c,0x75,0x64,0x65,0x64,0x20,0x69,0x6e,0x20,0x74,0x68,0x65,0x20,
  0x70,0x61,0x63,0x6b,0x61,0x67,0x69,0x6e,0x67,0x20,0x6f,0x66,0x20,0x74,0x68,0x69,
  0x73,0x20,0x66,0x69,0x6c,0x65,0x2e,0x20,0x50,0x6c,0x65,0x61,0x73,0x65,0x20,0x72,
  0x65,0x76,0x69,0x65,0x77,0x20,0x74,0x68,0x65,0x20,0x66,0x6f,0x6c,0x6c,0x6f,0x77,
  0x69,0x6e,0x67,0xd,0xa,0x2a,0x2a,0x20,0x69,0x6e,0x66,0x6f,0x72,0x6d,0x61,0x74,
  0x69,0x6f,0x6e,0x20,0x74,0x6f,0x20,0x65,0x6e,0x73,0x75,0x72,0x65,0x20,0x74,0x68,
  0x65,0x20,0x47,0x4e,0x55,0x20,0x47,0x65,0x6e,0x65,0x72,0x61,0x6c,0x20,0x50,0x75,
  0x62,0x6c,0x69,0x63,0x20,0x4c,0x69,0x63,0x65,0x6e,0x73,0x65,0x20,0x72,0x65,0x71,
  0x75,0x69,0x72,0x65,0x6d,0x65,0x6e,0x74,0x73,0x20,0x77,0x69,0x6c,0x6c,0xd,0xa,
  0x2a,0x2a,0x20,0x62,0x65,0x20,0x6d,0x65,0x74,0x3a,0x20,0x68,0x74,0x74,0x70,0x73,
  0x3a,0x2f,0x2f,0x77,0x77,0x77,0x2e,0x67,0x6e,0x75,0x2e,0x6f,0x72,0x67,0x2f,0x6c,
  0x69,0x63,0x65,0x6e,0x73,0x65,0x73,0x2f,0x67,0x70,0x6c,0x2d,0x33,0x2e,0x30,0x2e,
  0x68,0x74,0x6d,0x6c,0x2e,0xd,0xa,0x2a,0x2a,0xd,0xa,0x2a,0x2a,0x20,0x24,0x51,
  0x54,0x5f,0x45,0x4e,0x44,0x5f,0x4c,0x49,0x43,0x45,0x4e,0x53,0x45,0x24,0xd,0xa,
  0x2a,0x2a,0xd,0xa,0x2a,0x2a,0x2a,0x2a,0x2a,0x2a,0x2a,0x2a,0x2a,0x2a,0x2a,0x2a,
  0x2a,0x2a,0x2a,0x2a,0x2a,0x2a,0x2a,0x2a,0x2a,0x2a,0x2a,0x2a,0x2a,0x2a,0x2a,0x2a,
  0x2a,0x2a,0x2a,0x2a,0x2a,0x2a,0x2a,0x2a,0x2a,0x2a,0x2a,0x2a,0x2a,0x2a,0x2a,0x2a,
  0x2a,0x2a,0x2a,0x2a,0x2a,0x2a,0x2a,0x2a,0x2a,0x2a,0x2a,0x2a,0x2a,0x2a,0x2a,0x2a,
  0x2a,0x2a,0x2a,0x2a,0x2a,0x2a,0x2a,0x2a,0x2a,0x2a,0x2a,0x2a,0x2a,0x2a,0x2a,0x2a,
  0x2f,0xd,0xa,0xd,0xa,0x69,0x6d,0x70,0x6f,0x72,0x74,0x20,0x51,0x74,0x51,0x75,
  0x69,0x63,0x6b,0x20,0x32,0x2e,0x31,0x35,0xd,0xa,0xd,0xa,0x46,0x6c,0x6f,0x77,
  0x45,0x66,0x66,0x65,0x63,0x74,0x20,0x7b,0xd,0xa,0x20,0x20,0x20,0x20,0x2f,0x2f,
  0x4e,0x6f,0x20,0x45,0x66,0x66,0x65,0x63,0x74,0xd,0xa,0x20,0x20,0x20,0x20,0x64,
  0x75,0x72,0x61,0x74,0x69,0x6f,0x6e,0x3a,0x20,0x30,0xd,0xa,0x7d,0xd,0xa,0xd,
  0xa,0x2f,0x2a,0x23,0x23,0x5e,0x23,0x23,0xd,0xa,0x44,0x65,0x73,0x69,0x67,0x6e,
  0x65,0x72,0x20,0x7b,0xd,0xa,0x20,0x20,0x20,0x20,0x44,0x7b,0x69,0x3a,0x30,0x3b,
  0x61,0x75,0x74,0x6f,0x53,0x69,0x7a,0x65,0x3a,0x74,0x72,0x75,0x65,0x3b,0x68,0x65,
  0x69,0x67,0x68,0x74,0x3a,0x34,0x38,0x30,0x3b,0x77,0x69,0x64,0x74,0x68,0x3a,0x36,
  0x34,0x30,0x7d,0xd,0xa,0x7d,0xd,0xa,0x23,0x23,0x5e,0x23,0x23,0x2a,0x2f,0xd,
  0xa,
    // FlowState.qml
  0x0,0x0,0x5,0xc0,
  0x2f,
  0x2a,0x2a,0x2a,0x2a,0x2a,0x2a,0x2a,0x2a,0x2a,0x2a,0x2a,0x2a,0x2a,0x2a,0x2a,0x2a,
  0x2a,0x2a,0x2a,0x2a,0x2a,0x2a,0x2a,0x2a,0x2a,0x2a,0x2a,0x2a,0x2a,0x2a,0x2a,0x2a,
  0x2a,0x2a,0x2a,0x2a,0x2a,0x2a,0x2a,0x2a,0x2a,0x2a,0x2a,0x2a,0x2a,0x2a,0x2a,0x2a,
  0x2a,0x2a,0x2a,0x2a,0x2a,0x2a,0x2a,0x2a,0x2a,0x2a,0x2a,0x2a,0x2a,0x2a,0x2a,0x2a,
  0x2a,0x2a,0x2a,0x2a,0x2a,0x2a,0x2a,0x2a,0x2a,0x2a,0x2a,0x2a,0xd,0xa,0x2a,0x2a,
  0xd,0xa,0x2a,0x2a,0x20,0x43,0x6f,0x70,0x79,0x72,0x69,0x67,0x68,0x74,0x20,0x28,
  0x43,0x29,0x20,0x32,0x30,0x32,0x30,0x20,0x54,0x68,0x65,0x20,0x51,0x74,0x20,0x43,
  0x6f,0x6d,0x70,0x61,0x6e,0x79,0x20,0x4c,0x74,0x64,0x2e,0xd,0xa,0x2a,0x2a,0x20,
  0x43,0x6f,0x6e,0x74,0x61,0x63,0x74,0x3a,0x20,0x68,0x74,0x74,0x70,0x73,0x3a,0x2f,
  0x2f,0x77,0x77,0x77,0x2e,0x71,0x74,0x2e,0x69,0x6f,0x2f,0x6c,0x69,0x63,0x65,0x6e,
  0x73,0x69,0x6e,0x67,0x2f,0xd,0xa,0x2a,0x2a,0xd,0xa,0x2a,0x2a,0x20,0x54,0x68,
  0x69,0x73,0x20,0x66,0x69,0x6c,0x65,0x20,0x69,0x73,0x20,0x70,0x61,0x72,0x74,0x20,
  0x6f,0x66,0x20,0x51,0x74,0x20,0x51,0x75,0x69,0x63,0x6b,0x20,0x44,0x65,0x73,0x69,
  0x67,0x6e,0x65,0x72,0x20,0x43,0x6f,0x6d,0x70,0x6f,0x6e,0x65,0x6e,0x74,0x73,0x2e,
  0xd,0xa,0x2a,0x2a,0xd,0xa,0x2a,0x2a,0x20,0x24,0x51,0x54,0x5f,0x42,0x45,0x47,
  0x49,0x4e,0x5f,0x4c,0x49,0x43,0x45,0x4e,0x53,0x45,0x3a,0x47,0x50,0x4c,0x24,0xd,
  0xa,0x2a,0x2a,0x20,0x43,0x6f,0x6d,0x6d,0x65,0x72,0x63,0x69,0x61,0x6c,0x20,0x4c,
  0x69,0x63,0x65,0x6e,0x73,0x65,0x20,0x55,0x73,0x61,0x67,0x65,0xd,0xa,0x2a,0x2a,
  0x20,0x4c,0x69,0x63,0x65,0x6e,0x73,0x65,0x65,0x73,0x20,0x68,0x6f,0x6c,0x64,0x69,
  0x6e,0x67,0x20,0x76,0x61,0x6c,0x69,0x64,0x20,0x63,0x6f,0x6d,0x6d,0x65,0x72,0x63,
  0x69,0x61,0x6c,0x20,0x51,0x74,0x20,0x6c,0x69,0x63,0x65,0x6e,0x73,0x65,0x73,0x20,
  0x6d,0x61,0x79,0x20,0x75,0x73,0x65,0x20,0x74,0x68,0x69,0x73,0x20,0x66,0x69,0x6c,
  0x65,0x20,0x69,0x6e,0xd,0xa,0x2a,0x2a,0x20,0x61,0x63,0x63,0x6f,0x72,0x64,0x61,
  0x6e,0x63,0x65,0x20,0x77,0x69,0x74,0x68,0x20,0x74,0x68,0x65,0x20,0x63,0x6f,0x6d,
  0x6d,0x65,0x72,0x63,0x69,0x61,0x6c,0x20,0x6c,0x69,0x63,0x65,0x6e,0x73,0x65,0x20,
  0x61,0x67,0x72,0x65,0x65,0x6d,0x65,0x6e,0x74,0x20,0x70,0x72,0x6f,0x76,0x69,0x64,
  0x65,0x64,0x20,0x77,0x69,0x74,0x68,0x20,0x74,0x68,0x65,0xd,0xa,0x2a,0x2a,0x20,
  0x53,0x6f,0x66,0x74,0x77,0x61,0x72,0x65,0x20,0x6f,0x72,0x2c,0x20,0x61,0x6c,0x74,
  0x65,0x72,0x6e,0x61,0x74,0x69,0x76,0x65,0x6c,0x79,0x2c,0x20,0x69,0x6e,0x20,0x61,
  0x63,0x63,0x6f,0x72,0x64,0x61,0x6e,0x63,0x65,0x20,0x77,0x69,0x74,0x68,0x20,0x74,
  0x68,0x65,0x20,0x74,0x65,0x72,0x6d,0x73,0x20,0x63,0x6f,0x6e,0x74,0x61,0x69,0x6e,
  0x65,0x64,0x20,0x69,0x6e,0xd,0xa,0x2a,0x2a,0x20,0x61,0x20,0x77,0x72,0x69,0x74,
  0x74,0x65,0x6e,0x20,0x61,0x67,0x72,0x65,0x65,0x6d,0x65,0x6e,0x74,0x20,0x62,0x65,
  0x74,0x77,0x65,0x65,0x6e,0x20,0x79,0x6f,0x75,0x20,0x61,0x6e,0x64,0x20,0x54,0x68,
  0x65,0x20,0x51,0x74,0x20,0x43,0x6f,0x6d,0x70,0x61,0x6e,0x79,0x2e,0x20,0x46,0x6f,
  0x72,0x20,0x6c,0x69,0x63,0x65,0x6e,0x73,0x69,0x6e,0x67,0x20,0x74,0x65,0x72,0x6d,
  0x73,0xd,0xa,0x2a,0x2a,0x20,0x61,0x6e,0x64,0x20,0x63,0x6f,0x6e,0x64,0x69,0x74,
  0x69,0x6f,0x6e,0x73,0x20,0x73,0x65,0x65,0x20,0x68,0x74,0x74,0x70,0x73,0x3a,0x2f,
  0x2f,0x77,0x77,0x77,0x2e,0x71,0x74,0x2e,0x69,0x6f,0x2f,0x74,0x65,0x72,0x6d,0x73,
  0x2d,0x63,0x6f,0x6e,0x64,0x69,0x74,0x69,0x6f,0x6e,0x73,0x2e,0x20,0x46,0x6f,0x72,
  0x20,0x66,0x75,0x72,0x74,0x68,0x65,0x72,0xd,0xa,0x2a,0x2a,0x20,0x69,0x6e,0x66,
  0x6f,0x72,0x6d,0x61,0x74,0x69,0x6f,0x6e,0x20,0x75,0x73,0x65,0x20,0x74,0x68,0x65,
  0x20,0x63,0x6f,0x6e,0x74,0x61,0x63,0x74,0x20,0x66,0x6f,0x72,0x6d,0x20,0x61,0x74,
  0x20,0x68,0x74,0x74,0x70,0x73,0x3a,0x2f,0x2f,0x77,0x77,0x77,0x2e,0x71,0x74,0x2e,
  0x69,0x6f,0x2f,0x63,0x6f,0x6e,0x74,0x61,0x63,0x74,0x2d,0x75,0x73,0x2e,0xd,0xa,
  0x2a,0x2a,0xd,0xa,0x2a,0x2a,0x20,0x47,0x4e,0x55,0x20,0x47,0x65,0x6e,0x65,0x72,
  0x61,0x6c,0x20,0x50,0x75,0x62,0x6c,0x69,0x63,0x20,0x4c,0x69,0x63,0x65,0x6e,0x73,
  0x65,0x20,0x55,0x73,0x61,0x67,0x65,0xd,0xa,0x2a,0x2a,0x20,0x41,0x6c,0x74,0x65,
  0x72,0x6e,0x61,0x74,0x69,0x76,0x65,0x6c,0x79,0x2c,0x20,0x74,0x68,0x69,0x73,0x20,
  0x66,0x69,0x6c,0x65,0x20,0x6d,0x61,0x79,0x20,0x62,0x65,0x20,0x75,0x73,0x65,0x64,
  0x20,0x75,0x6e,0x64,0x65,0x72,0x20,0x74,0x68,0x65,0x20,0x74,0x65,0x72,0x6d,0x73,
  0x20,0x6f,0x66,0x20,0x74,0x68,0x65,0x20,0x47,0x4e,0x55,0xd,0xa,0x2a,0x2a,0x20,
  0x47,0x65,0x6e,0x65,0x72,0x61,0x6c,0x20,0x50,0x75,0x62,0x6c,0x69,0x63,0x20,0x4c,
  0x69,0x63,0x65,0x6e,0x73,0x65,0x20,0x76,0x65,0x72,0x73,0x69,0x6f,0x6e,0x20,0x33,
  0x20,0x6f,0x72,0x20,0x28,0x61,0x74,0x20,0x79,0x6f,0x75,0x72,0x20,0x6f,0x70,0x74,
  0x69,0x6f,0x6e,0x29,0x20,0x61,0x6e,0x79,0x20,0x6c,0x61,0x74,0x65,0x72,0x20,0x76,
  0x65,0x72,0x73,0x69,0x6f,0x6e,0xd,0xa,0x2a,0x2a,0x20,0x61,0x70,0x70,0x72,0x6f,
  0x76,0x65,0x64,0x20,0x62,0x79,0x20,0x74,0x68,0x65,0x20,0x4b,0x44,0x45,0x20,0x46,
  0x72,0x65,0x65,0x20,0x51,0x74,0x20,0x46,0x6f,0x75,0x6e,0x64,0x61,0x74,0x69,0x6f,
  0x6e,0x2e,0x20,0x54,0x68,0x65,0x20,0x6c,0x69,0x63,0x65,0x6e,0x73,0x65,0x73,0x20,
  0x61,0x72,0x65,0x20,0x61,0x73,0x20,0x70,0x75,0x62,0x6c,0x69,0x73,0x68,0x65,0x64,
  0x20,0x62,0x79,0xd,0xa,0x2a,0x2a,0x20,0x74,0x68,0x65,0x20,0x46,0x72,0x65,0x65,
  0x20,0x53,0x6f,0x66,0x74,0x77,0x61,0x72,0x65,0x20,0x46,0x6f,0x75,0x6e,0x64,0x61,
  0x74,0x69,0x6f,0x6e,0x20,0x61,0x6e,0x64,0x20,0x61,0x70,0x70,0x65,0x61,0x72,0x69,
  0x6e,0x67,0x20,0x69,0x6e,0x20,0x74,0x68,0x65,0x20,0x66,0x69,0x6c,0x65,0x20,0x4c,
  0x49,0x43,0x45,0x4e,0x53,0x45,0x2e,0x47,0x50,0x4c,0x33,0xd,0xa,0x2a,0x2a,0x20,
  0x69,0x6e,0x63,0x6c,0x75,0x64,0x65,0x64,0x20,0x69,0x6e,0x20,0x74,0x68,0x65,0x20,
  0x70,0x61,0x63,0x6b,0x61,0x67,0x69,0x6e,0x67,0x20,0x6f,0x66,0x20,0x74,0x68,0x69,
  0x73,0x20,0x66,0x69,0x6c,0x65,0x2e,0x20,0x50,0x6c,0x65,0x61,0x73,0x65,0x20,0x72,
  0x65,0x76,0x69,0x65,0x77,0x20,0x74,0x68,0x65,0x20,0x66,0x6f,0x6c,0x6c,0x6f,0x77,
  0x69,0x6e,0x67,0xd,0xa,0x2a,0x2a,0x20,0x69,0x6e,0x66,0x6f,0x72,0x6d,0x61,0x74,
  0x69,0x6f,0x6e,0x20,0x74,0x6f,0x20,0x65,0x6e,0x73,0x75,0x72,0x65,0x20,0x74,0x68,
  0x65,0x20,0x47,0x4e,0x55,0x20,0x47,0x65,0x6e,0x65,0x72,0x61,0x6c,0x20,0x50,0x75,
  0x62,0x6c,0x69,0x63,0x20,0x4c,0x69,0x63,0x65,0x6e,0x73,0x65,0x20,0x72,0x65,0x71,
  0x75,0x69,0x72,0x65,0x6d,0x65,0x6e,0x74,0x73,0x20,0x77,0x69,0x6c,0x6c,0xd,0xa,
  0x2a,0x2a,0x20,0x62,0x65,0x20,0x6d,0x65,0x74,0x3a,0x20,0x68,0x74,0x74,0x70,0x73,
  0x3a,0x2f,0x2f,0x77,0x77,0x77,0x2e,0x67,0x6e,0x75,0x2e,0x6f,0x72,0x67,0x2f,0x6c,
  0x69,0x63,0x65,0x6e,0x73,0x65,0x73,0x2f,0x67,0x70,0x6c,0x2d,0x33,0x2e,0x30,0x2e,
  0x68,0x74,0x6d,0x6c,0x2e,0xd,0xa,0x2a,0x2a,0xd,0xa,0x2a,0x2a,0x20,0x24,0x51,
  0x54,0x5f,0x45,0x4e,0x44,0x5f,0x4c,0x49,0x43,0x45,0x4e,0x53,0x45,0x24,0xd,0xa,
  0x2a,0x2a,0xd,0xa,0x2a,0x2a,0x2a,0x2a,0x2a,0x2a,0x2a,0x2a,0x2a,0x2a,0x2a,0x2a,
  0x2a,0x2a,0x2a,0x2a,0x2a,0x2a,0x2a,0x2a,0x2a,0x2a,0x2a,0x2a,0x2a,0x2a,0x2a,0x2a,
  0x2a,0x2a,0x2a,0x2a,0x2a,0x2a,0x2a,0x2a,0x2a,0x2a,0x2a,0x2a,0x2a,0x2a,0x2a,0x2a,
  0x2a,0x2a,0x2a,0x2a,0x2a,0x2a,0x2a,0x2a,0x2a,0x2a,0x2a,0x2a,0x2a,0x2a,0x2a,0x2a,
  0x2a,0x2a,0x2a,0x2a,0x2a,0x2a,0x2a,0x2a,0x2a,0x2a,0x2a,0x2a,0x2a,0x2a,0x2a,0x2a,
  0x2f,0xd,0xa,0x70,0x72,0x61,0x67,0x6d,0x61,0x20,0x53,0x69,0x6e,0x67,0x6c,0x65,
  0x74,0x6f,0x6e,0xd,0xa,0x69,0x6d,0x70,0x6f,0x72,0x74,0x20,0x51,0x74,0x51,0x75,
  0x69,0x63,0x6b,0x20,0x32,0x2e,0x31,0x35,0xd,0xa,0xd,0xa,0x51,0x74,0x4f,0x62,
  0x6a,0x65,0x63,0x74,0x20,0x7b,0xd,0xa,0x20,0x20,0x20,0x20,0x69,0x64,0x3a,0x20,
  0x6f,0x62,0x6a,0x65,0x63,0x74,0xd,0xa,0xd,0xa,0x20,0x20,0x20,0x20,0x70,0x72,
  0x6f,0x70,0x65,0x72,0x74,0x79,0x20,0x62,0x6f,0x6f,0x6c,0x20,0x6c,0x6f,0x61,0x64,
  0x69,0x6e,0x67,0x3a,0x20,0x66,0x61,0x6c,0x73,0x65,0xd,0xa,0x7d,0xd,0xa,
    // FlowMoveEffect.qml
  0x0,0x0,0xb,0xae,
  0x2f,
  0x2a,0x2a,0x2a,0x2a,0x2a,0x2a,0x2a,0x2a,0x2a,0x2a,0x2a,0x2a,0x2a,0x2a,0x2a,0x2a,
  0x2a,0x2a,0x2a,0x2a,0x2a,0x2a,0x2a,0x2a,0x2a,0x2a,0x2a,0x2a,0x2a,0x2a,0x2a,0x2a,
  0x2a,0x2a,0x2a,0x2a,0x2a,0x2a,0x2a,0x2a,0x2a,0x2a,0x2a,0x2a,0x2a,0x2a,0x2a,0x2a,
  0x2a,0x2a,0x2a,0x2a,0x2a,0x2a,0x2a,0x2a,0x2a,0x2a,0x2a,0x2a,0x2a,0x2a,0x2a,0x2a,
  0x2a,0x2a,0x2a,0x2a,0x2a,0x2a,0x2a,0x2a,0x2a,0x2a,0x2a,0x2a,0xd,0xa,0x2a,0x2a,
  0xd,0xa,0x2a,0x2a,0x20,0x43,0x6f,0x70,0x79,0x72,0x69,0x67,0x68,0x74,0x20,0x28,
  0x43,0x29,0x20,0x32,0x30,0x31,0x38,0x20,0x54,0x68,0x65,0x20,0x51,0x74,0x20,0x43,
  0x6f,0x6d,0x70,0x61,0x6e,0x79,0x20,0x4c,0x74,0x64,0x2e,0xd,0xa,0x2a,0x2a,0x20,
  0x43,0x6f,0x6e,0x74,0x61,0x63,0x74,0x3a,0x20,0x68,0x74,0x74,0x70,0x73,0x3a,0x2f,
  0x2f,0x77,0x77,0x77,0x2e,0x71,0x74,0x2e,0x69,0x6f,0x2f,0x6c,0x69,0x63,0x65,0x6e,
  0x73,0x69,0x6e,0x67,0x2f,0xd,0xa,0x2a,0x2a,0xd,0xa,0x2a,0x2a,0x20,0x54,0x68,
  0x69,0x73,0x20,0x66,0x69,0x6c,0x65,0x20,0x69,0x73,0x20,0x70,0x61,0x72,0x74,0x20,
  0x6f,0x66,0x20,0x51,0x74,0x20,0x51,0x75,0x69,0x63,0x6b,0x20,0x44,0x65,0x73,0x69,
  0x67,0x6e,0x65,0x72,0x20,0x43,0x6f,0x6d,0x70,0x6f,0x6e,0x65,0x6e,0x74,0x73,0x2e,
  0xd,0xa,0x2a,0x2a,0xd,0xa,0x2a,0x2a,0x20,0x24,0x51,0x54,0x5f,0x42,0x45,0x47,
  0x49,0x4e,0x5f,0x4c,0x49,0x43,0x45,0x4e,0x53,0x45,0x3a,0x47,0x50,0x4c,0x24,0xd,
  0xa,0x2a,0x2a,0x20,0x43,0x6f,0x6d,0x6d,0x65,0x72,0x63,0x69,0x61,0x6c,0x20,0x4c,
  0x69,0x63,0x65,0x6e,0x73,0x65,0x20,0x55,0x73,0x61,0x67,0x65,0xd,0xa,0x2a,0x2a,
  0x20,0x4c,0x69,0x63,0x65,0x6e,0x73,0x65,0x65,0x73,0x20,0x68,0x6f,0x6c,0x64,0x69,
  0x6e,0x67,0x20,0x76,0x61,0x6c,0x69,0x64,0x20,0x63,0x6f,0x6d,0x6d,0x65,0x72,0x63,
  0x69,0x61,0x6c,0x20,0x51,0x74,0x20,0x6c,0x69,0x63,0x65,0x6e,0x73,0x65,0x73,0x20,
  0x6d,0x61,0x79,0x20,0x75,0x73,0x65,0x20,0x74,0x68,0x69,0x73,0x20,0x66,0x69,0x6c,
  0x65,0x20,0x69,0x6e,0xd,0xa,0x2a,0x2a,0x20,0x61,0x63,0x63,0x6f,0x72,0x64,0x61,
  0x6e,0x63,0x65,0x20,0x77,0x69,0x74,0x68,0x20,0x74,0x68,0x65,0x20,0x63,0x6f,0x6d,
  0x6d,0x65,0x72,0x63,0x69,0x61,0x6c,0x20,0x6c,0x69,0x63,0x65,0x6e,0x73,0x65,0x20,
  0x61,0x67,0x72,0x65,0x65,0x6d,0x65,0x6e,0x74,0x20,0x70,0x72,0x6f,0x76,0x69,0x64,
  0x65,0x64,0x20,0x77,0x69,0x74,0x68,0x20,0x74,0x68,0x65,0xd,0xa,0x2a,0x2a,0x20,
  0x53,0x6f,0x66,0x74,0x77,0x61,0x72,0x65,0x20,0x6f,0x72,0x2c,0x20,0x61,0x6c,0x74,
  0x65,0x72,0x6e,0x61,0x74,0x69,0x76,0x65,0x6c,0x79,0x2c,0x20,0x69,0x6e,0x20,0x61,
  0x63,0x63,0x6f,0x72,0x64,0x61,0x6e,0x63,0x65,0x20,0x77,0x69,0x74,0x68,0x20,0x74,
  0x68,0x65,0x20,0x74,0x65,0x72,0x6d,0x73,0x20,0x63,0x6f,0x6e,0x74,0x61,0x69,0x6e,
  0x65,0x64,0x20,0x69,0x6e,0xd,0xa,0x2a,0x2a,0x20,0x61,0x20,0x77,0x72,0x69,0x74,
  0x74,0x65,0x6e,0x20,0x61,0x67,0x72,0x65,0x65,0x6d,0x65,0x6e,0x74,0x20,0x62,0x65,
  0x74,0x77,0x65,0x65,0x6e,0x20,0x79,0x6f,0x75,0x20,0x61,0x6e,0x64,0x20,0x54,0x68,
  0x65,0x20,0x51,0x74,0x20,0x43,0x6f,0x6d,0x70,0x61,0x6e,0x79,0x2e,0x20,0x46,0x6f,
  0x72,0x20,0x6c,0x69,0x63,0x65,0x6e,0x73,0x69,0x6e,0x67,0x20,0x74,0x65,0x72,0x6d,
  0x73,0xd,0xa,0x2a,0x2a,0x20,0x61,0x6e,0x64,0x20,0x63,0x6f,0x6e,0x64,0x69,0x74,
  0x69,0x6f,0x6e,0x73,0x20,0x73,0x65,0x65,0x20,0x68,0x74,0x74,0x70,0x73,0x3a,0x2f,
  0x2f,0x77,0x77,0x77,0x2e,0x71,0x74,0x2e,0x69,0x6f,0x2f,0x74,0x65,0x72,0x6d,0x73,
  0x2d,0x63,0x6f,0x6e,0x64,0x69,0x74,0x69,0x6f,0x6e,0x73,0x2e,0x20,0x46,0x6f,0x72,
  0x20,0x66,0x75,0x72,0x74,0x68,0x65,0x72,0xd,0xa,0x2a,0x2a,0x20,0x69,0x6e,0x66,
  0x6f,0x72,0x6d,0x61,0x74,0x69,0x6f,0x6e,0x20,0x75,0x73,0x65,0x20,0x74,0x68,0x65,
  0x20,0x63,0x6f,0x6e,0x74,0x61,0x63,0x74,0x20,0x66,0x6f,0x72,0x6d,0x20,0x61,0x74,
  0x20,0x68,0x74,0x74,0x70,0x73,0x3a,0x2f,0x2f,0x77,0x77,0x77,0x2e,0x71,0x74,0x2e,
  0x69,0x6f,0x2f,0x63,0x6f,0x6e,0x74,0x61,0x63,0x74,0x2d,0x75,0x73,0x2e,0xd,0xa,
  0x2a,0x2a,0xd,0xa,0x2a,0x2a,0x20,0x47,0x4e,0x55,0x20,0x47,0x65,0x6e,0x65,0x72,
  0x61,0x6c,0x20,0x50,0x75,0x62,0x6c,0x69,0x63,0x20,0x4c,0x69,0x63,0x65,0x6e,0x73,
  0x65,0x20,0x55,0x73,0x61,0x67,0x65,0xd,0xa,0x2a,0x2a,0x20,0x41,0x6c,0x74,0x65,
  0x72,0x6e,0x61,0x74,0x69,0x76,0x65,0x6c,0x79,0x2c,0x20,0x74,0x68,0x69,0x73,0x20,
  0x66,0x69,0x6c,0x65,0x20,0x6d,0x61,0x79,0x20,0x62,0x65,0x20,0x75,0x73,0x65,0x64,
  0x20,0x75,0x6e,0x64,0x65,0x72,0x20,0x74,0x68,0x65,0x20,0x74,0x65,0x72,0x6d,0x73,
  0x20,0x6f,0x66,0x20,0x74,0x68,0x65,0x20,0x47,0x4e,0x55,0xd,0xa,0x2a,0x2a,0x20,
  0x47,0x65,0x6e,0x65,0x72,0x61,0x6c,0x20,0x50,0x75,0x62,0x6c,0x69,0x63,0x20,0x4c,
  0x69,0x63,0x65,0x6e,0x73,0x65,0x20,0x76,0x65,0x72,0x73,0x69,0x6f,0x6e,0x20,0x33,
  0x20,0x6f,0x72,0x20,0x28,0x61,0x74,0x20,0x79,0x6f,0x75,0x72,0x20,0x6f,0x70,0x74,
  0x69,0x6f,0x6e,0x29,0x20,0x61,0x6e,0x79,0x20,0x6c,0x61,0x74,0x65,0x72,0x20,0x76,
  0x65,0x72,0x73,0x69,0x6f,0x6e,0xd,0xa,0x2a,0x2a,0x20,0x61,0x70,0x70,0x72,0x6f,
  0x76,0x65,0x64,0x20,0x62,0x79,0x20,0x74,0x68,0x65,0x20,0x4b,0x44,0x45,0x20,0x46,
  0x72,0x65,0x65,0x20,0x51,0x74,0x20,0x46,0x6f,0x75,0x6e,0x64,0x61,0x74,0x69,0x6f,
  0x6e,0x2e,0x20,0x54,0x68,0x65,0x20,0x6c,0x69,0x63,0x65,0x6e,0x73,0x65,0x73,0x20,
  0x61,0x72,0x65,0x20,0x61,0x73,0x20,0x70,0x75,0x62,0x6c,0x69,0x73,0x68,0x65,0x64,
  0x20,0x62,0x79,0xd,0xa,0x2a,0x2a,0x20,0x74,0x68,0x65,0x20,0x46,0x72,0x65,0x65,
  0x20,0x53,0x6f,0x66,0x74,0x77,0x61,0x72,0x65,0x20,0x46,0x6f,0x75,0x6e,0x64,0x61,
  0x74,0x69,0x6f,0x6e,0x20,0x61,0x6e,0x64,0x20,0x61,0x70,0x70,0x65,0x61,0x72,0x69,
  0x6e,0x67,0x20,0x69,0x6e,0x20,0x74,0x68,0x65,0x20,0x66,0x69,0x6c,0x65,0x20,0x4c,
  0x49,0x43,0x45,0x4e,0x53,0x45,0x2e,0x47,0x50,0x4c,0x33,0xd,0xa,0x2a,0x2a,0x20,
  0x69,0x6e,0x63,0x6c,0x75,0x64,0x65,0x64,0x20,0x69,0x6e,0x20,0x74,0x68,0x65,0x20,
  0x70,0x61,0x63,0x6b,0x61,0x67,0x69,0x6e,0x67,0x20,0x6f,0x66,0x20,0x74,0x68,0x69,
  0x73,0x20,0x66,0x69,0x6c,0x65,0x2e,0x20,0x50,0x6c,0x65,0x61,0x73,0x65,0x20,0x72,
  0x65,0x76,0x69,0x65,0x77,0x20,0x74,0x68,0x65,0x20,0x66,0x6f,0x6c,0x6c,0x6f,0x77,
  0x69,0x6e,0x67,0xd,0xa,0x2a,0x2a,0x20,0x69,0x6e,0x66,0x6f,0x72,0x6d,0x61,0x74,
  0x69,0x6f,0x6e,0x20,0x74,0x6f,0x20,0x65,0x6e,0x73,0x75,0x72,0x65,0x20,0x74,0x68,
  0x65,0x20,0x47,0x4e,0x55,0x20,0x47,0x65,0x6e,0x65,0x72,0x61,0x6c,0x20,0x50,0x75,
  0x62,0x6c,0x69,0x63,0x20,0x4c,0x69,0x63,0x65,0x6e,0x73,0x65,0x20,0x72,0x65,0x71,
  0x75,0x69,0x72,0x65,0x6d,0x65,0x6e,0x74,0x73,0x20,0x77,0x69,0x6c,0x6c,0xd,0xa,
  0x2a,0x2a,0x20,0x62,0x65,0x20,0x6d,0x65,0x74,0x3a,0x20,0x68,0x74,0x74,0x70,0x73,
  0x3a,0x2f,0x2f,0x77,0x77,0x77,0x2e,0x67,0x6e,0x75,0x2e,0x6f,0x72,0x67,0x2f,0x6c,
  0x69,0x63,0x65,0x6e,0x73,0x65,0x73,0x2f,0x67,0x70,0x6c,0x2d,0x33,0x2e,0x30,0x2e,
  0x68,0x74,0x6d,0x6c,0x2e,0xd,0xa,0x2a,0x2a,0xd,0xa,0x2a,0x2a,0x20,0x24,0x51,
  0x54,0x5f,0x45,0x4e,0x44,0x5f,0x4c,0x49,0x43,0x45,0x4e,0x53,0x45,0x24,0xd,0xa,
  0x2a,0x2a,0xd,0xa,0x2a,0x2a,0x2a,0x2a,0x2a,0x2a,0x2a,0x2a,0x2a,0x2a,0x2a,0x2a,
  0x2a,0x2a,0x2a,0x2a,0x2a,0x2a,0x2a,0x2a,0x2a,0x2a,0x2a,0x2a,0x2a,0x2a,0x2a,0x2a,
  0x2a,0x2a,0x2a,0x2a,0x2a,0x2a,0x2a,0x2a,0x2a,0x2a,0x2a,0x2a,0x2a,0x2a,0x2a,0x2a,
  0x2a,0x2a,0x2a,0x2a,0x2a,0x2a,0x2a,0x2a,0x2a,0x2a,0x2a,0x2a,0x2a,0x2a,0x2a,0x2a,
  0x2a,0x2a,0x2a,0x2a,0x2a,0x2a,0x2a,0x2a,0x2a,0x2a,0x2a,0x2a,0x2a,0x2a,0x2a,0x2a,
  0x2f,0xd,0xa,0xd,0xa,0x69,0x6d,0x70,0x6f,0x72,0x74,0x20,0x51,0x74,0x51,0x75,
  0x69,0x63,0x6b,0x20,0x32,0x2e,0x31,0x30,0xd,0xa,0x69,0x6d,0x70,0x6f,0x72,0x74,
  0x20,0x51,0x74,0x51,0x75,0x69,0x63,0x6b,0x2e,0x54,0x69,0x6d,0x65,0x6c,0x69,0x6e,
  0x65,0x20,0x31,0x2e,0x30,0xd,0xa,0xd,0xa,0x46,0x6c,0x6f,0x77,0x45,0x66,0x66,
  0x65,0x63,0x74,0x20,0x7b,0xd,0xa,0x20,0x20,0x20,0x20,0x69,0x64,0x3a,0x20,0x65,
  0x66,0x66,0x65,0x63,0x74,0xd,0xa,0xd,0xa,0x20,0x20,0x20,0x20,0x70,0x72,0x6f,
  0x70,0x65,0x72,0x74,0x79,0x20,0x72,0x65,0x61,0x6c,0x20,0x69,0x74,0x65,0x6d,0x48,
  0x65,0x69,0x67,0x68,0x74,0x3a,0x20,0x74,0x72,0x61,0x6e,0x73,0x69,0x74,0x69,0x6f,
  0x6e,0x56,0x69,0x65,0x77,0x2e,0x68,0x65,0x69,0x67,0x68,0x74,0xd,0xa,0x20,0x20,
  0x20,0x20,0x70,0x72,0x6f,0x70,0x65,0x72,0x74,0x79,0x20,0x69,0x6e,0x74,0x20,0x64,
  0x69,0x72,0x65,0x63,0x74,0x69,0x6f,0x6e,0x3a,0x20,0x30,0xd,0xa,0x20,0x20,0x20,
  0x20,0x2f,0x2f,0x6c,0x65,0x66,0x74,0x2c,0x20,0x72,0x69,0x67,0x68,0x74,0x2c,0x20,
  0x75,0x70,0x2c,0x20,0x64,0x6f,0x77,0x6e,0xd,0xa,0xd,0xa,0x20,0x20,0x20,0x20,
  0x64,0x75,0x72,0x61,0x74,0x69,0x6f,0x6e,0x3a,0x20,0x32,0x35,0x30,0xd,0xa,0x20,
  0x20,0x20,0x20,0x6f,0x6e,0x53,0x74,0x61,0x72,0x74,0x65,0x64,0x3a,0x20,0x7b,0xd,
  0xa,0x20,0x20,0x20,0x20,0x20,0x20,0x20,0x20,0x67,0x72,0x6f,0x75,0x70,0x30,0x31,
  0x2e,0x74,0x61,0x72,0x67,0x65,0x74,0x20,0x3d,0x20,0x65,0x66,0x66,0x65,0x63,0x74,
  0x2e,0x74,0x72,0x61,0x6e,0x73,0x69,0x74,0x69,0x6f,0x6e,0x56,0x69,0x65,0x77,0x2e,
  0x5f,0x5f,0x74,0x6f,0x43,0x6f,0x6e,0x74,0x65,0x6e,0x74,0x49,0x74,0x65,0x6d,0xd,
  0xa,0x20,0x20,0x20,0x20,0x20,0x20,0x20,0x20,0x67,0x72,0x6f,0x75,0x70,0x30,0x32,
  0x2e,0x74,0x61,0x72,0x67,0x65,0x74,0x20,0x3d,0x20,0x65,0x66,0x66,0x65,0x63,0x74,
  0x2e,0x74,0x72,0x61,0x6e,0x73,0x69,0x74,0x69,0x6f,0x6e,0x56,0x69,0x65,0x77,0x2e,
  0x5f,0x5f,0x74,0x6f,0x43,0x6f,0x6e,0x74,0x65,0x6e,0x74,0x49,0x74,0x65,0x6d,0xd,
  0xa,0x20,0x20,0x20,0x20,0x7d,0xd,0xa,0xd,0xa,0x20,0x20,0x20,0x20,0x74,0x69,
  0x6d,0x65,0x6c,0x69,0x6e,0x65,0x3a,0x20,0x54,0x69,0x6d,0x65,0x6c,0x69,0x6e,0x65,
  0x20,0x7b,0xd,0xa,0x20,0x20,0x20,0x20,0x20,0x20,0x20,0x20,0x73,0x74,0x61,0x72,
  0x74,0x46,0x72,0x61,0x6d,0x65,0x3a,0x20,0x30,0xd,0xa,0x20,0x20,0x20,0x20,0x20,
  0x20,0x20,0x20,0x65,0x6e,0x64,0x46,0x72,0x61,0x6d,0x65,0x3a,0x20,0x31,0x30,0x30,
  0x30,0xd,0xa,0xd,0xa,0x20,0x20,0x20,0x20,0x20,0x20,0x20,0x20,0x4b,0x65,0x79,
  0x66,0x72,0x61,0x6d,0x65,0x47,0x72,0x6f,0x75,0x70,0x20,0x7b,0xd,0xa,0x20,0x20,
  0x20,0x20,0x20,0x20,0x20,0x20,0x20,0x20,0x20,0x20,0x69,0x64,0x3a,0x20,0x67,0x72,
  0x6f,0x75,0x70,0x30,0x31,0xd,0xa,0xd,0xa,0x20,0x20,0x20,0x20,0x20,0x20,0x20,
  0x20,0x20,0x20,0x20,0x20,0x70,0x72,0x6f,0x70,0x65,0x72,0x74,0x79,0x3a,0x20,0x22,
  0x78,0x22,0xd,0xa,0xd,0xa,0x20,0x20,0x20,0x20,0x20,0x20,0x20,0x20,0x20,0x20,
  0x20,0x20,0x4b,0x65,0x79,0x66,0x72,0x61,0x6d,0x65,0x20,0x7b,0xd,0xa,0x20,0x20,
  0x20,0x20,0x20,0x20,0x20,0x20,0x20,0x20,0x20,0x20,0x20,0x20,0x20,0x20,0x66,0x72,
  0x61,0x6d,0x65,0x3a,0x20,0x30,0xd,0xa,0xd,0xa,0x20,0x20,0x20,0x20,0x20,0x20,
  0x20,0x20,0x20,0x20,0x20,0x20,0x20,0x20,0x20,0x20,0x76,0x61,0x6c,0x75,0x65,0x3a,
  0x20,0x7b,0xd,0xa,0x20,0x20,0x20,0x20,0x20,0x20,0x20,0x20,0x20,0x20,0x20,0x20,
  0x20,0x20,0x20,0x20,0x20,0x20,0x20,0x20,0x69,0x66,0x20,0x28,0x65,0x66,0x66,0x65,
  0x63,0x74,0x2e,0x64,0x69,0x72,0x65,0x63,0x74,0x69,0x6f,0x6e,0x20,0x3d,0x3d,0x3d,
  0x20,0x30,0x29,0xd,0xa,0x20,0x20,0x20,0x20,0x20,0x20,0x20,0x20,0x20,0x20,0x20,
  0x20,0x20,0x20,0x20,0x20,0x20,0x20,0x20,0x20,0x20,0x20,0x20,0x20,0x72,0x65,0x74,
  0x75,0x72,0x6e,0x20,0x2d,0x65,0x66,0x66,0x65,0x63,0x74,0x2e,0x74,0x72,0x61,0x6e,
  0x73,0x69,0x74,0x69,0x6f,0x6e,0x56,0x69,0x65,0x77,0x2e,0x77,0x69,0x64,0x74,0x68,
  0xd,0xa,0x20,0x20,0x20,0x20,0x20,0x20,0x20,0x20,0x20,0x20,0x20,0x20,0x20,0x20,
  0x20,0x20,0x20,0x20,0x20,0x20,0x69,0x66,0x20,0x28,0x65,0x66,0x66,0x65,0x63,0x74,
  0x2e,0x64,0x69,0x72,0x65,0x63,0x74,0x69,0x6f,0x6e,0x20,0x3d,0x3d,0x3d,0x20,0x31,
  0x29,0xd,0xa,0x20,0x20,0x20,0x20,0x20,0x20,0x20,0x20,0x20,0x20,0x20,0x20,0x20,
  0x20,0x20,0x20,0x20,0x20,0x20,0x20,0x20,0x20,0x20,0x20,0x72,0x65,0x74,0x75,0x72,
  0x6e,0x20,0x65,0x66,0x66,0x65,0x63,0x74,0x2e,0x74,0x72,0x61,0x6e,0x73,0x69,0x74,
  0x69,0x6f,0x6e,0x56,0x69,0x65,0x77,0x2e,0x77,0x69,0x64,0x74,0x68,0xd,0xa,0x20,
  0x20,0x20,0x20,0x20,0x20,0x20,0x20,0x20,0x20,0x20,0x20,0x20,0x20,0x20,0x20,0x20,
  0x20,0x20,0x20,0x72,0x65,0x74,0x75,0x72,0x6e,0x20,0x30,0xd,0xa,0x20,0x20,0x20,
  0x20,0x20,0x20,0x20,0x20,0x20,0x20,0x20,0x20,0x20,0x20,0x20,0x20,0x7d,0xd,0xa,
  0x20,0x20,0x20,0x20,0x20,0x20,0x20,0x20,0x20,0x20,0x20,0x20,0x7d,0xd,0xa,0xd,
  0xa,0x20,0x20,0x20,0x20,0x20,0x20,0x20,0x20,0x20,0x20,0x20,0x20,0x4b,0x65,0x79,
  0x66,0x72,0x61,0x6d,0x65,0x20,0x7b,0xd,0xa,0x20,0x20,0x20,0x20,0x20,0x20,0x20,
  0x20,0x20,0x20,0x20,0x20,0x20,0x20,0x20,0x20,0x66,0x72,0x61,0x6d,0x65,0x3a,0x20,
  0x31,0x30,0x30,0x30,0xd,0xa,0x20,0x20,0x20,0x20,0x20,0x20,0x20,0x20,0x20,0x20,
  0x20,0x20,0x20,0x20,0x20,0x20,0x76,0x61,0x6c,0x75,0x65,0x3a,0x20,0x30,0xd,0xa,
  0x20,0x20,0x20,0x20,0x20,0x20,0x20,0x20,0x20,0x20,0x20,0x20,0x20,0x20,0x20,0x20,
  0x65,0x61,0x73,0x69,0x6e,0x67,0x3a,0x20,0x65,0x66,0x66,0x65,0x63,0x74,0x2e,0x65,
  0x61,0x73,0x69,0x6e,0x67,0xd,0xa,0x20,0x20,0x20,0x20,0x20,0x20,0x20,0x20,0x20,
  0x20,0x20,0x20,0x7d,0xd,0xa,0x20,0x20,0x20,0x20,0x20,0x20,0x20,0x20,0x7d,0xd,
  0xa,0xd,0xa,0xd,0xa,0x20,0x20,0x20,0x20,0x20,0x20,0x20,0x20,0x4b,0x65,0x79,
  0x66,0x72,0x61,0x6d,0x65,0x47,0x72,0x6f,0x75,0x70,0x20,0x7b,0xd,0xa,0x20,0x20,
  0x20,0x20,0x20,0x20,0x20,0x20,0x20,0x20,0x20,0x20,0x69,0x64,0x3a,0x20,0x67,0x72,
  0x6f,0x75,0x70,0x30,0x32,0xd,0xa,0xd,0xa,0x20,0x20,0x20,0x20,0x20,0x20,0x20,
  0x20,0x20,0x20,0x20,0x20,0x70,0x72,0x6f,0x70,0x65,0x72,0x74,0x79,0x3a,0x20,0x22,
  0x79,0x22,0xd,0xa,0xd,0xa,0x20,0x20,0x20,0x20,0x20,0x20,0x20,0x20,0x20,0x20,
  0x20,0x20,0x4b,0x65,0x79,0x66,0x72,0x61,0x6d,0x65,0x20,0x7b,0xd,0xa,0x20,0x20,
  0x20,0x20,0x20,0x20,0x20,0x20,0x20,0x20,0x20,0x20,0x20,0x20,0x20,0x20,0x66,0x72,
  0x61,0x6d,0x65,0x3a,0x20,0x30,0xd,0xa,0xd,0xa,0x20,0x20,0x20,0x20,0x20,0x20,
  0x20,0x20,0x20,0x20,0x20,0x20,0x20,0x20,0x20,0x20,0x76,0x61,0x6c,0x75,0x65,0x3a,
  0x20,0x7b,0xd,0xa,0x20,0x20,0x20,0x20,0x20,0x20,0x20,0x20,0x20,0x20,0x20,0x20,
  0x20,0x20,0x20,0x20,0x20,0x20,0x20,0x20,0x69,0x66,0x20,0x28,0x65,0x66,0x66,0x65,
  0x63,0x74,0x2e,0x64,0x69,0x72,0x65,0x63,0x74,0x69,0x6f,0x6e,0x20,0x3d,0x3d,0x3d,
  0x20,0x32,0x29,0xd,0xa,0x20,0x20,0x20,0x20,0x20,0x20,0x20,0x20,0x20,0x20,0x20,
  0x20,0x20,0x20,0x20,0x20,0x20,0x20,0x20,0x20,0x20,0x20,0x20,0x20,0x72,0x65,0x74,
  0x75,0x72,0x6e,0x20,0x2d,0x65,0x66,0x66,0x65,0x63,0x74,0x2e,0x69,0x74,0x65,0x6d,
  0x48,0x65,0x69,0x67,0x68,0x74,0xd,0xa,0x20,0x20,0x20,0x20,0x20,0x20,0x20,0x20,
  0x20,0x20,0x20,0x20,0x20,0x20,0x20,0x20,0x20,0x20,0x20,0x20,0x69,0x66,0x20,0x28,
  0x65,0x66,0x66,0x65,0x63,0x74,0x2e,0x64,0x69,0x72,0x65,0x63,0x74,0x69,0x6f,0x6e,
  0x20,0x3d,0x3d,0x3d,0x20,0x33,0x29,0xd,0xa,0x20,0x20,0x20,0x20,0x20,0x20,0x20,
  0x20,0x20,0x20,0x20,0x20,0x20,0x20,0x20,0x20,0x20,0x20,0x20,0x20,0x20,0x20,0x20,
  0x20,0x72,0x65,0x74,0x75,0x72,0x6e,0x20,0x65,0x66,0x66,0x65,0x63,0x74,0x2e,0x69,
  0x74,0x65,0x6d,0x48,0x65,0x69,0x67,0x68,0x74,0xd,0xa,0x20,0x20,0x20,0x20,0x20,
  0x20,0x20,0x20,0x20,0x20,0x20,0x20,0x20,0x20,0x20,0x20,0x20,0x20,0x20,0x20,0x72,
  0x65,0x74,0x75,0x72,0x6e,0x20,0x30,0xd,0xa,0x20,0x20,0x20,0x20,0x20,0x20,0x20,
  0x20,0x20,0x20,0x20,0x20,0x20,0x20,0x20,0x20,0x7d,0xd,0xa,0x20,0x20,0x20,0x20,
  0x20,0x20,0x20,0x20,0x20,0x20,0x20,0x20,0x7d,0xd,0xa,0xd,0xa,0x20,0x20,0x20,
  0x20,0x20,0x20,0x20,0x20,0x20,0x20,0x20,0x20,0x4b,0x65,0x79,0x66,0x72,0x61,0x6d,
  0x65,0x20,0x7b,0xd,0xa,0x20,0x20,0x20,0x20,0x20,0x20,0x20,0x20,0x20,0x20,0x20,
  0x20,0x20,0x20,0x20,0x20,0x66,0x72,0x61,0x6d,0x65,0x3a,0x20,0x31,0x30,0x30,0x30,
  0xd,0xa,0x20,0x20,0x20,0x20,0x20,0x20,0x20,0x20,0x20,0x20,0x20,0x20,0x20,0x20,
  0x20,0x20,0x76,0x61,0x6c,0x75,0x65,0x3a,0x20,0x30,0xd,0xa,0x20,0x20,0x20,0x20,
  0x20,0x20,0x20,0x20,0x20,0x20,0x20,0x20,0x20,0x20,0x20,0x20,0x65,0x61,0x73,0x69,
  0x6e,0x67,0x3a,0x20,0x65,0x66,0x66,0x65,0x63,0x74,0x2e,0x65,0x61,0x73,0x69,0x6e,
  0x67,0xd,0xa,0x20,0x20,0x20,0x20,0x20,0x20,0x20,0x20,0x20,0x20,0x20,0x20,0x7d,
  0xd,0xa,0x20,0x20,0x20,0x20,0x20,0x20,0x20,0x20,0x7d,0xd,0xa,0xd,0xa,0xd,
  0xa,0xd,0xa,0x20,0x20,0x20,0x20,0x7d,0xd,0xa,0x7d,0xd,0xa,
    // qmldir
  0x0,0x0,0x1,0x4f,
  0x28,
  0xb5,0x2f,0xfd,0x60,0xf4,0x5,0x2d,0xa,0x0,0x72,0xcb,0x22,0x18,0x50,0x77,0xe,
  0x3c,0x46,0xc2,0x60,0x5,0x5b,0x6c,0x63,0x81,0x11,0x9b,0x57,0x93,0x4a,0xfa,0xa5,
  0x29,0x67,0xca,0xb6,0xd6,0x40,0xf0,0x6d,0xd8,0x93,0xf6,0x4a,0x6b,0x72,0x3d,0xdc,
  0xcd,0x30,0x1e,0x37,0x48,0x45,0xc9,0xd3,0x2b,0x53,0x7b,0x1c,0xdb,0x56,0xfe,0x57,
  0x5e,0xce,0x75,0xc2,0xd,0xfa,0xb7,0xa3,0xcc,0xb3,0xe8,0xff,0xf4,0xe8,0xb1,0x91,
  0xe5,0xf3,0xcb,0x62,0xe7,0x5d,0xed,0x72,0x55,0xae,0xf9,0x46,0x98,0xfc,0x93,0x72,
  0x53,0x70,0xdb,0x9e,0xca,0x66,0xec,0x3d,0x17,0x88,0xa1,0x10,0x9a,0xda,0xaa,0x42,
  0x5a,0x72,0xb0,0xda,0x3,0x8,0xaa,0xc4,0xb4,0x81,0x56,0x93,0x37,0xfb,0x1a,0x8,
  0xe2,0xf6,0x46,0xb3,0x8c,0xab,0xdb,0x4e,0x8b,0xeb,0x46,0x20,0xf0,0x96,0x25,0x8f,
  0xca,0x44,0x58,0xc9,0x45,0x8a,0x5,0x5b,0xa0,0x41,0x3e,0x11,0x93,0x82,0x24,0x1b,
  0xdb,0x1,0x80,0x28,0x42,0x57,0x9a,0x3,0x78,0x14,0x36,0x8,0x64,0x59,0x76,0x22,
  0x14,0xeb,0x75,0xf5,0x6f,0xde,0xbd,0xa0,0x2a,0xaf,0x2e,0xbd,0x84,0x89,0x94,0x2e,
  0x81,0xb0,0x4b,0xe3,0x44,0xb2,0xe9,0x37,0x36,0xfc,0x3a,0x1d,0x62,0x3b,0x7a,0x11,
  0x37,0x47,0xd,0xa9,0xab,0xbd,0x92,0x61,0xb0,0xe8,0xb8,0xd,0xb3,0xae,0x58,0x7a,
  0x13,0x81,0x61,0xe9,0xa5,0x8a,0x9e,0x8c,0x2a,0x34,0xf,0x7d,0xcd,0xc8,0x6e,0xb8,
  0xda,0x17,0x12,0x42,0x32,0x24,0xbb,0x2f,0x88,0x90,0x22,0x8c,0x6b,0x69,0x76,0x53,
  0x4,0xf,0x73,0x70,0x67,0xd6,0xed,0x9f,0x76,0x9c,0xad,0xa3,0x2,0x32,0x3d,0xa1,
  0x58,0x74,0x4d,0xe8,0xa6,0x7,0xb4,0xa5,0xb3,0x4b,0xba,0xc4,0x53,0x87,0x57,0x5d,
  0x8b,0x74,0x91,0x24,0x1d,0x52,0x75,0x49,0x5,0x67,0xc3,0xca,0x61,0x5a,0xa9,0xa0,
  0xdb,0x9a,0xf0,0x2c,0x2,0xce,0xaa,0x7b,0xb,0x77,0x8d,0x46,0x1b,0xc7,0xa5,0x76,
  0x68,0x5a,0x67,0xbb,0x7c,0xfe,0x86,0x9,0xb3,0x22,0x26,0xed,0x54,0x1,
    // FlowPushEffect.qml
  0x0,0x0,0x4,0x6b,
  0x28,
  0xb5,0x2f,0xfd,0x60,0x3b,0x17,0xd,0x23,0x0,0xd6,0x31,0x8f,0x27,0x0,0x93,0xd4,
  0x1,0xec,0x18,0x63,0x93,0x8b,0x26,0x2b,0x79,0x5a,0x48,0x9a,0x4c,0x1c,0x75,0xfd,
  0xfd,0x7b,0xdf,0x8a,0x8,0x3b,0x8a,0x5b,0x6,0x60,0x4f,0x99,0x68,0x7f,0xff,0xff,
  0x1d,0x4b,0xf0,0x2,0x88,0x0,0x7a,0x0,0x82,0x0,0x4f,0x69,0x9b,0x63,0x28,0x49,
  0x6d,0xfb,0x19,0xb1,0x77,0x9a,0xf5,0xf8,0xa4,0x3b,0x7d,0x8d,0x73,0x6a,0xd5,0x3d,
  0x58,0x3d,0x66,0x52,0x2d,0x6a,0x3c,0x27,0xfe,0x9a,0x4a,0x9c,0x96,0x35,0x30,0x61,
  0xf1,0x10,0x69,0x30,0x28,0x34,0x99,0x88,0x9,0xe,0x8a,0x88,0x7,0x4d,0x3,0x47,
  0xc6,0xc5,0xc0,0x13,0x7b,0x73,0x21,0xe7,0x52,0x1a,0xd3,0xe1,0x1e,0x92,0x62,0x17,
  0x13,0x7c,0x73,0xbb,0x1e,0xf5,0xf9,0x74,0x7a,0xd4,0x2a,0x83,0x42,0xad,0xc6,0x4d,
  0x49,0x1f,0x5,0xea,0xd3,0x1f,0x4f,0x96,0x65,0x14,0x4a,0x14,0xaf,0xee,0xea,0x51,
  0x4b,0xad,0xf7,0x71,0x3d,0xf1,0xce,0xb6,0xcb,0x82,0x99,0xf7,0xc5,0xb3,0xca,0x38,
  0x64,0x81,0x2c,0x2f,0xc8,0x10,0xbc,0x2b,0x4a,0xb9,0x73,0xc1,0xcc,0x1,0x2,0xc,
  0x28,0x1,0x18,0xdc,0x24,0x6f,0xae,0x71,0x90,0xe8,0x74,0xdc,0xe5,0xc5,0xd9,0xed,
  0xbd,0xe0,0x82,0xe7,0x6e,0x4,0x67,0xf8,0x4b,0xe4,0xe4,0x4c,0x90,0xd3,0x2d,0x76,
  0x97,0x1d,0xc,0x92,0xbe,0xe,0xcc,0xe2,0xaf,0x71,0x6e,0x3e,0x5c,0x83,0xe2,0x1,
  0x9b,0x74,0xfb,0x9b,0xc5,0x70,0x5a,0xe5,0xac,0x9a,0xb1,0x69,0x92,0x19,0x1f,0x17,
  0x6a,0xab,0x73,0x7b,0x86,0x9b,0x3f,0x6e,0xdb,0x31,0xd8,0xf9,0x66,0x66,0x9d,0x1d,
  0x9b,0xdd,0xca,0xd9,0x5d,0xae,0x4a,0x8f,0x16,0x67,0xaf,0x5e,0xd2,0x79,0xc9,0xd1,
  0x6e,0xcb,0xd9,0xaf,0x5d,0xc2,0xf0,0xc9,0x2d,0xeb,0x9,0x62,0xb8,0x74,0xca,0x81,
  0x7c,0xbd,0x37,0xad,0x4c,0xa6,0xda,0xb3,0xea,0x57,0xad,0x59,0x8f,0x42,0x81,0x1e,
  0x49,0xc9,0xea,0xde,0xab,0x8d,0xc1,0x4e,0xab,0xd4,0xae,0x8a,0xd5,0xca,0xa3,0x7c,
  0x4d,0x8a,0x7f,0x2d,0xf9,0x9d,0xe6,0xbc,0x20,0x5f,0xf9,0xc8,0xe9,0xff,0x3,0x4,
  0x88,0xbc,0xa5,0x9c,0x26,0x4d,0x6,0xdf,0x6,0x7a,0x2a,0xcf,0xd5,0x97,0x96,0x66,
  0x3c,0x50,0xe5,0xb1,0xf4,0xc5,0x9b,0xe1,0x65,0x29,0x40,0xc0,0x80,0x3,0x85,0xe6,
  0x59,0x5d,0x3d,0xd0,0x73,0x99,0xbc,0x8b,0xa2,0x50,0x28,0x86,0xf,0xb6,0x54,0x5a,
  0xef,0x69,0xf6,0xc8,0x8a,0x7d,0x24,0x33,0x16,0x37,0xf,0x9b,0x5a,0xcd,0xe0,0x7b,
  0x30,0x4b,0xe5,0x24,0x3f,0x63,0xcb,0x67,0xf1,0x67,0x82,0x54,0xf3,0x90,0xda,0xe5,
  0xd2,0x61,0x4f,0xba,0x3c,0xab,0xdc,0xb2,0x8a,0xd7,0x63,0x7b,0xdc,0x6,0x0,0x1,
  0x23,0x96,0x85,0x8b,0xa5,0xa3,0x90,0x0,0x11,0x2a,0x7,0x95,0xb,0x34,0x81,0x2c,
  0xd4,0x6a,0x6c,0x39,0x32,0xa9,0x54,0xed,0x34,0x5b,0xc6,0x3a,0x19,0x3a,0x6,0x83,
  0xf9,0x8,0xf6,0x1a,0x67,0x12,0x0,0x11,0x78,0xf4,0x30,0x75,0x52,0x2,0x82,0x2a,
  0x6e,0x13,0x7a,0x94,0x56,0xe3,0x4d,0x7c,0xd4,0x23,0x98,0x87,0x3c,0x5,0x4,0x9f,
  0x74,0x41,0x21,0x1,0xe1,0xe0,0x2,0xdb,0x62,0x65,0x47,0xf4,0xa6,0x5,0x79,0xe2,
  0xe0,0x38,0xe6,0x9d,0x14,0xb7,0x7e,0x2a,0xd0,0x85,0x41,0xa6,0x22,0x97,0xcd,0xad,
  0x31,0x16,0x22,0x58,0x1a,0x63,0xae,0x7a,0xb2,0xd4,0xd,0x8d,0xdb,0xb8,0x9f,0x84,
  0xb0,0xb2,0x35,0xe3,0x6b,0xd3,0xa3,0xde,0x64,0xc6,0x32,0xf,0xc2,0x8e,0xcd,0xa0,
  0xbb,0xe4,0xc2,0x2e,0xb9,0xa4,0xa7,0xc,0x80,0xe4,0xa0,0x71,0xb5,0x32,0x24,0x44,
  0x23,0x52,0x90,0x24,0xc9,0x70,0x40,0x84,0x90,0x29,0x23,0xeb,0x6,0x9a,0x19,0xe8,
  0x84,0x42,0x31,0xa9,0x9,0xf0,0xa2,0x29,0xd7,0xe1,0x72,0xa2,0x50,0xc3,0x27,0xe3,
  0xf,0x4b,0x9b,0xbf,0x1d,0xd6,0xc1,0x4e,0x9c,0x22,0x36,0x72,0x6e,0xd4,0x5f,0x42,
  0xd8,0x8d,0x12,0x3a,0xa5,0x46,0xa1,0x7c,0x58,0xd4,0x95,0xa5,0xd3,0x99,0xb2,0xd3,
  0x33,0x1a,0x69,0x31,0x2b,0xa6,0xd3,0xb,0x8c,0x6c,0x54,0xa3,0x50,0x2c,0x43,0x37,
  0x6c,0x5c,0x8a,0xbb,0x74,0x5a,0xfe,0x4,0xe2,0xd4,0x28,0xb5,0xb4,0x57,0x1,0xb,
  0x32,0xf8,0x68,0x53,0x4b,0x8a,0xa0,0xb5,0x88,0xc0,0x43,0x46,0x50,0x4e,0x31,0x6b,
  0x9b,0x4e,0xa0,0xa8,0x20,0x4c,0x7d,0x20,0xa0,0x1,0xca,0x19,0xf9,0xcc,0xb7,0x13,
  0xe,0xd2,0xf0,0x84,0x9c,0x9e,0x86,0x25,0x4e,0x12,0x18,0xa5,0x91,0x85,0xe6,0xb5,
  0x50,0x9a,0x37,0xc3,0x18,0x22,0x71,0x6a,0x60,0x46,0xd9,0xbf,0xad,0xc3,0x6a,0xa7,
  0xcc,0xfe,0x20,0xad,0x52,0x24,0xf5,0x11,0x47,0x55,0xe8,0xa,0x0,0xdc,0x93,0x76,
  0x3c,0x17,0x5,0x39,0x26,0x60,0x22,0x12,0x5b,0xc7,0xc0,0x8b,0x14,0x96,0x73,0xcf,
  0xb3,0x98,0x30,0xfe,0xec,0x6,0x4c,0x3f,0xeb,0xb3,0xb4,0x6e,0x76,0x3,0x34,0x8c,
  0xdc,0x34,0xdb,0x13,0x5a,0x77,0xd0,0x98,0x61,0x16,0xf8,0x32,0xc3,0x8,0x9,0xe,
  0x84,0x58,0x5f,0x49,0xd3,0x22,0x2f,0x3f,0x41,0xe2,0xb3,0x8d,0x88,0xfb,0xbc,0x77,
  0xf6,0x38,0xad,0xcf,0x7f,0xeb,0x2c,0xee,0xf0,0xe,0xd5,0x3f,0x96,0x40,0x15,0x3c,
  0xb5,0xd5,0x85,0x79,0xf1,0xb0,0x9d,0xc6,0x9d,0xc5,0x8c,0xa1,0xa1,0x16,0x7a,0xdf,
  0x83,0xed,0x3d,0xd,0x95,0x80,0x4c,0x91,0xb0,0xe,0x88,0x41,0x83,0x31,0x90,0x79,
  0xba,0x93,0x30,0x2,0x23,0xca,0x32,0x40,0xd4,0xbc,0xc4,0xc0,0xcd,0xaa,0x79,0x1f,
  0xda,0x7c,0xfc,0x8a,0x57,0xe4,0xbf,0x16,0x74,0xc,0xe4,0x6c,0x22,0x83,0x57,0x36,
  0x30,0xc2,0x28,0x56,0xe7,0xd,0x90,0xb7,0x41,0x60,0xb2,0x6f,0xf0,0x6b,0x35,0xa8,
  0xed,0x84,0x9d,0x23,0x23,0x9e,0x68,0xbb,0x8a,0x1b,0x39,0x2f,0xe3,0xfd,0x34,0x27,
  0xe2,0xa9,0xc1,0x6,0x7d,0xfb,0xe9,0x84,0x96,0xcb,0x30,0xf8,0x63,0x73,0xdf,0xd,
  0x63,0x25,0x28,0x33,0x8c,0xd,0xb2,0x9,0x19,0xdb,0x68,0xb4,0x42,0x87,0x48,0x3,
  0x61,0x1,0x30,0x61,0x81,0x63,0x7,0xf,0xe6,0xbc,0xc2,0xe4,0xd1,0x1c,0xb7,0x5c,
  0x18,0x81,0xcc,0x5d,0xec,0xb7,0x29,0x93,0xd7,0x85,0xcc,0x82,0x6f,0xd7,0xbb,0xb9,
  0x2a,0xb5,0x48,0x6e,0x81,0xa6,0x3a,0x20,0x91,0x1b,0x6,0x5,0x5e,0xa,0x2b,0xc3,
  0x21,0xb2,0x6e,0x5b,0x16,0xb,0x2d,0xd3,0xbc,0x93,0x32,0x1e,0xc6,0xf2,0xec,0x6c,
  0x92,0x75,0x2,0x12,0x5c,0x27,0xca,0x90,0x68,0x10,0x6e,0x45,0xb1,0x91,0x88,0xad,
  0xb0,0x65,0x5b,0x6e,0x9a,0x29,0xa4,0xa1,0x87,0x3,0xb7,0x91,0x9a,0x17,0x7a,0x6e,
  0xfa,0xbc,0x67,0x82,0xe2,0xc2,0x6c,0xc,0x20,0x53,0x5f,0x85,0x8d,0x28,0xa1,0x23,
  0x90,0x11,0x8f,0x71,0x16,0xb5,0xa4,0x55,0x68,0x42,0x94,0x70,0x6b,0xc0,0x56,0xaa,
  0x24,0x1,0x5b,0x79,0xa7,0x38,0x1d,0x9e,0xbf,0xb7,0xa0,0x34,0x87,0xd2,0x60,0xa9,
  0x71,0x2b,0xd5,0xdd,0xcb,0xa5,0x43,0x20,0xea,0xec,
    // FlowTransition.qml
  0x0,0x0,0x12,0x22,
  0x2f,
  0x2a,0x2a,0x2a,0x2a,0x2a,0x2a,0x2a,0x2a,0x2a,0x2a,0x2a,0x2a,0x2a,0x2a,0x2a,0x2a,
  0x2a,0x2a,0x2a,0x2a,0x2a,0x2a,0x2a,0x2a,0x2a,0x2a,0x2a,0x2a,0x2a,0x2a,0x2a,0x2a,
  0x2a,0x2a,0x2a,0x2a,0x2a,0x2a,0x2a,0x2a,0x2a,0x2a,0x2a,0x2a,0x2a,0x2a,0x2a,0x2a,
  0x2a,0x2a,0x2a,0x2a,0x2a,0x2a,0x2a,0x2a,0x2a,0x2a,0x2a,0x2a,0x2a,0x2a,0x2a,0x2a,
  0x2a,0x2a,0x2a,0x2a,0x2a,0x2a,0x2a,0x2a,0x2a,0x2a,0x2a,0x2a,0xd,0xa,0x2a,0x2a,
  0xd,0xa,0x2a,0x2a,0x20,0x43,0x6f,0x70,0x79,0x72,0x69,0x67,0x68,0x74,0x20,0x28,
  0x43,0x29,0x20,0x32,0x30,0x32,0x30,0x20,0x54,0x68,0x65,0x20,0x51,0x74,0x20,0x43,
  0x6f,0x6d,0x70,0x61,0x6e,0x79,0x20,0x4c,0x74,0x64,0x2e,0xd,0xa,0x2a,0x2a,0x20,
  0x43,0x6f,0x6e,0x74,0x61,0x63,0x74,0x3a,0x20,0x68,0x74,0x74,0x70,0x73,0x3a,0x2f,
  0x2f,0x77,0x77,0x77,0x2e,0x71,0x74,0x2e,0x69,0x6f,0x2f,0x6c,0x69,0x63,0x65,0x6e,
  0x73,0x69,0x6e,0x67,0x2f,0xd,0xa,0x2a,0x2a,0xd,0xa,0x2a,0x2a,0x20,0x54,0x68,
  0x69,0x73,0x20,0x66,0x69,0x6c,0x65,0x20,0x69,0x73,0x20,0x70,0x61,0x72,0x74,0x20,
  0x6f,0x66,0x20,0x51,0x74,0x20,0x51,0x75,0x69,0x63,0x6b,0x20,0x44,0x65,0x73,0x69,
  0x67,0x6e,0x65,0x72,0x20,0x43,0x6f,0x6d,0x70,0x6f,0x6e,0x65,0x6e,0x74,0x73,0x2e,
  0xd,0xa,0x2a,0x2a,0xd,0xa,0x2a,0x2a,0x20,0x24,0x51,0x54,0x5f,0x42,0x45,0x47,
  0x49,0x4e,0x5f,0x4c,0x49,0x43,0x45,0x4e,0x53,0x45,0x3a,0x47,0x50,0x4c,0x24,0xd,
  0xa,0x2a,0x2a,0x20,0x43,0x6f,0x6d,0x6d,0x65,0x72,0x63,0x69,0x61,0x6c,0x20,0x4c,
  0x69,0x63,0x65,0x6e,0x73,0x65,0x20,0x55,0x73,0x61,0x67,0x65,0xd,0xa,0x2a,0x2a,
  0x20,0x4c,0x69,0x63,0x65,0x6e,0x73,0x65,0x65,0x73,0x20,0x68,0x6f,0x6c,0x64,0x69,
  0x6e,0x67,0x20,0x76,0x61,0x6c,0x69,0x64,0x20,0x63,0x6f,0x6d,0x6d,0x65,0x72,0x63,
  0x69,0x61,0x6c,0x20,0x51,0x74,0x20,0x6c,0x69,0x63,0x65,0x6e,0x73,0x65,0x73,0x20,
  0x6d,0x61,0x79,0x20,0x75,0x73,0x65,0x20,0x74,0x68,0x69,0x73,0x20,0x66,0x69,0x6c,
  0x65,0x20,0x69,0x6e,0xd,0xa,0x2a,0x2a,0x20,0x61,0x63,0x63,0x6f,0x72,0x64,0x61,
  0x6e,0x63,0x65,0x20,0x77,0x69,0x74,0x68,0x20,0x74,0x68,0x65,0x20,0x63,0x6f,0x6d,
  0x6d,0x65,0x72,0x63,0x69,0x61,0x6c,0x20,0x6c,0x69,0x63,0x65,0x6e,0x73,0x65,0x20,
  0x61,0x67,0x72,0x65,0x65,0x6d,0x65,0x6e,0x74,0x20,0x70,0x72,0x6f,0x76,0x69,0x64,
  0x65,0x64,0x20,0x77,0x69,0x74,0x68,0x20,0x74,0x68,0x65,0xd,0xa,0x2a,0x2a,0x20,
  0x53,0x6f,0x66,0x74,0x77,0x61,0x72,0x65,0x20,0x6f,0x72,0x2c,0x20,0x61,0x6c,0x74,
  0x65,0x72,0x6e,0x61,0x74,0x69,0x76,0x65,0x6c,0x79,0x2c,0x20,0x69,0x6e,0x20,0x61,
  0x63,0x63,0x6f,0x72,0x64,0x61,0x6e,0x63,0x65,0x20,0x77,0x69,0x74,0x68,0x20,0x74,
  0x68,0x65,0x20,0x74,0x65,0x72,0x6d,0x73,0x20,0x63,0x6f,0x6e,0x74,0x61,0x69,0x6e,
  0x65,0x64,0x20,0x69,0x6e,0xd,0xa,0x2a,0x2a,0x20,0x61,0x20,0x77,0x72,0x69,0x74,
  0x74,0x65,0x6e,0x20,0x61,0x67,0x72,0x65,0x65,0x6d,0x65,0x6e,0x74,0x20,0x62,0x65,
  0x74,0x77,0x65,0x65,0x6e,0x20,0x79,0x6f,0x75,0x20,0x61,0x6e,0x64,0x20,0x54,0x68,
  0x65,0x20,0x51,0x74,0x20,0x43,0x6f,0x6d,0x70,0x61,0x6e,0x79,0x2e,0x20,0x46,0x6f,
  0x72,0x20,0x6c,0x69,0x63,0x65,0x6e,0x73,0x69,0x6e,0x67,0x20,0x74,0x65,0x72,0x6d,
  0x73,0xd,0xa,0x2a,0x2a,0x20,0x61,0x6e,0x64,0x20,0x63,0x6f,0x6e,0x64,0x69,0x74,
  0x69,0x6f,0x6e,0x73,0x20,0x73,0x65,0x65,0x20,0x68,0x74,0x74,0x70,0x73,0x3a,0x2f,
  0x2f,0x77,0x77,0x77,0x2e,0x71,0x74,0x2e,0x69,0x6f,0x2f,0x74,0x65,0x72,0x6d,0x73,
  0x2d,0x63,0x6f,0x6e,0x64,0x69,0x74,0x69,0x6f,0x6e,0x73,0x2e,0x20,0x46,0x6f,0x72,
  0x20,0x66,0x75,0x72,0x74,0x68,0x65,0x72,0xd,0xa,0x2a,0x2a,0x20,0x69,0x6e,0x66,
  0x6f,0x72,0x6d,0x61,0x74,0x69,0x6f,0x6e,0x20,0x75,0x73,0x65,0x20,0x74,0x68,0x65,
  0x20,0x63,0x6f,0x6e,0x74,0x61,0x63,0x74,0x20,0x66,0x6f,0x72,0x6d,0x20,0x61,0x74,
  0x20,0x68,0x74,0x74,0x70,0x73,0x3a,0x2f,0x2f,0x77,0x77,0x77,0x2e,0x71,0x74,0x2e,
  0x69,0x6f,0x2f,0x63,0x6f,0x6e,0x74,0x61,0x63,0x74,0x2d,0x75,0x73,0x2e,0xd,0xa,
  0x2a,0x2a,0xd,0xa,0x2a,0x2a,0x20,0x47,0x4e,0x55,0x20,0x47,0x65,0x6e,0x65,0x72,
  0x61,0x6c,0x20,0x50,0x75,0x62,0x6c,0x69,0x63,0x20,0x4c,0x69,0x63,0x65,0x6e,0x73,
  0x65,0x20,0x55,0x73,0x61,0x67,0x65,0xd,0xa,0x2a,0x2a,0x20,0x41,0x6c,0x74,0x65,
  0x72,0x6e,0x61,0x74,0x69,0x76,0x65,0x6c,0x79,0x2c,0x20,0x74,0x68,0x69,0x73,0x20,
  0x66,0x69,0x6c,0x65,0x20,0x6d,0x61,0x79,0x20,0x62,0x65,0x20,0x75,0x73,0x65,0x64,
  0x20,0x75,0x6e,0x64,0x65,0x72,0x20,0x74,0x68,0x65,0x20,0x74,0x65,0x72,0x6d,0x73,
  0x20,0x6f,0x66,0x20,0x74,0x68,0x65,0x20,0x47,0x4e,0x55,0xd,0xa,0x2a,0x2a,0x20,
  0x47,0x65,0x6e,0x65,0x72,0x61,0x6c,0x20,0x50,0x75,0x62,0x6c,0x69,0x63,0x20,0x4c,
  0x69,0x63,0x65,0x6e,0x73,0x65,0x20,0x76,0x65,0x72,0x73,0x69,0x6f,0x6e,0x20,0x33,
  0x20,0x6f,0x72,0x20,0x28,0x61,0x74,0x20,0x79,0x6f,0x75,0x72,0x20,0x6f,0x70,0x74,
  0x69,0x6f,0x6e,0x29,0x20,0x61,0x6e,0x79,0x20,0x6c,0x61,0x74,0x65,0x72,0x20,0x76,
  0x65,0x72,0x73,0x69,0x6f,0x6e,0xd,0xa,0x2a,0x2a,0x20,0x61,0x70,0x70,0x72,0x6f,
  0x76,0x65,0x64,0x20,0x62,0x79,0x20,0x74,0x68,0x65,0x20,0x4b,0x44,0x45,0x20,0x46,
  0x72,0x65,0x65,0x20,0x51,0x74,0x20,0x46,0x6f,0x75,0x6e,0x64,0x61,0x74,0x69,0x6f,
  0x6e,0x2e,0x20,0x54,0x68,0x65,0x20,0x6c,0x69,0x63,0x65,0x6e,0x73,0x65,0x73,0x20,
  0x61,0x72,0x65,0x20,0x61,0x73,0x20,0x70,0x75,0x62,0x6c,0x69,0x73,0x68,0x65,0x64,
  0x20,0x62,0x79,0xd,0xa,0x2a,0x2a,0x20,0x74,0x68,0x65,0x20,0x46,0x72,0x65,0x65,
  0x20,0x53,0x6f,0x66,0x74,0x77,0x61,0x72,0x65,0x20,0x46,0x6f,0x75,0x6e,0x64,0x61,
  0x74,0x69,0x6f,0x6e,0x20,0x61,0x6e,0x64,0x20,0x61,0x70,0x70,0x65,0x61,0x72,0x69,
  0x6e,0x67,0x20,0x69,0x6e,0x20,0x74,0x68,0x65,0x20,0x66,0x69,0x6c,0x65,0x20,0x4c,
  0x49,0x43,0x45,0x4e,0x53,0x45,0x2e,0x47,0x50,0x4c,0x33,0xd,0xa,0x2a,0x2a,0x20,
  0x69,0x6e,0x63,0x6c,0x75,0x64,0x65,0x64,0x20,0x69,0x6e,0x20,0x74,0x68,0x65,0x20,
  0x70,0x61,0x63,0x6b,0x61,0x67,0x69,0x6e,0x67,0x20,0x6f,0x66,0x20,0x74,0x68,0x69,
  0x73,0x20,0x66,0x69,0x6c,0x65,0x2e,0x20,0x50,0x6c,0x65,0x61,0x73,0x65,0x20,0x72,
  0x65,0x76,0x69,0x65,0x77,0x20,0x74,0x68,0x65,0x20,0x66,0x6f,0x6c,0x6c,0x6f,0x77,
  0x69,0x6e,0x67,0xd,0xa,0x2a,0x2a,0x20,0x69,0x6e,0x66,0x6f,0x72,0x6d,0x61,0x74,
  0x69,0x6f,0x6e,0x20,0x74,0x6f,0x20,0x65,0x6e,0x73,0x75,0x72,0x65,0x20,0x74,0x68,
  0x65,0x20,0x47,0x4e,0x55,0x20,0x47,0x65,0x6e,0x65,0x72,0x61,0x6c,0x20,0x50,0x75,
  0x62,0x6c,0x69,0x63,0x20,0x4c,0x69,0x63,0x65,0x6e,0x73,0x65,0x20,0x72,0x65,0x71,
  0x75,0x69,0x72,0x65,0x6d,0x65,0x6e,0x74,0x73,0x20,0x77,0x69,0x6c,0x6c,0xd,0xa,
  0x2a,0x2a,0x20,0x62,0x65,0x20,0x6d,0x65,0x74,0x3a,0x20,0x68,0x74,0x74,0x70,0x73,
  0x3a,0x2f,0x2f,0x77,0x77,0x77,0x2e,0x67,0x6e,0x75,0x2e,0x6f,0x72,0x67,0x2f,0x6c,
  0x69,0x63,0x65,0x6e,0x73,0x65,0x73,0x2f,0x67,0x70,0x6c,0x2d,0x33,0x2e,0x30,0x2e,
  0x68,0x74,0x6d,0x6c,0x2e,0xd,0xa,0x2a,0x2a,0xd,0xa,0x2a,0x2a,0x20,0x24,0x51,
  0x54,0x5f,0x45,0x4e,0x44,0x5f,0x4c,0x49,0x43,0x45,0x4e,0x53,0x45,0x24,0xd,0xa,
  0x2a,0x2a,0xd,0xa,0x2a,0x2a,0x2a,0x2a,0x2a,0x2a,0x2a,0x2a,0x2a,0x2a,0x2a,0x2a,
  0x2a,0x2a,0x2a,0x2a,0x2a,0x2a,0x2a,0x2a,0x2a,0x2a,0x2a,0x2a,0x2a,0x2a,0x2a,0x2a,
  0x2a,0x2a,0x2a,0x2a,0x2a,0x2a,0x2a,0x2a,0x2a,0x2a,0x2a,0x2a,0x2a,0x2a,0x2a,0x2a,
  0x2a,0x2a,0x2a,0x2a,0x2a,0x2a,0x2a,0x2a,0x2a,0x2a,0x2a,0x2a,0x2a,0x2a,0x2a,0x2a,
  0x2a,0x2a,0x2a,0x2a,0x2a,0x2a,0x2a,0x2a,0x2a,0x2a,0x2a,0x2a,0x2a,0x2a,0x2a,0x2a,
  0x2f,0xd,0xa,0xd,0xa,0x69,0x6d,0x70,0x6f,0x72,0x74,0x20,0x51,0x74,0x51,0x75,
  0x69,0x63,0x6b,0x20,0x32,0x2e,0x31,0x35,0xd,0xa,0x69,0x6d,0x70,0x6f,0x72,0x74,
  0x20,0x51,0x74,0x51,0x75,0x69,0x63,0x6b,0x2e,0x53,0x74,0x75,0x64,0x69,0x6f,0x2e,
  0x45,0x76,0x65,0x6e,0x74,0x53,0x79,0x73,0x74,0x65,0x6d,0x20,0x31,0x2e,0x30,0xd,
  0xa,0xd,0xa,0x51,0x74,0x4f,0x62,0x6a,0x65,0x63,0x74,0x20,0x7b,0xd,0xa,0x20,
  0x20,0x20,0x20,0x69,0x64,0x3a,0x20,0x72,0x6f,0x6f,0x74,0xd,0xa,0xd,0xa,0x20,
  0x20,0x20,0x20,0x73,0x69,0x67,0x6e,0x61,0x6c,0x20,0x66,0x69,0x6e,0x69,0x73,0x68,
  0x65,0x64,0xd,0xa,0xd,0xa,0x20,0x20,0x20,0x20,0x2f,0x2a,0x20,0x54,0x68,0x6f,
  0x73,0x65,0x20,0x73,0x68,0x6f,0x75,0x6c,0x64,0x20,0x62,0x65,0x20,0x6c,0x69,0x73,
  0x74,0x73,0x20,0x74,0x68,0x61,0x74,0x20,0x61,0x6c,0x6c,0x6f,0x77,0x20,0x61,0x20,
  0x6e,0x2a,0x6e,0x20,0x6d,0x61,0x70,0x70,0x69,0x6e,0x67,0x73,0x2e,0x20,0x2a,0x2f,
  0xd,0xa,0x20,0x20,0x20,0x20,0x2f,0x2f,0x70,0x72,0x6f,0x70,0x65,0x72,0x74,0x79,
  0x20,0x49,0x74,0x65,0x6d,0x20,0x66,0x72,0x6f,0x6d,0x3a,0x20,0x6e,0x75,0x6c,0x6c,
  0xd,0xa,0x20,0x20,0x20,0x20,0x2f,0x2f,0x70,0x72,0x6f,0x70,0x65,0x72,0x74,0x79,
  0x20,0x49,0x74,0x65,0x6d,0x20,0x74,0x6f,0x3a,0x20,0x6e,0x75,0x6c,0x6c,0xd,0xa,
  0x20,0x20,0x20,0x20,0x70,0x72,0x6f,0x70,0x65,0x72,0x74,0x79,0x20,0x6c,0x69,0x73,
  0x74,0x3c,0x51,0x74,0x4f,0x62,0x6a,0x65,0x63,0x74,0x3e,0x20,0x66,0x72,0x6f,0x6d,
  0xd,0xa,0x20,0x20,0x20,0x20,0x70,0x72,0x6f,0x70,0x65,0x72,0x74,0x79,0x20,0x6c,
  0x69,0x73,0x74,0x3c,0x51,0x74,0x4f,0x62,0x6a,0x65,0x63,0x74,0x3e,0x20,0x74,0x6f,
  0xd,0xa,0x20,0x20,0x20,0x20,0x70,0x72,0x6f,0x70,0x65,0x72,0x74,0x79,0x20,0x69,
  0x6e,0x74,0x20,0x64,0x75,0x72,0x61,0x74,0x69,0x6f,0x6e,0xd,0xa,0xd,0xa,0x20,
  0x20,0x20,0x20,0x70,0x72,0x6f,0x70,0x65,0x72,0x74,0x79,0x20,0x76,0x61,0x72,0x20,
  0x74,0x72,0x61,0x6e,0x73,0x69,0x74,0x69,0x6f,0x6e,0x56,0x69,0x65,0x77,0x3a,0x20,
  0x49,0x74,0x65,0x6d,0x20,0x7b,0x7d,0xd,0xa,0xd,0xa,0x20,0x20,0x20,0x20,0x70,
  0x72,0x6f,0x70,0x65,0x72,0x74,0x79,0x20,0x72,0x65,0x61,0x6c,0x20,0x70,0x72,0x6f,
  0x67,0x72,0x65,0x73,0x73,0x3a,0x20,0x65,0x66,0x66,0x65,0x63,0x74,0x2e,0x70,0x72,
  0x6f,0x67,0x72,0x65,0x73,0x73,0xd,0xa,0xd,0xa,0x20,0x20,0x20,0x20,0x70,0x72,
  0x6f,0x70,0x65,0x72,0x74,0x79,0x20,0x62,0x6f,0x6f,0x6c,0x20,0x63,0x6f,0x6e,0x64,
  0x69,0x74,0x69,0x6f,0x6e,0x3a,0x20,0x74,0x72,0x75,0x65,0xd,0xa,0xd,0xa,0x20,
  0x20,0x20,0x20,0x70,0x72,0x6f,0x70,0x65,0x72,0x74,0x79,0x20,0x73,0x74,0x72,0x69,
  0x6e,0x67,0x20,0x71,0x75,0x65,0x73,0x74,0x69,0x6f,0x6e,0xd,0xa,0xd,0xa,0x20,
  0x20,0x20,0x20,0x66,0x75,0x6e,0x63,0x74,0x69,0x6f,0x6e,0x20,0x5f,0x5f,0x73,0x74,
  0x61,0x72,0x74,0x28,0x29,0x20,0x7b,0xd,0xa,0x20,0x20,0x20,0x20,0x20,0x20,0x20,
  0x20,0x72,0x6f,0x6f,0x74,0x2e,0x65,0x66,0x66,0x65,0x63,0x74,0x2e,0x73,0x74,0x61,
  0x72,0x74,0x28,0x29,0xd,0xa,0x20,0x20,0x20,0x20,0x7d,0xd,0xa,0xd,0xa,0x20,
  0x20,0x20,0x20,0x66,0x75,0x6e,0x63,0x74,0x69,0x6f,0x6e,0x20,0x5f,0x5f,0x65,0x6e,
  0x61,0x62,0x6c,0x65,0x28,0x29,0x20,0x7b,0xd,0xa,0x20,0x20,0x20,0x20,0x20,0x20,
  0x20,0x20,0x65,0x66,0x66,0x65,0x63,0x74,0x2e,0x65,0x6e,0x61,0x62,0x6c,0x65,0x28,
  0x29,0xd,0xa,0x20,0x20,0x20,0x20,0x7d,0xd,0xa,0xd,0xa,0x20,0x20,0x20,0x20,
  0x66,0x75,0x6e,0x63,0x74,0x69,0x6f,0x6e,0x20,0x5f,0x5f,0x72,0x65,0x73,0x65,0x74,
  0x28,0x63,0x75,0x72,0x72,0x65,0x6e,0x74,0x2c,0x20,0x6e,0x65,0x78,0x74,0x29,0x20,
  0x7b,0xd,0xa,0x20,0x20,0x20,0x20,0x20,0x20,0x20,0x20,0x72,0x6f,0x6f,0x74,0x2e,
  0x65,0x66,0x66,0x65,0x63,0x74,0x2e,0x66,0x72,0x6f,0x6d,0x20,0x3d,0x20,0x63,0x75,
  0x72,0x72,0x65,0x6e,0x74,0xd,0xa,0x20,0x20,0x20,0x20,0x20,0x20,0x20,0x20,0x72,
  0x6f,0x6f,0x74,0x2e,0x65,0x66,0x66,0x65,0x63,0x74,0x2e,0x74,0x6f,0x20,0x3d,0x20,
  0x6e,0x65,0x78,0x74,0xd,0xa,0x20,0x20,0x20,0x20,0x20,0x20,0x20,0x20,0x72,0x6f,
  0x6f,0x74,0x2e,0x65,0x66,0x66,0x65,0x63,0x74,0x2e,0x74,0x72,0x61,0x6e,0x73,0x69,
  0x74,0x69,0x6f,0x6e,0x56,0x69,0x65,0x77,0x20,0x3d,0x20,0x72,0x6f,0x6f,0x74,0x2e,
  0x74,0x72,0x61,0x6e,0x73,0x69,0x74,0x69,0x6f,0x6e,0x56,0x69,0x65,0x77,0xd,0xa,
  0xd,0xa,0x20,0x20,0x20,0x20,0x20,0x20,0x20,0x20,0x72,0x6f,0x6f,0x74,0x2e,0x65,
  0x66,0x66,0x65,0x63,0x74,0x2e,0x72,0x65,0x73,0x65,0x74,0x28,0x29,0xd,0xa,0x20,
  0x20,0x20,0x20,0x7d,0xd,0xa,0xd,0xa,0x20,0x20,0x20,0x20,0x66,0x75,0x6e,0x63,
  0x74,0x69,0x6f,0x6e,0x20,0x5f,0x5f,0x73,0x74,0x6f,0x70,0x28,0x63,0x75,0x72,0x72,
  0x65,0x6e,0x74,0x2c,0x20,0x6e,0x65,0x78,0x74,0x29,0x20,0x7b,0xd,0xa,0x20,0x20,
  0x20,0x20,0x20,0x20,0x20,0x20,0x72,0x6f,0x6f,0x74,0x2e,0x65,0x66,0x66,0x65,0x63,
  0x74,0x2e,0x73,0x74,0x6f,0x70,0x28,0x29,0xd,0xa,0x20,0x20,0x20,0x20,0x7d,0xd,
  0xa,0xd,0xa,0x20,0x20,0x20,0x20,0x66,0x75,0x6e,0x63,0x74,0x69,0x6f,0x6e,0x20,
  0x5f,0x5f,0x63,0x68,0x65,0x63,0x6b,0x49,0x6e,0x63,0x6c,0x75,0x64,0x65,0x28,0x6c,
  0x69,0x73,0x74,0x2c,0x20,0x69,0x74,0x65,0x6d,0x29,0x20,0x7b,0xd,0xa,0x20,0x20,
  0x20,0x20,0x20,0x20,0x20,0x20,0x66,0x6f,0x72,0x20,0x28,0x76,0x61,0x72,0x20,0x69,
  0x20,0x3d,0x20,0x30,0x3b,0x20,0x69,0x20,0x3c,0x20,0x6c,0x69,0x73,0x74,0x2e,0x6c,
  0x65,0x6e,0x67,0x74,0x68,0x3b,0x20,0x2b,0x2b,0x69,0x29,0x20,0x7b,0xd,0xa,0x20,
  0x20,0x20,0x20,0x20,0x20,0x20,0x20,0x20,0x20,0x20,0x20,0x69,0x66,0x20,0x28,0x6c,
  0x69,0x73,0x74,0x5b,0x69,0x5d,0x20,0x3d,0x3d,0x3d,0x20,0x69,0x74,0x65,0x6d,0x29,
  0xd,0xa,0x20,0x20,0x20,0x20,0x20,0x20,0x20,0x20,0x20,0x20,0x20,0x20,0x20,0x20,
  0x20,0x20,0x72,0x65,0x74,0x75,0x72,0x6e,0x20,0x74,0x72,0x75,0x65,0xd,0xa,0x20,
  0x20,0x20,0x20,0x20,0x20,0x20,0x20,0x7d,0xd,0xa,0x20,0x20,0x20,0x20,0x20,0x20,
  0x20,0x20,0x72,0x65,0x74,0x75,0x72,0x6e,0x20,0x66,0x61,0x6c,0x73,0x65,0xd,0xa,
  0x20,0x20,0x20,0x20,0x7d,0xd,0xa,0xd,0xa,0x20,0x20,0x20,0x20,0x70,0x72,0x6f,
  0x70,0x65,0x72,0x74,0x79,0x20,0x61,0x6c,0x69,0x61,0x73,0x20,0x65,0x76,0x65,0x6e,
  0x74,0x49,0x64,0x73,0x3a,0x20,0x65,0x76,0x65,0x6e,0x74,0x4c,0x69,0x73,0x74,0x65,
  0x6e,0x65,0x72,0x2e,0x65,0x76,0x65,0x6e,0x74,0x49,0x64,0x73,0xd,0xa,0xd,0xa,
  0x20,0x20,0x20,0x20,0x66,0x75,0x6e,0x63,0x74,0x69,0x6f,0x6e,0x20,0x5f,0x5f,0x72,
  0x65,0x63,0x65,0x69,0x76,0x65,0x45,0x76,0x65,0x6e,0x74,0x28,0x70,0x61,0x72,0x61,
  0x6d,0x65,0x74,0x65,0x72,0x73,0x29,0x20,0x7b,0xd,0xa,0x20,0x20,0x20,0x20,0x20,
  0x20,0x20,0x20,0x76,0x61,0x72,0x20,0x66,0x6c,0x6f,0x77,0x49,0x74,0x65,0x6d,0x20,
  0x3d,0x20,0x72,0x6f,0x6f,0x74,0x2e,0x66,0x72,0x6f,0x6d,0x5b,0x30,0x5d,0xd,0xa,
  0x20,0x20,0x20,0x20,0x20,0x20,0x20,0x20,0x76,0x61,0x72,0x20,0x66,0x6c,0x6f,0x77,
  0x20,0x3d,0x20,0x72,0x6f,0x6f,0x74,0x2e,0x74,0x72,0x61,0x6e,0x73,0x69,0x74,0x69,
  0x6f,0x6e,0x56,0x69,0x65,0x77,0xd,0xa,0xd,0xa,0x20,0x20,0x20,0x20,0x20,0x20,
  0x20,0x20,0x69,0x66,0x20,0x28,0x66,0x6c,0x6f,0x77,0x49,0x74,0x65,0x6d,0x2e,0x73,
  0x74,0x61,0x74,0x65,0x43,0x68,0x61,0x6e,0x67,0x65,0x54,0x61,0x72,0x67,0x65,0x74,
  0x20,0x21,0x3d,0x3d,0x20,0x75,0x6e,0x64,0x65,0x66,0x69,0x6e,0x65,0x64,0xd,0xa,
  0x20,0x20,0x20,0x20,0x20,0x20,0x20,0x20,0x20,0x20,0x20,0x20,0x20,0x20,0x20,0x20,
  0x26,0x26,0x20,0x66,0x6c,0x6f,0x77,0x49,0x74,0x65,0x6d,0x2e,0x73,0x74,0x61,0x74,
  0x65,0x43,0x68,0x61,0x6e,0x67,0x65,0x54,0x61,0x72,0x67,0x65,0x74,0x20,0x3d,0x3d,
  0x3d,0x20,0x66,0x6c,0x6f,0x77,0x2e,0x63,0x75,0x72,0x72,0x65,0x6e,0x74,0x49,0x74,
  0x65,0x6d,0x29,0x20,0x7b,0xd,0xa,0x20,0x20,0x20,0x20,0x20,0x20,0x20,0x20,0x20,
  0x20,0x20,0x20,0x69,0x66,0x20,0x28,0x66,0x6c,0x6f,0x77,0x49,0x74,0x65,0x6d,0x2e,
  0x74,0x61,0x72,0x67,0x65,0x74,0x53,0x74,0x61,0x74,0x65,0x20,0x3d,0x3d,0x3d,0x20,
  0x66,0x6c,0x6f,0x77,0x2e,0x63,0x75,0x72,0x72,0x65,0x6e,0x74,0x49,0x74,0x65,0x6d,
  0x2e,0x73,0x74,0x61,0x74,0x65,0x29,0xd,0xa,0x20,0x20,0x20,0x20,0x20,0x20,0x20,
  0x20,0x20,0x20,0x20,0x20,0x20,0x20,0x20,0x20,0x66,0x6c,0x6f,0x77,0x49,0x74,0x65,
  0x6d,0x20,0x3d,0x20,0x66,0x6c,0x6f,0x77,0x49,0x74,0x65,0x6d,0x2e,0x73,0x74,0x61,
  0x74,0x65,0x43,0x68,0x61,0x6e,0x67,0x65,0x54,0x61,0x72,0x67,0x65,0x74,0xd,0xa,
  0x20,0x20,0x20,0x20,0x20,0x20,0x20,0x20,0x7d,0xd,0xa,0xd,0xa,0x20,0x20,0x20,
  0x20,0x20,0x20,0x20,0x20,0x69,0x66,0x20,0x28,0x66,0x6c,0x6f,0x77,0x2e,0x63,0x75,
  0x72,0x72,0x65,0x6e,0x74,0x49,0x74,0x65,0x6d,0x20,0x21,0x3d,0x3d,0x20,0x66,0x6c,
  0x6f,0x77,0x49,0x74,0x65,0x6d,0x29,0xd,0xa,0x20,0x20,0x20,0x20,0x20,0x20,0x20,
  0x20,0x20,0x20,0x20,0x20,0x72,0x65,0x74,0x75,0x72,0x6e,0x3b,0xd,0xa,0xd,0xa,
  0x20,0x20,0x20,0x20,0x20,0x20,0x20,0x20,0x72,0x6f,0x6f,0x74,0x2e,0x74,0x72,0x69,
  0x67,0x67,0x65,0x72,0x28,0x29,0xd,0xa,0x20,0x20,0x20,0x20,0x7d,0xd,0xa,0xd,
  0xa,0x20,0x20,0x20,0x20,0x70,0x72,0x6f,0x70,0x65,0x72,0x74,0x79,0x20,0x45,0x76,
  0x65,0x6e,0x74,0x4c,0x69,0x73,0x74,0x65,0x6e,0x65,0x72,0x20,0x65,0x76,0x65,0x6e,
  0x74,0x4c,0x69,0x73,0x74,0x65,0x6e,0x65,0x72,0x3a,0x20,0x45,0x76,0x65,0x6e,0x74,
  0x4c,0x69,0x73,0x74,0x65,0x6e,0x65,0x72,0x20,0x7b,0xd,0xa,0x20,0x20,0x20,0x20,
  0x20,0x20,0x20,0x20,0x69,0x64,0x3a,0x20,0x65,0x76,0x65,0x6e,0x74,0x4c,0x69,0x73,
  0x74,0x65,0x6e,0x65,0x72,0xd,0xa,0x20,0x20,0x20,0x20,0x20,0x20,0x20,0x20,0x6f,
  0x6e,0x54,0x72,0x69,0x67,0x67,0x65,0x72,0x65,0x64,0x3a,0x20,0x72,0x6f,0x6f,0x74,
  0x2e,0x5f,0x5f,0x72,0x65,0x63,0x65,0x69,0x76,0x65,0x45,0x76,0x65,0x6e,0x74,0x28,
  0x65,0x76,0x65,0x6e,0x74,0x4c,0x69,0x73,0x74,0x65,0x6e,0x65,0x72,0x2e,0x70,0x61,
  0x72,0x61,0x6d,0x65,0x74,0x65,0x72,0x73,0x29,0xd,0xa,0x20,0x20,0x20,0x20,0x7d,
  0xd,0xa,0xd,0xa,0x20,0x20,0x20,0x20,0x66,0x75,0x6e,0x63,0x74,0x69,0x6f,0x6e,
  0x20,0x74,0x72,0x69,0x67,0x67,0x65,0x72,0x28,0x29,0x20,0x7b,0xd,0xa,0x20,0x20,
  0x20,0x20,0x20,0x20,0x20,0x20,0x76,0x61,0x72,0x20,0x66,0x72,0x6f,0x6d,0x45,0x6d,
  0x70,0x74,0x79,0x20,0x3d,0x20,0x72,0x6f,0x6f,0x74,0x2e,0x66,0x72,0x6f,0x6d,0x2e,
  0x6c,0x65,0x6e,0x67,0x74,0x68,0x20,0x3d,0x3d,0x3d,0x20,0x30,0xd,0xa,0xd,0xa,
  0x20,0x20,0x20,0x20,0x20,0x20,0x20,0x20,0x69,0x66,0x20,0x28,0x74,0x6f,0x5b,0x30,
  0x5d,0x2e,0x69,0x73,0x46,0x6c,0x6f,0x77,0x44,0x65,0x63,0x69,0x73,0x69,0x6f,0x6e,
  0x20,0x3d,0x3d,0x3d,0x20,0x74,0x72,0x75,0x65,0x29,0xd,0xa,0x20,0x20,0x20,0x20,
  0x20,0x20,0x20,0x20,0x20,0x20,0x20,0x20,0x74,0x6f,0x5b,0x30,0x5d,0x2e,0x74,0x72,
  0x69,0x67,0x67,0x65,0x72,0x28,0x29,0x3b,0xd,0xa,0xd,0xa,0x20,0x20,0x20,0x20,
  0x20,0x20,0x20,0x20,0x76,0x61,0x72,0x20,0x73,0x74,0x61,0x74,0x65,0x43,0x68,0x61,
  0x6e,0x67,0x65,0x72,0x20,0x3d,0x20,0x66,0x61,0x6c,0x73,0x65,0xd,0xa,0xd,0xa,
  0x20,0x20,0x20,0x20,0x20,0x20,0x20,0x20,0x69,0x66,0x20,0x28,0x72,0x6f,0x6f,0x74,
  0x2e,0x66,0x72,0x6f,0x6d,0x5b,0x30,0x5d,0x20,0x21,0x3d,0x3d,0x20,0x75,0x6e,0x64,
  0x65,0x66,0x69,0x6e,0x65,0x64,0x29,0xd,0xa,0x20,0x20,0x20,0x20,0x20,0x20,0x20,
  0x20,0x20,0x20,0x20,0x20,0x73,0x74,0x61,0x74,0x65,0x43,0x68,0x61,0x6e,0x67,0x65,
  0x72,0x20,0x3d,0x20,0x72,0x6f,0x6f,0x74,0x2e,0x66,0x72,0x6f,0x6d,0x5b,0x30,0x5d,
  0x2e,0x73,0x74,0x61,0x74,0x65,0x43,0x68,0x61,0x6e,0x67,0x65,0x54,0x61,0x72,0x67,
  0x65,0x74,0x20,0x21,0x3d,0x3d,0x20,0x75,0x6e,0x64,0x65,0x66,0x69,0x6e,0x65,0x64,
  0xd,0xa,0xd,0xa,0x20,0x20,0x20,0x20,0x20,0x20,0x20,0x20,0x76,0x61,0x72,0x20,
  0x74,0x6f,0x53,0x74,0x61,0x74,0x65,0x43,0x68,0x61,0x6e,0x67,0x65,0x72,0x20,0x3d,
  0x20,0x66,0x61,0x6c,0x73,0x65,0xd,0xa,0xd,0xa,0x20,0x20,0x20,0x20,0x20,0x20,
  0x20,0x20,0x69,0x66,0x20,0x28,0x72,0x6f,0x6f,0x74,0x2e,0x74,0x6f,0x5b,0x30,0x5d,
  0x20,0x21,0x3d,0x3d,0x20,0x75,0x6e,0x64,0x65,0x66,0x69,0x6e,0x65,0x64,0x29,0xd,
  0xa,0x20,0x20,0x20,0x20,0x20,0x20,0x20,0x20,0x20,0x20,0x20,0x20,0x74,0x6f,0x53,
  0x74,0x61,0x74,0x65,0x43,0x68,0x61,0x6e,0x67,0x65,0x72,0x20,0x3d,0x20,0x72,0x6f,
  0x6f,0x74,0x2e,0x74,0x6f,0x5b,0x30,0x5d,0x2e,0x73,0x74,0x61,0x74,0x65,0x43,0x68,
  0x61,0x6e,0x67,0x65,0x54,0x61,0x72,0x67,0x65,0x74,0x20,0x21,0x3d,0x3d,0x20,0x75,
  0x6e,0x64,0x65,0x66,0x69,0x6e,0x65,0x64,0xd,0xa,0xd,0xa,0x20,0x20,0x20,0x20,
  0x20,0x20,0x20,0x20,0x69,0x66,0x20,0x28,0x21,0x74,0x6f,0x53,0x74,0x61,0x74,0x65,
  0x43,0x68,0x61,0x6e,0x67,0x65,0x72,0x20,0x26,0x26,0x20,0x72,0x6f,0x6f,0x74,0x2e,
  0x74,0x6f,0x5b,0x30,0x5d,0x2e,0x64,0x65,0x66,0x61,0x75,0x6c,0x74,0x53,0x74,0x61,
  0x74,0x65,0x20,0x21,0x3d,0x3d,0x20,0x75,0x6e,0x64,0x65,0x66,0x69,0x6e,0x65,0x64,
  0x29,0xd,0xa,0x20,0x20,0x20,0x20,0x20,0x20,0x20,0x20,0x20,0x20,0x20,0x20,0x72,
  0x6f,0x6f,0x74,0x2e,0x74,0x6f,0x5b,0x30,0x5d,0x2e,0x73,0x74,0x61,0x74,0x65,0x20,
  0x3d,0x20,0x72,0x6f,0x6f,0x74,0x2e,0x74,0x6f,0x5b,0x30,0x5d,0x2e,0x64,0x65,0x66,
  0x61,0x75,0x6c,0x74,0x53,0x74,0x61,0x74,0x65,0xd,0xa,0xd,0xa,0x20,0x20,0x20,
  0x20,0x20,0x20,0x20,0x20,0x69,0x66,0x20,0x28,0x73,0x74,0x61,0x74,0x65,0x43,0x68,
  0x61,0x6e,0x67,0x65,0x72,0x20,0x7c,0x7c,0x20,0x66,0x72,0x6f,0x6d,0x45,0x6d,0x70,
  0x74,0x79,0x20,0x7c,0x7c,0x20,0x5f,0x5f,0x63,0x68,0x65,0x63,0x6b,0x49,0x6e,0x63,
  0x6c,0x75,0x64,0x65,0x28,0x72,0x6f,0x6f,0x74,0x2e,0x66,0x72,0x6f,0x6d,0x2c,0x20,
  0x74,0x72,0x61,0x6e,0x73,0x69,0x74,0x69,0x6f,0x6e,0x56,0x69,0x65,0x77,0x2e,0x63,
  0x75,0x72,0x72,0x65,0x6e,0x74,0x49,0x74,0x65,0x6d,0x29,0x29,0xd,0xa,0x20,0x20,
  0x20,0x20,0x20,0x20,0x20,0x20,0x20,0x20,0x20,0x20,0x74,0x69,0x6d,0x65,0x72,0x2e,
  0x72,0x65,0x73,0x74,0x61,0x72,0x74,0x28,0x29,0xd,0xa,0x20,0x20,0x20,0x20,0x7d,
  0xd,0xa,0xd,0xa,0x20,0x20,0x20,0x20,0x66,0x75,0x6e,0x63,0x74,0x69,0x6f,0x6e,
  0x20,0x5f,0x5f,0x64,0x65,0x63,0x69,0x73,0x69,0x6f,0x6e,0x54,0x72,0x69,0x67,0x67,
  0x65,0x72,0x28,0x29,0x20,0x7b,0xd,0xa,0x20,0x20,0x20,0x20,0x20,0x20,0x20,0x20,
  0x2f,0x2a,0x20,0x57,0x6f,0x72,0x6b,0x61,0x72,0x6f,0x75,0x6e,0x64,0x20,0x66,0x6f,
  0x72,0x20,0x66,0x6c,0x6f,0x77,0x44,0x65,0x63,0x69,0x73,0x69,0x6f,0x6e,0x73,0x20,
  0x77,0x69,0x74,0x68,0x20,0x6d,0x75,0x6c,0x74,0x69,0x70,0x6c,0x65,0x20,0x73,0x6f,
  0x75,0x72,0x63,0x65,0x73,0x20,0x2a,0x2f,0xd,0xa,0x20,0x20,0x20,0x20,0x20,0x20,
  0x20,0x20,0x69,0x66,0x20,0x28,0x21,0x5f,0x5f,0x63,0x68,0x65,0x63,0x6b,0x49,0x6e,
  0x63,0x6c,0x75,0x64,0x65,0x28,0x72,0x6f,0x6f,0x74,0x2e,0x66,0x72,0x6f,0x6d,0x2c,
  0x20,0x74,0x72,0x61,0x6e,0x73,0x69,0x74,0x69,0x6f,0x6e,0x56,0x69,0x65,0x77,0x2e,
  0x63,0x75,0x72,0x72,0x65,0x6e,0x74,0x49,0x74,0x65,0x6d,0x29,0x20,0x26,0x26,0x20,
  0x72,0x6f,0x6f,0x74,0x2e,0x66,0x72,0x6f,0x6d,0x2e,0x6c,0x65,0x6e,0x67,0x74,0x68,
  0x20,0x21,0x3d,0x3d,0x20,0x30,0x29,0xd,0xa,0x20,0x20,0x20,0x20,0x20,0x20,0x20,
  0x20,0x20,0x20,0x20,0x20,0x72,0x6f,0x6f,0x74,0x2e,0x66,0x72,0x6f,0x6d,0x20,0x3d,
  0x20,0x5b,0x5d,0xd,0xa,0x20,0x20,0x20,0x20,0x20,0x20,0x20,0x20,0x72,0x6f,0x6f,
  0x74,0x2e,0x74,0x72,0x69,0x67,0x67,0x65,0x72,0x28,0x29,0xd,0xa,0x20,0x20,0x20,
  0x20,0x7d,0xd,0xa,0xd,0xa,0x20,0x20,0x20,0x20,0x70,0x72,0x6f,0x70,0x65,0x72,
  0x74,0x79,0x20,0x54,0x69,0x6d,0x65,0x72,0x20,0x74,0x69,0x6d,0x65,0x72,0x3a,0x20,
  0x54,0x69,0x6d,0x65,0x72,0x20,0x7b,0xd,0xa,0x20,0x20,0x20,0x20,0x20,0x20,0x20,
  0x20,0x69,0x6e,0x74,0x65,0x72,0x76,0x61,0x6c,0x3a,0x20,0x31,0xd,0xa,0x20,0x20,
  0x20,0x20,0x20,0x20,0x20,0x20,0x72,0x75,0x6e,0x6e,0x69,0x6e,0x67,0x3a,0x20,0x66,
  0x61,0x6c,0x73,0x65,0xd,0xa,0x20,0x20,0x20,0x20,0x20,0x20,0x20,0x20,0x72,0x65,
  0x70,0x65,0x61,0x74,0x3a,0x20,0x66,0x61,0x6c,0x73,0x65,0xd,0xa,0x20,0x20,0x20,
  0x20,0x20,0x20,0x20,0x20,0x6f,0x6e,0x54,0x72,0x69,0x67,0x67,0x65,0x72,0x65,0x64,
  0x3a,0x20,0x74,0x72,0x61,0x6e,0x73,0x69,0x74,0x69,0x6f,0x6e,0x56,0x69,0x65,0x77,
  0x2e,0x67,0x6f,0x74,0x6f,0x50,0x61,0x67,0x65,0x28,0x72,0x6f,0x6f,0x74,0x29,0xd,
  0xa,0x20,0x20,0x20,0x20,0x7d,0xd,0xa,0xd,0xa,0x20,0x20,0x20,0x20,0x70,0x72,
  0x6f,0x70,0x65,0x72,0x74,0x79,0x20,0x46,0x6c,0x6f,0x77,0x45,0x66,0x66,0x65,0x63,
  0x74,0x20,0x65,0x66,0x66,0x65,0x63,0x74,0x3a,0x20,0x44,0x65,0x66,0x61,0x75,0x6c,
  0x74,0x46,0x6c,0x6f,0x77,0x45,0x66,0x66,0x65,0x63,0x74,0x20,0x7b,0xd,0xa,0x20,
  0x20,0x20,0x20,0x20,0x20,0x20,0x20,0x74,0x72,0x61,0x6e,0x73,0x69,0x74,0x69,0x6f,
  0x6e,0x56,0x69,0x65,0x77,0x3a,0x20,0x74,0x72,0x61,0x6e,0x73,0x69,0x74,0x69,0x6f,
  0x6e,0x56,0x69,0x65,0x77,0xd,0xa,0xd,0xa,0x20,0x20,0x20,0x20,0x7d,0xd,0xa,
  0xd,0xa,0x20,0x20,0x20,0x20,0x6f,0x6e,0x45,0x66,0x66,0x65,0x63,0x74,0x43,0x68,
  0x61,0x6e,0x67,0x65,0x64,0x3a,0x20,0x7b,0xd,0xa,0x20,0x20,0x20,0x20,0x20,0x20,
  0x20,0x20,0x72,0x6f,0x6f,0x74,0x2e,0x65,0x66,0x66,0x65,0x63,0x74,0x2e,0x74,0x72,
  0x61,0x6e,0x73,0x69,0x74,0x69,0x6f,0x6e,0x56,0x69,0x65,0x77,0x20,0x3d,0x20,0x72,
  0x6f,0x6f,0x74,0x2e,0x74,0x72,0x61,0x6e,0x73,0x69,0x74,0x69,0x6f,0x6e,0x56,0x69,
  0x65,0x77,0xd,0xa,0x20,0x20,0x20,0x20,0x7d,0xd,0xa,0xd,0xa,0x20,0x20,0x20,
  0x20,0x70,0x72,0x6f,0x70,0x65,0x72,0x74,0x79,0x20,0x43,0x6f,0x6e,0x6e,0x65,0x63,
  0x74,0x69,0x6f,0x6e,0x73,0x20,0x65,0x66,0x66,0x65,0x63,0x74,0x43,0x6f,0x6e,0x6e,
  0x65,0x63,0x74,0x69,0x6f,0x6e,0x3a,0x20,0x43,0x6f,0x6e,0x6e,0x65,0x63,0x74,0x69,
  0x6f,0x6e,0x73,0x20,0x7b,0xd,0xa,0x20,0x20,0x20,0x20,0x20,0x20,0x20,0x20,0x74,
  0x61,0x72,0x67,0x65,0x74,0x3a,0x20,0x72,0x6f,0x6f,0x74,0x2e,0x65,0x66,0x66,0x65,
  0x63,0x74,0xd,0xa,0x20,0x20,0x20,0x20,0x20,0x20,0x20,0x20,0x66,0x75,0x6e,0x63,
  0x74,0x69,0x6f,0x6e,0x20,0x6f,0x6e,0x46,0x69,0x6e,0x69,0x73,0x68,0x65,0x64,0x28,
  0x29,0x20,0x7b,0x20,0x72,0x6f,0x6f,0x74,0x2e,0x66,0x69,0x6e,0x69,0x73,0x68,0x65,
  0x64,0x28,0x29,0x20,0x7d,0xd,0xa,0x20,0x20,0x20,0x20,0x7d,0xd,0xa,0x7d,0xd,
  0xa,
    // FlowSlideRightEffect.qml
  0x0,0x0,0x7,0xf6,
  0x2f,
  0x2a,0x2a,0x2a,0x2a,0x2a,0x2a,0x2a,0x2a,0x2a,0x2a,0x2a,0x2a,0x2a,0x2a,0x2a,0x2a,
  0x2a,0x2a,0x2a,0x2a,0x2a,0x2a,0x2a,0x2a,0x2a,0x2a,0x2a,0x2a,0x2a,0x2a,0x2a,0x2a,
  0x2a,0x2a,0x2a,0x2a,0x2a,0x2a,0x2a,0x2a,0x2a,0x2a,0x2a,0x2a,0x2a,0x2a,0x2a,0x2a,
  0x2a,0x2a,0x2a,0x2a,0x2a,0x2a,0x2a,0x2a,0x2a,0x2a,0x2a,0x2a,0x2a,0x2a,0x2a,0x2a,
  0x2a,0x2a,0x2a,0x2a,0x2a,0x2a,0x2a,0x2a,0x2a,0x2a,0x2a,0x2a,0xd,0xa,0x2a,0x2a,
  0xd,0xa,0x2a,0x2a,0x20,0x43,0x6f,0x70,0x79,0x72,0x69,0x67,0x68,0x74,0x20,0x28,
  0x43,0x29,0x20,0x32,0x30,0x32,0x30,0x20,0x54,0x68,0x65,0x20,0x51,0x74,0x20,0x43,
  0x6f,0x6d,0x70,0x61,0x6e,0x79,0x20,0x4c,0x74,0x64,0x2e,0xd,0xa,0x2a,0x2a,0x20,
  0x43,0x6f,0x6e,0x74,0x61,0x63,0x74,0x3a,0x20,0x68,0x74,0x74,0x70,0x73,0x3a,0x2f,
  0x2f,0x77,0x77,0x77,0x2e,0x71,0x74,0x2e,0x69,0x6f,0x2f,0x6c,0x69,0x63,0x65,0x6e,
  0x73,0x69,0x6e,0x67,0x2f,0xd,0xa,0x2a,0x2a,0xd,0xa,0x2a,0x2a,0x20,0x54,0x68,
  0x69,0x73,0x20,0x66,0x69,0x6c,0x65,0x20,0x69,0x73,0x20,0x70,0x61,0x72,0x74,0x20,
  0x6f,0x66,0x20,0x51,0x74,0x20,0x51,0x75,0x69,0x63,0x6b,0x20,0x44,0x65,0x73,0x69,
  0x67,0x6e,0x65,0x72,0x20,0x43,0x6f,0x6d,0x70,0x6f,0x6e,0x65,0x6e,0x74,0x73,0x2e,
  0xd,0xa,0x2a,0x2a,0xd,0xa,0x2a,0x2a,0x20,0x24,0x51,0x54,0x5f,0x42,0x45,0x47,
  0x49,0x4e,0x5f,0x4c,0x49,0x43,0x45,0x4e,0x53,0x45,0x3a,0x47,0x50,0x4c,0x24,0xd,
  0xa,0x2a,0x2a,0x20,0x43,0x6f,0x6d,0x6d,0x65,0x72,0x63,0x69,0x61,0x6c,0x20,0x4c,
  0x69,0x63,0x65,0x6e,0x73,0x65,0x20,0x55,0x73,0x61,0x67,0x65,0xd,0xa,0x2a,0x2a,
  0x20,0x4c,0x69,0x63,0x65,0x6e,0x73,0x65,0x65,0x73,0x20,0x68,0x6f,0x6c,0x64,0x69,
  0x6e,0x67,0x20,0x76,0x61,0x6c,0x69,0x64,0x20,0x63,0x6f,0x6d,0x6d,0x65,0x72,0x63,
  0x69,0x61,0x6c,0x20,0x51,0x74,0x20,0x6c,0x69,0x63,0x65,0x6e,0x73,0x65,0x73,0x20,
  0x6d,0x61,0x79,0x20,0x75,0x73,0x65,0x20,0x74,0x68,0x69,0x73,0x20,0x66,0x69,0x6c,
  0x65,0x20,0x69,0x6e,0xd,0xa,0x2a,0x2a,0x20,0x61,0x63,0x63,0x6f,0x72,0x64,0x61,
  0x6e,0x63,0x65,0x20,0x77,0x69,0x74,0x68,0x20,0x74,0x68,0x65,0x20,0x63,0x6f,0x6d,
  0x6d,0x65,0x72,0x63,0x69,0x61,0x6c,0x20,0x6c,0x69,0x63,0x65,0x6e,0x73,0x65,0x20,
  0x61,0x67,0x72,0x65,0x65,0x6d,0x65,0x6e,0x74,0x20,0x70,0x72,0x6f,0x76,0x69,0x64,
  0x65,0x64,0x20,0x77,0x69,0x74,0x68,0x20,0x74,0x68,0x65,0xd,0xa,0x2a,0x2a,0x20,
  0x53,0x6f,0x66,0x74,0x77,0x61,0x72,0x65,0x20,0x6f,0x72,0x2c,0x20,0x61,0x6c,0x74,
  0x65,0x72,0x6e,0x61,0x74,0x69,0x76,0x65,0x6c,0x79,0x2c,0x20,0x69,0x6e,0x20,0x61,
  0x63,0x63,0x6f,0x72,0x64,0x61,0x6e,0x63,0x65,0x20,0x77,0x69,0x74,0x68,0x20,0x74,
  0x68,0x65,0x20,0x74,0x65,0x72,0x6d,0x73,0x20,0x63,0x6f,0x6e,0x74,0x61,0x69,0x6e,
  0x65,0x64,0x20,0x69,0x6e,0xd,0xa,0x2a,0x2a,0x20,0x61,0x20,0x77,0x72,0x69,0x74,
  0x74,0x65,0x6e,0x20,0x61,0x67,0x72,0x65,0x65,0x6d,0x65,0x6e,0x74,0x20,0x62,0x65,
  0x74,0x77,0x65,0x65,0x6e,0x20,0x79,0x6f,0x75,0x20,0x61,0x6e,0x64,0x20,0x54,0x68,
  0x65,0x20,0x51,0x74,0x20,0x43,0x6f,0x6d,0x70,0x61,0x6e,0x79,0x2e,0x20,0x46,0x6f,
  0x72,0x20,0x6c,0x69,0x63,0x65,0x6e,0x73,0x69,0x6e,0x67,0x20,0x74,0x65,0x72,0x6d,
  0x73,0xd,0xa,0x2a,0x2a,0x20,0x61,0x6e,0x64,0x20,0x63,0x6f,0x6e,0x64,0x69,0x74,
  0x69,0x6f,0x6e,0x73,0x20,0x73,0x65,0x65,0x20,0x68,0x74,0x74,0x70,0x73,0x3a,0x2f,
  0x2f,0x77,0x77,0x77,0x2e,0x71,0x74,0x2e,0x69,0x6f,0x2f,0x74,0x65,0x72,0x6d,0x73,
  0x2d,0x63,0x6f,0x6e,0x64,0x69,0x74,0x69,0x6f,0x6e,0x73,0x2e,0x20,0x46,0x6f,0x72,
  0x20,0x66,0x75,0x72,0x74,0x68,0x65,0x72,0xd,0xa,0x2a,0x2a,0x20,0x69,0x6e,0x66,
  0x6f,0x72,0x6d,0x61,0x74,0x69,0x6f,0x6e,0x20,0x75,0x73,0x65,0x20,0x74,0x68,0x65,
  0x20,0x63,0x6f,0x6e,0x74,0x61,0x63,0x74,0x20,0x66,0x6f,0x72,0x6d,0x20,0x61,0x74,
  0x20,0x68,0x74,0x74,0x70,0x73,0x3a,0x2f,0x2f,0x77,0x77,0x77,0x2e,0x71,0x74,0x2e,
  0x69,0x6f,0x2f,0x63,0x6f,0x6e,0x74,0x61,0x63,0x74,0x2d,0x75,0x73,0x2e,0xd,0xa,
  0x2a,0x2a,0xd,0xa,0x2a,0x2a,0x20,0x47,0x4e,0x55,0x20,0x47,0x65,0x6e,0x65,0x72,
  0x61,0x6c,0x20,0x50,0x75,0x62,0x6c,0x69,0x63,0x20,0x4c,0x69,0x63,0x65,0x6e,0x73,
  0x65,0x20,0x55,0x73,0x61,0x67,0x65,0xd,0xa,0x2a,0x2a,0x20,0x41,0x6c,0x74,0x65,
  0x72,0x6e,0x61,0x74,0x69,0x76,0x65,0x6c,0x79,0x2c,0x20,0x74,0x68,0x69,0x73,0x20,
  0x66,0x69,0x6c,0x65,0x20,0x6d,0x61,0x79,0x20,0x62,0x65,0x20,0x75,0x73,0x65,0x64,
  0x20,0x75,0x6e,0x64,0x65,0x72,0x20,0x74,0x68,0x65,0x20,0x74,0x65,0x72,0x6d,0x73,
  0x20,0x6f,0x66,0x20,0x74,0x68,0x65,0x20,0x47,0x4e,0x55,0xd,0xa,0x2a,0x2a,0x20,
  0x47,0x65,0x6e,0x65,0x72,0x61,0x6c,0x20,0x50,0x75,0x62,0x6c,0x69,0x63,0x20,0x4c,
  0x69,0x63,0x65,0x6e,0x73,0x65,0x20,0x76,0x65,0x72,0x73,0x69,0x6f,0x6e,0x20,0x33,
  0x20,0x6f,0x72,0x20,0x28,0x61,0x74,0x20,0x79,0x6f,0x75,0x72,0x20,0x6f,0x70,0x74,
  0x69,0x6f,0x6e,0x29,0x20,0x61,0x6e,0x79,0x20,0x6c,0x61,0x74,0x65,0x72,0x20,0x76,
  0x65,0x72,0x73,0x69,0x6f,0x6e,0xd,0xa,0x2a,0x2a,0x20,0x61,0x70,0x70,0x72,0x6f,
  0x76,0x65,0x64,0x20,0x62,0x79,0x20,0x74,0x68,0x65,0x20,0x4b,0x44,0x45,0x20,0x46,
  0x72,0x65,0x65,0x20,0x51,0x74,0x20,0x46,0x6f,0x75,0x6e,0x64,0x61,0x74,0x69,0x6f,
  0x6e,0x2e,0x20,0x54,0x68,0x65,0x20,0x6c,0x69,0x63,0x65,0x6e,0x73,0x65,0x73,0x20,
  0x61,0x72,0x65,0x20,0x61,0x73,0x20,0x70,0x75,0x62,0x6c,0x69,0x73,0x68,0x65,0x64,
  0x20,0x62,0x79,0xd,0xa,0x2a,0x2a,0x20,0x74,0x68,0x65,0x20,0x46,0x72,0x65,0x65,
  0x20,0x53,0x6f,0x66,0x74,0x77,0x61,0x72,0x65,0x20,0x46,0x6f,0x75,0x6e,0x64,0x61,
  0x74,0x69,0x6f,0x6e,0x20,0x61,0x6e,0x64,0x20,0x61,0x70,0x70,0x65,0x61,0x72,0x69,
  0x6e,0x67,0x20,0x69,0x6e,0x20,0x74,0x68,0x65,0x20,0x66,0x69,0x6c,0x65,0x20,0x4c,
  0x49,0x43,0x45,0x4e,0x53,0x45,0x2e,0x47,0x50,0x4c,0x33,0xd,0xa,0x2a,0x2a,0x20,
  0x69,0x6e,0x63,0x6c,0x75,0x64,0x65,0x64,0x20,0x69,0x6e,0x20,0x74,0x68,0x65,0x20,
  0x70,0x61,0x63,0x6b,0x61,0x67,0x69,0x6e,0x67,0x20,0x6f,0x66,0x20,0x74,0x68,0x69,
  0x73,0x20,0x66,0x69,0x6c,0x65,0x2e,0x20,0x50,0x6c,0x65,0x61,0x73,0x65,0x20,0x72,
  0x65,0x76,0x69,0x65,0x77,0x20,0x74,0x68,0x65,0x20,0x66,0x6f,0x6c,0x6c,0x6f,0x77,
  0x69,0x6e,0x67,0xd,0xa,0x2a,0x2a,0x20,0x69,0x6e,0x66,0x6f,0x72,0x6d,0x61,0x74,
  0x69,0x6f,0x6e,0x20,0x74,0x6f,0x20,0x65,0x6e,0x73,0x75,0x72,0x65,0x20,0x74,0x68,
  0x65,0x20,0x47,0x4e,0x55,0x20,0x47,0x65,0x6e,0x65,0x72,0x61,0x6c,0x20,0x50,0x75,
  0x62,0x6c,0x69,0x63,0x20,0x4c,0x69,0x63,0x65,0x6e,0x73,0x65,0x20,0x72,0x65,0x71,
  0x75,0x69,0x72,0x65,0x6d,0x65,0x6e,0x74,0x73,0x20,0x77,0x69,0x6c,0x6c,0xd,0xa,
  0x2a,0x2a,0x20,0x62,0x65,0x20,0x6d,0x65,0x74,0x3a,0x20,0x68,0x74,0x74,0x70,0x73,
  0x3a,0x2f,0x2f,0x77,0x77,0x77,0x2e,0x67,0x6e,0x75,0x2e,0x6f,0x72,0x67,0x2f,0x6c,
  0x69,0x63,0x65,0x6e,0x73,0x65,0x73,0x2f,0x67,0x70,0x6c,0x2d,0x33,0x2e,0x30,0x2e,
  0x68,0x74,0x6d,0x6c,0x2e,0xd,0xa,0x2a,0x2a,0xd,0xa,0x2a,0x2a,0x20,0x24,0x51,
  0x54,0x5f,0x45,0x4e,0x44,0x5f,0x4c,0x49,0x43,0x45,0x4e,0x53,0x45,0x24,0xd,0xa,
  0x2a,0x2a,0xd,0xa,0x2a,0x2a,0x2a,0x2a,0x2a,0x2a,0x2a,0x2a,0x2a,0x2a,0x2a,0x2a,
  0x2a,0x2a,0x2a,0x2a,0x2a,0x2a,0x2a,0x2a,0x2a,0x2a,0x2a,0x2a,0x2a,0x2a,0x2a,0x2a,
  0x2a,0x2a,0x2a,0x2a,0x2a,0x2a,0x2a,0x2a,0x2a,0x2a,0x2a,0x2a,0x2a,0x2a,0x2a,0x2a,
  0x2a,0x2a,0x2a,0x2a,0x2a,0x2a,0x2a,0x2a,0x2a,0x2a,0x2a,0x2a,0x2a,0x2a,0x2a,0x2a,
  0x2a,0x2a,0x2a,0x2a,0x2a,0x2a,0x2a,0x2a,0x2a,0x2a,0x2a,0x2a,0x2a,0x2a,0x2a,0x2a,
  0x2f,0xd,0xa,0xd,0xa,0x69,0x6d,0x70,0x6f,0x72,0x74,0x20,0x51,0x74,0x51,0x75,
  0x69,0x63,0x6b,0x20,0x32,0x2e,0x31,0x30,0xd,0xa,0x69,0x6d,0x70,0x6f,0x72,0x74,
  0x20,0x51,0x74,0x51,0x75,0x69,0x63,0x6b,0x2e,0x54,0x69,0x6d,0x65,0x6c,0x69,0x6e,
  0x65,0x20,0x31,0x2e,0x30,0xd,0xa,0xd,0xa,0x46,0x6c,0x6f,0x77,0x45,0x66,0x66,
  0x65,0x63,0x74,0x20,0x7b,0xd,0xa,0x20,0x20,0x20,0x20,0x69,0x64,0x3a,0x20,0x65,
  0x66,0x66,0x65,0x63,0x74,0xd,0xa,0xd,0xa,0x20,0x20,0x20,0x20,0x64,0x75,0x72,
  0x61,0x74,0x69,0x6f,0x6e,0x3a,0x20,0x32,0x35,0x30,0xd,0xa,0x20,0x20,0x20,0x20,
  0x6f,0x6e,0x53,0x74,0x61,0x72,0x74,0x65,0x64,0x3a,0x20,0x67,0x72,0x6f,0x75,0x70,
  0x30,0x31,0x2e,0x74,0x61,0x72,0x67,0x65,0x74,0x20,0x3d,0x20,0x74,0x72,0x61,0x6e,
  0x73,0x69,0x74,0x69,0x6f,0x6e,0x56,0x69,0x65,0x77,0x2e,0x5f,0x5f,0x74,0x6f,0x43,
  0x6f,0x6e,0x74,0x65,0x6e,0x74,0x49,0x74,0x65,0x6d,0xd,0xa,0xd,0xa,0x20,0x20,
  0x20,0x20,0x74,0x69,0x6d,0x65,0x6c,0x69,0x6e,0x65,0x3a,0x20,0x54,0x69,0x6d,0x65,
  0x6c,0x69,0x6e,0x65,0x20,0x7b,0xd,0xa,0x20,0x20,0x20,0x20,0x20,0x20,0x20,0x20,
  0x73,0x74,0x61,0x72,0x74,0x46,0x72,0x61,0x6d,0x65,0x3a,0x20,0x30,0xd,0xa,0x20,
  0x20,0x20,0x20,0x20,0x20,0x20,0x20,0x65,0x6e,0x64,0x46,0x72,0x61,0x6d,0x65,0x3a,
  0x20,0x31,0x30,0x30,0x30,0xd,0xa,0xd,0xa,0x20,0x20,0x20,0x20,0x20,0x20,0x20,
  0x20,0x4b,0x65,0x79,0x66,0x72,0x61,0x6d,0x65,0x47,0x72,0x6f,0x75,0x70,0x20,0x7b,
  0xd,0xa,0x20,0x20,0x20,0x20,0x20,0x20,0x20,0x20,0x20,0x20,0x20,0x20,0x69,0x64,
  0x3a,0x20,0x67,0x72,0x6f,0x75,0x70,0x30,0x31,0xd,0xa,0xd,0xa,0x20,0x20,0x20,
  0x20,0x20,0x20,0x20,0x20,0x20,0x20,0x20,0x20,0x70,0x72,0x6f,0x70,0x65,0x72,0x74,
  0x79,0x3a,0x20,0x22,0x78,0x22,0xd,0xa,0xd,0xa,0x20,0x20,0x20,0x20,0x20,0x20,
  0x20,0x20,0x20,0x20,0x20,0x20,0x4b,0x65,0x79,0x66,0x72,0x61,0x6d,0x65,0x20,0x7b,
  0xd,0xa,0x20,0x20,0x20,0x20,0x20,0x20,0x20,0x20,0x20,0x20,0x20,0x20,0x20,0x20,
  0x20,0x20,0x66,0x72,0x61,0x6d,0x65,0x3a,0x20,0x30,0xd,0xa,0x20,0x20,0x20,0x20,
  0x20,0x20,0x20,0x20,0x20,0x20,0x20,0x20,0x20,0x20,0x20,0x20,0x76,0x61,0x6c,0x75,
  0x65,0x3a,0x74,0x72,0x61,0x6e,0x73,0x69,0x74,0x69,0x6f,0x6e,0x56,0x69,0x65,0x77,
  0x2e,0x77,0x69,0x64,0x74,0x68,0xd,0xa,0x20,0x20,0x20,0x20,0x20,0x20,0x20,0x20,
  0x20,0x20,0x20,0x20,0x7d,0xd,0xa,0xd,0xa,0x20,0x20,0x20,0x20,0x20,0x20,0x20,
  0x20,0x20,0x20,0x20,0x20,0x4b,0x65,0x79,0x66,0x72,0x61,0x6d,0x65,0x20,0x7b,0xd,
  0xa,0x20,0x20,0x20,0x20,0x20,0x20,0x20,0x20,0x20,0x20,0x20,0x20,0x20,0x20,0x20,
  0x20,0x66,0x72,0x61,0x6d,0x65,0x3a,0x20,0x31,0x30,0x30,0x30,0xd,0xa,0x20,0x20,
  0x20,0x20,0x20,0x20,0x20,0x20,0x20,0x20,0x20,0x20,0x20,0x20,0x20,0x20,0x76,0x61,
  0x6c,0x75,0x65,0x3a,0x20,0x30,0xd,0xa,0x20,0x20,0x20,0x20,0x20,0x20,0x20,0x20,
  0x20,0x20,0x20,0x20,0x20,0x20,0x20,0x20,0x65,0x61,0x73,0x69,0x6e,0x67,0x3a,0x20,
  0x65,0x66,0x66,0x65,0x63,0x74,0x2e,0x65,0x61,0x73,0x69,0x6e,0x67,0xd,0xa,0x20,
  0x20,0x20,0x20,0x20,0x20,0x20,0x20,0x20,0x20,0x20,0x20,0x7d,0xd,0xa,0x20,0x20,
  0x20,0x20,0x20,0x20,0x20,0x20,0x7d,0xd,0xa,0x20,0x20,0x20,0x20,0x7d,0xd,0xa,
  0x7d,0xd,0xa,0xd,0xa,0x2f,0x2a,0x23,0x23,0x5e,0x23,0x23,0xd,0xa,0x44,0x65,
  0x73,0x69,0x67,0x6e,0x65,0x72,0x20,0x7b,0xd,0xa,0x20,0x20,0x20,0x20,0x44,0x7b,
  0x69,0x3a,0x30,0x3b,0x61,0x75,0x74,0x6f,0x53,0x69,0x7a,0x65,0x3a,0x74,0x72,0x75,
  0x65,0x3b,0x68,0x65,0x69,0x67,0x68,0x74,0x3a,0x34,0x38,0x30,0x3b,0x77,0x69,0x64,
  0x74,0x68,0x3a,0x36,0x34,0x30,0x7d,0xd,0xa,0x7d,0xd,0xa,0x23,0x23,0x5e,0x23,
  0x23,0x2a,0x2f,0xd,0xa,
    // FlowDecision.qml
  0x0,0x0,0x10,0x8e,
  0x2f,
  0x2a,0x2a,0x2a,0x2a,0x2a,0x2a,0x2a,0x2a,0x2a,0x2a,0x2a,0x2a,0x2a,0x2a,0x2a,0x2a,
  0x2a,0x2a,0x2a,0x2a,0x2a,0x2a,0x2a,0x2a,0x2a,0x2a,0x2a,0x2a,0x2a,0x2a,0x2a,0x2a,
  0x2a,0x2a,0x2a,0x2a,0x2a,0x2a,0x2a,0x2a,0x2a,0x2a,0x2a,0x2a,0x2a,0x2a,0x2a,0x2a,
  0x2a,0x2a,0x2a,0x2a,0x2a,0x2a,0x2a,0x2a,0x2a,0x2a,0x2a,0x2a,0x2a,0x2a,0x2a,0x2a,
  0x2a,0x2a,0x2a,0x2a,0x2a,0x2a,0x2a,0x2a,0x2a,0x2a,0x2a,0x2a,0xd,0xa,0x2a,0x2a,
  0xd,0xa,0x2a,0x2a,0x20,0x43,0x6f,0x70,0x79,0x72,0x69,0x67,0x68,0x74,0x20,0x28,
  0x43,0x29,0x20,0x32,0x30,0x32,0x30,0x20,0x54,0x68,0x65,0x20,0x51,0x74,0x20,0x43,
  0x6f,0x6d,0x70,0x61,0x6e,0x79,0x20,0x4c,0x74,0x64,0x2e,0xd,0xa,0x2a,0x2a,0x20,
  0x43,0x6f,0x6e,0x74,0x61,0x63,0x74,0x3a,0x20,0x68,0x74,0x74,0x70,0x73,0x3a,0x2f,
  0x2f,0x77,0x77,0x77,0x2e,0x71,0x74,0x2e,0x69,0x6f,0x2f,0x6c,0x69,0x63,0x65,0x6e,
  0x73,0x69,0x6e,0x67,0x2f,0xd,0xa,0x2a,0x2a,0xd,0xa,0x2a,0x2a,0x20,0x54,0x68,
  0x69,0x73,0x20,0x66,0x69,0x6c,0x65,0x20,0x69,0x73,0x20,0x70,0x61,0x72,0x74,0x20,
  0x6f,0x66,0x20,0x51,0x74,0x20,0x51,0x75,0x69,0x63,0x6b,0x20,0x44,0x65,0x73,0x69,
  0x67,0x6e,0x65,0x72,0x20,0x43,0x6f,0x6d,0x70,0x6f,0x6e,0x65,0x6e,0x74,0x73,0x2e,
  0xd,0xa,0x2a,0x2a,0xd,0xa,0x2a,0x2a,0x20,0x24,0x51,0x54,0x5f,0x42,0x45,0x47,
  0x49,0x4e,0x5f,0x4c,0x49,0x43,0x45,0x4e,0x53,0x45,0x3a,0x47,0x50,0x4c,0x24,0xd,
  0xa,0x2a,0x2a,0x20,0x43,0x6f,0x6d,0x6d,0x65,0x72,0x63,0x69,0x61,0x6c,0x20,0x4c,
  0x69,0x63,0x65,0x6e,0x73,0x65,0x20,0x55,0x73,0x61,0x67,0x65,0xd,0xa,0x2a,0x2a,
  0x20,0x4c,0x69,0x63,0x65,0x6e,0x73,0x65,0x65,0x73,0x20,0x68,0x6f,0x6c,0x64,0x69,
  0x6e,0x67,0x20,0x76,0x61,0x6c,0x69,0x64,0x20,0x63,0x6f,0x6d,0x6d,0x65,0x72,0x63,
  0x69,0x61,0x6c,0x20,0x51,0x74,0x20,0x6c,0x69,0x63,0x65,0x6e,0x73,0x65,0x73,0x20,
  0x6d,0x61,0x79,0x20,0x75,0x73,0x65,0x20,0x74,0x68,0x69,0x73,0x20,0x66,0x69,0x6c,
  0x65,0x20,0x69,0x6e,0xd,0xa,0x2a,0x2a,0x20,0x61,0x63,0x63,0x6f,0x72,0x64,0x61,
  0x6e,0x63,0x65,0x20,0x77,0x69,0x74,0x68,0x20,0x74,0x68,0x65,0x20,0x63,0x6f,0x6d,
  0x6d,0x65,0x72,0x63,0x69,0x61,0x6c,0x20,0x6c,0x69,0x63,0x65,0x6e,0x73,0x65,0x20,
  0x61,0x67,0x72,0x65,0x65,0x6d,0x65,0x6e,0x74,0x20,0x70,0x72,0x6f,0x76,0x69,0x64,
  0x65,0x64,0x20,0x77,0x69,0x74,0x68,0x20,0x74,0x68,0x65,0xd,0xa,0x2a,0x2a,0x20,
  0x53,0x6f,0x66,0x74,0x77,0x61,0x72,0x65,0x20,0x6f,0x72,0x2c,0x20,0x61,0x6c,0x74,
  0x65,0x72,0x6e,0x61,0x74,0x69,0x76,0x65,0x6c,0x79,0x2c,0x20,0x69,0x6e,0x20,0x61,
  0x63,0x63,0x6f,0x72,0x64,0x61,0x6e,0x63,0x65,0x20,0x77,0x69,0x74,0x68,0x20,0x74,
  0x68,0x65,0x20,0x74,0x65,0x72,0x6d,0x73,0x20,0x63,0x6f,0x6e,0x74,0x61,0x69,0x6e,
  0x65,0x64,0x20,0x69,0x6e,0xd,0xa,0x2a,0x2a,0x20,0x61,0x20,0x77,0x72,0x69,0x74,
  0x74,0x65,0x6e,0x20,0x61,0x67,0x72,0x65,0x65,0x6d,0x65,0x6e,0x74,0x20,0x62,0x65,
  0x74,0x77,0x65,0x65,0x6e,0x20,0x79,0x6f,0x75,0x20,0x61,0x6e,0x64,0x20,0x54,0x68,
  0x65,0x20,0x51,0x74,0x20,0x43,0x6f,0x6d,0x70,0x61,0x6e,0x79,0x2e,0x20,0x46,0x6f,
  0x72,0x20,0x6c,0x69,0x63,0x65,0x6e,0x73,0x69,0x6e,0x67,0x20,0x74,0x65,0x72,0x6d,
  0x73,0xd,0xa,0x2a,0x2a,0x20,0x61,0x6e,0x64,0x20,0x63,0x6f,0x6e,0x64,0x69,0x74,
  0x69,0x6f,0x6e,0x73,0x20,0x73,0x65,0x65,0x20,0x68,0x74,0x74,0x70,0x73,0x3a,0x2f,
  0x2f,0x77,0x77,0x77,0x2e,0x71,0x74,0x2e,0x69,0x6f,0x2f,0x74,0x65,0x72,0x6d,0x73,
  0x2d,0x63,0x6f,0x6e,0x64,0x69,0x74,0x69,0x6f,0x6e,0x73,0x2e,0x20,0x46,0x6f,0x72,
  0x20,0x66,0x75,0x72,0x74,0x68,0x65,0x72,0xd,0xa,0x2a,0x2a,0x20,0x69,0x6e,0x66,
  0x6f,0x72,0x6d,0x61,0x74,0x69,0x6f,0x6e,0x20,0x75,0x73,0x65,0x20,0x74,0x68,0x65,
  0x20,0x63,0x6f,0x6e,0x74,0x61,0x63,0x74,0x20,0x66,0x6f,0x72,0x6d,0x20,0x61,0x74,
  0x20,0x68,0x74,0x74,0x70,0x73,0x3a,0x2f,0x2f,0x77,0x77,0x77,0x2e,0x71,0x74,0x2e,
  0x69,0x6f,0x2f,0x63,0x6f,0x6e,0x74,0x61,0x63,0x74,0x2d,0x75,0x73,0x2e,0xd,0xa,
  0x2a,0x2a,0xd,0xa,0x2a,0x2a,0x20,0x47,0x4e,0x55,0x20,0x47,0x65,0x6e,0x65,0x72,
  0x61,0x6c,0x20,0x50,0x75,0x62,0x6c,0x69,0x63,0x20,0x4c,0x69,0x63,0x65,0x6e,0x73,
  0x65,0x20,0x55,0x73,0x61,0x67,0x65,0xd,0xa,0x2a,0x2a,0x20,0x41,0x6c,0x74,0x65,
  0x72,0x6e,0x61,0x74,0x69,0x76,0x65,0x6c,0x79,0x2c,0x20,0x74,0x68,0x69,0x73,0x20,
  0x66,0x69,0x6c,0x65,0x20,0x6d,0x61,0x79,0x20,0x62,0x65,0x20,0x75,0x73,0x65,0x64,
  0x20,0x75,0x6e,0x64,0x65,0x72,0x20,0x74,0x68,0x65,0x20,0x74,0x65,0x72,0x6d,0x73,
  0x20,0x6f,0x66,0x20,0x74,0x68,0x65,0x20,0x47,0x4e,0x55,0xd,0xa,0x2a,0x2a,0x20,
  0x47,0x65,0x6e,0x65,0x72,0x61,0x6c,0x20,0x50,0x75,0x62,0x6c,0x69,0x63,0x20,0x4c,
  0x69,0x63,0x65,0x6e,0x73,0x65,0x20,0x76,0x65,0x72,0x73,0x69,0x6f,0x6e,0x20,0x33,
  0x20,0x6f,0x72,0x20,0x28,0x61,0x74,0x20,0x79,0x6f,0x75,0x72,0x20,0x6f,0x70,0x74,
  0x69,0x6f,0x6e,0x29,0x20,0x61,0x6e,0x79,0x20,0x6c,0x61,0x74,0x65,0x72,0x20,0x76,
  0x65,0x72,0x73,0x69,0x6f,0x6e,0xd,0xa,0x2a,0x2a,0x20,0x61,0x70,0x70,0x72,0x6f,
  0x76,0x65,0x64,0x20,0x62,0x79,0x20,0x74,0x68,0x65,0x20,0x4b,0x44,0x45,0x20,0x46,
  0x72,0x65,0x65,0x20,0x51,0x74,0x20,0x46,0x6f,0x75,0x6e,0x64,0x61,0x74,0x69,0x6f,
  0x6e,0x2e,0x20,0x54,0x68,0x65,0x20,0x6c,0x69,0x63,0x65,0x6e,0x73,0x65,0x73,0x20,
  0x61,0x72,0x65,0x20,0x61,0x73,0x20,0x70,0x75,0x62,0x6c,0x69,0x73,0x68,0x65,0x64,
  0x20,0x62,0x79,0xd,0xa,0x2a,0x2a,0x20,0x74,0x68,0x65,0x20,0x46,0x72,0x65,0x65,
  0x20,0x53,0x6f,0x66,0x74,0x77,0x61,0x72,0x65,0x20,0x46,0x6f,0x75,0x6e,0x64,0x61,
  0x74,0x69,0x6f,0x6e,0x20,0x61,0x6e,0x64,0x20,0x61,0x70,0x70,0x65,0x61,0x72,0x69,
  0x6e,0x67,0x20,0x69,0x6e,0x20,0x74,0x68,0x65,0x20,0x66,0x69,0x6c,0x65,0x20,0x4c,
  0x49,0x43,0x45,0x4e,0x53,0x45,0x2e,0x47,0x50,0x4c,0x33,0xd,0xa,0x2a,0x2a,0x20,
  0x69,0x6e,0x63,0x6c,0x75,0x64,0x65,0x64,0x20,0x69,0x6e,0x20,0x74,0x68,0x65,0x20,
  0x70,0x61,0x63,0x6b,0x61,0x67,0x69,0x6e,0x67,0x20,0x6f,0x66,0x20,0x74,0x68,0x69,
  0x73,0x20,0x66,0x69,0x6c,0x65,0x2e,0x20,0x50,0x6c,0x65,0x61,0x73,0x65,0x20,0x72,
  0x65,0x76,0x69,0x65,0x77,0x20,0x74,0x68,0x65,0x20,0x66,0x6f,0x6c,0x6c,0x6f,0x77,
  0x69,0x6e,0x67,0xd,0xa,0x2a,0x2a,0x20,0x69,0x6e,0x66,0x6f,0x72,0x6d,0x61,0x74,
  0x69,0x6f,0x6e,0x20,0x74,0x6f,0x20,0x65,0x6e,0x73,0x75,0x72,0x65,0x20,0x74,0x68,
  0x65,0x20,0x47,0x4e,0x55,0x20,0x47,0x65,0x6e,0x65,0x72,0x61,0x6c,0x20,0x50,0x75,
  0x62,0x6c,0x69,0x63,0x20,0x4c,0x69,0x63,0x65,0x6e,0x73,0x65,0x20,0x72,0x65,0x71,
  0x75,0x69,0x72,0x65,0x6d,0x65,0x6e,0x74,0x73,0x20,0x77,0x69,0x6c,0x6c,0xd,0xa,
  0x2a,0x2a,0x20,0x62,0x65,0x20,0x6d,0x65,0x74,0x3a,0x20,0x68,0x74,0x74,0x70,0x73,
  0x3a,0x2f,0x2f,0x77,0x77,0x77,0x2e,0x67,0x6e,0x75,0x2e,0x6f,0x72,0x67,0x2f,0x6c,
  0x69,0x63,0x65,0x6e,0x73,0x65,0x73,0x2f,0x67,0x70,0x6c,0x2d,0x33,0x2e,0x30,0x2e,
  0x68,0x74,0x6d,0x6c,0x2e,0xd,0xa,0x2a,0x2a,0xd,0xa,0x2a,0x2a,0x20,0x24,0x51,
  0x54,0x5f,0x45,0x4e,0x44,0x5f,0x4c,0x49,0x43,0x45,0x4e,0x53,0x45,0x24,0xd,0xa,
  0x2a,0x2a,0xd,0xa,0x2a,0x2a,0x2a,0x2a,0x2a,0x2a,0x2a,0x2a,0x2a,0x2a,0x2a,0x2a,
  0x2a,0x2a,0x2a,0x2a,0x2a,0x2a,0x2a,0x2a,0x2a,0x2a,0x2a,0x2a,0x2a,0x2a,0x2a,0x2a,
  0x2a,0x2a,0x2a,0x2a,0x2a,0x2a,0x2a,0x2a,0x2a,0x2a,0x2a,0x2a,0x2a,0x2a,0x2a,0x2a,
  0x2a,0x2a,0x2a,0x2a,0x2a,0x2a,0x2a,0x2a,0x2a,0x2a,0x2a,0x2a,0x2a,0x2a,0x2a,0x2a,
  0x2a,0x2a,0x2a,0x2a,0x2a,0x2a,0x2a,0x2a,0x2a,0x2a,0x2a,0x2a,0x2a,0x2a,0x2a,0x2a,
  0x2f,0xd,0xa,0xd,0xa,0x69,0x6d,0x70,0x6f,0x72,0x74,0x20,0x51,0x74,0x51,0x75,
  0x69,0x63,0x6b,0x20,0x32,0x2e,0x31,0x35,0xd,0xa,0x69,0x6d,0x70,0x6f,0x72,0x74,
  0x20,0x51,0x74,0x51,0x75,0x69,0x63,0x6b,0x2e,0x57,0x69,0x6e,0x64,0x6f,0x77,0x20,
  0x32,0x2e,0x31,0x34,0xd,0xa,0x69,0x6d,0x70,0x6f,0x72,0x74,0x20,0x51,0x74,0x51,
  0x75,0x69,0x63,0x6b,0x2e,0x43,0x6f,0x6e,0x74,0x72,0x6f,0x6c,0x73,0x20,0x32,0x2e,
  0x31,0x35,0xd,0xa,0xd,0xa,0x51,0x74,0x4f,0x62,0x6a,0x65,0x63,0x74,0x20,0x7b,
  0xd,0xa,0x20,0x20,0x20,0x20,0x69,0x64,0x3a,0x20,0x72,0x6f,0x6f,0x74,0xd,0xa,
  0xd,0xa,0x20,0x20,0x20,0x20,0x70,0x72,0x6f,0x70,0x65,0x72,0x74,0x79,0x20,0x6c,
  0x69,0x73,0x74,0x3c,0x46,0x6c,0x6f,0x77,0x54,0x72,0x61,0x6e,0x73,0x69,0x74,0x69,
  0x6f,0x6e,0x3e,0x20,0x74,0x61,0x72,0x67,0x65,0x74,0x73,0xd,0xa,0xd,0xa,0x20,
  0x20,0x20,0x20,0x72,0x65,0x61,0x64,0x6f,0x6e,0x6c,0x79,0x20,0x70,0x72,0x6f,0x70,
  0x65,0x72,0x74,0x79,0x20,0x62,0x6f,0x6f,0x6c,0x20,0x69,0x73,0x46,0x6c,0x6f,0x77,
  0x44,0x65,0x63,0x69,0x73,0x69,0x6f,0x6e,0x3a,0x20,0x74,0x72,0x75,0x65,0xd,0xa,
  0xd,0xa,0x20,0x20,0x20,0x20,0x70,0x72,0x6f,0x70,0x65,0x72,0x74,0x79,0x20,0x73,
  0x74,0x72,0x69,0x6e,0x67,0x20,0x64,0x69,0x61,0x6c,0x6f,0x67,0x54,0x69,0x74,0x6c,
  0x65,0x3a,0x20,0x71,0x73,0x54,0x72,0x28,0x22,0x54,0x69,0x74,0x6c,0x65,0x22,0x29,
  0xd,0xa,0xd,0xa,0x20,0x20,0x20,0x20,0x66,0x75,0x6e,0x63,0x74,0x69,0x6f,0x6e,
  0x20,0x74,0x72,0x69,0x67,0x67,0x65,0x72,0x28,0x29,0x20,0x7b,0xd,0xa,0x20,0x20,
  0x20,0x20,0x20,0x20,0x20,0x20,0x76,0x61,0x72,0x20,0x68,0x61,0x73,0x44,0x69,0x61,
  0x6c,0x6f,0x67,0x20,0x3d,0x20,0x66,0x61,0x6c,0x73,0x65,0xd,0xa,0x20,0x20,0x20,
  0x20,0x20,0x20,0x20,0x20,0x66,0x6f,0x72,0x20,0x28,0x76,0x61,0x72,0x20,0x69,0x20,
  0x3d,0x20,0x30,0x3b,0x20,0x69,0x20,0x3c,0x20,0x20,0x72,0x6f,0x6f,0x74,0x2e,0x74,
  0x61,0x72,0x67,0x65,0x74,0x73,0x2e,0x6c,0x65,0x6e,0x67,0x74,0x68,0x3b,0x20,0x2b,
  0x2b,0x69,0x29,0x20,0x7b,0xd,0xa,0x20,0x20,0x20,0x20,0x20,0x20,0x20,0x20,0x20,
  0x20,0x20,0x20,0x69,0x66,0x20,0x28,0x72,0x6f,0x6f,0x74,0x2e,0x74,0x61,0x72,0x67,
  0x65,0x74,0x73,0x5b,0x69,0x5d,0x2e,0x71,0x75,0x65,0x73,0x74,0x69,0x6f,0x6e,0x20,
  0x21,0x3d,0x3d,0x20,0x22,0x22,0x29,0xd,0xa,0x20,0x20,0x20,0x20,0x20,0x20,0x20,
  0x20,0x20,0x20,0x20,0x20,0x20,0x20,0x20,0x20,0x68,0x61,0x73,0x44,0x69,0x61,0x6c,
  0x6f,0x67,0x20,0x3d,0x20,0x74,0x72,0x75,0x65,0xd,0xa,0x20,0x20,0x20,0x20,0x20,
  0x20,0x20,0x20,0x7d,0xd,0xa,0xd,0xa,0x20,0x20,0x20,0x20,0x20,0x20,0x20,0x20,
  0x69,0x66,0x20,0x28,0x68,0x61,0x73,0x44,0x69,0x61,0x6c,0x6f,0x67,0x29,0x20,0x7b,
  0xd,0xa,0x20,0x20,0x20,0x20,0x20,0x20,0x20,0x20,0x20,0x20,0x20,0x20,0x6c,0x6f,
  0x61,0x64,0x65,0x72,0x2e,0x73,0x68,0x6f,0x77,0x28,0x29,0xd,0xa,0x20,0x20,0x20,
  0x20,0x20,0x20,0x20,0x20,0x7d,0xd,0xa,0x20,0x20,0x20,0x20,0x7d,0xd,0xa,0xd,
  0xa,0x20,0x20,0x20,0x20,0x70,0x72,0x6f,0x70,0x65,0x72,0x74,0x79,0x20,0x4c,0x6f,
  0x61,0x64,0x65,0x72,0x20,0x6c,0x6f,0x61,0x64,0x65,0x72,0x3a,0x20,0x4c,0x6f,0x61,
  0x64,0x65,0x72,0x20,0x7b,0xd,0xa,0x20,0x20,0x20,0x20,0x20,0x20,0x20,0x20,0x61,
  0x63,0x74,0x69,0x76,0x65,0x3a,0x20,0x66,0x61,0x6c,0x73,0x65,0xd,0xa,0x20,0x20,
  0x20,0x20,0x20,0x20,0x20,0x20,0x66,0x75,0x6e,0x63,0x74,0x69,0x6f,0x6e,0x20,0x73,
  0x68,0x6f,0x77,0x28,0x29,0x20,0x7b,0xd,0xa,0x20,0x20,0x20,0x20,0x20,0x20,0x20,
  0x20,0x20,0x20,0x20,0x20,0x61,0x63,0x74,0x69,0x76,0x65,0x20,0x3d,0x20,0x74,0x72,
  0x75,0x65,0xd,0xa,0x20,0x20,0x20,0x20,0x20,0x20,0x20,0x20,0x20,0x20,0x20,0x20,
  0x69,0x74,0x65,0x6d,0x2e,0x73,0x68,0x6f,0x77,0x28,0x29,0xd,0xa,0x20,0x20,0x20,
  0x20,0x20,0x20,0x20,0x20,0x20,0x20,0x20,0x20,0x69,0x74,0x65,0x6d,0x2e,0x72,0x61,
  0x69,0x73,0x65,0x28,0x29,0xd,0xa,0x20,0x20,0x20,0x20,0x20,0x20,0x20,0x20,0x20,
  0x20,0x20,0x20,0x69,0x74,0x65,0x6d,0x2e,0x72,0x65,0x71,0x75,0x65,0x73,0x74,0x41,
  0x63,0x74,0x69,0x76,0x61,0x74,0x65,0x28,0x29,0xd,0xa,0x20,0x20,0x20,0x20,0x20,
  0x20,0x20,0x20,0x7d,0xd,0xa,0xd,0xa,0x20,0x20,0x20,0x20,0x20,0x20,0x20,0x20,
  0x73,0x6f,0x75,0x72,0x63,0x65,0x43,0x6f,0x6d,0x70,0x6f,0x6e,0x65,0x6e,0x74,0x3a,
  0x20,0x77,0x69,0x6e,0x64,0x6f,0x77,0x43,0x6f,0x6d,0x70,0x6f,0x6e,0x65,0x6e,0x74,
  0xd,0xa,0x20,0x20,0x20,0x20,0x7d,0xd,0xa,0xd,0xa,0x20,0x20,0x20,0x20,0x70,
  0x72,0x6f,0x70,0x65,0x72,0x74,0x79,0x20,0x43,0x6f,0x6d,0x70,0x6f,0x6e,0x65,0x6e,
  0x74,0x20,0x77,0x69,0x6e,0x64,0x6f,0x77,0x43,0x6f,0x6d,0x70,0x6f,0x6e,0x65,0x6e,
  0x74,0x3a,0x20,0x20,0x43,0x6f,0x6d,0x70,0x6f,0x6e,0x65,0x6e,0x74,0x20,0x7b,0xd,
  0xa,0xd,0xa,0x20,0x20,0x20,0x20,0x20,0x20,0x20,0x20,0x57,0x69,0x6e,0x64,0x6f,
  0x77,0x20,0x7b,0xd,0xa,0xd,0xa,0x20,0x20,0x20,0x20,0x20,0x20,0x20,0x20,0x20,
  0x20,0x20,0x20,0x69,0x64,0x3a,0x20,0x64,0x69,0x61,0x6c,0x6f,0x67,0xd,0xa,0xd,
  0xa,0x20,0x20,0x20,0x20,0x20,0x20,0x20,0x20,0x20,0x20,0x20,0x20,0x74,0x69,0x74,
  0x6c,0x65,0x3a,0x20,0x72,0x6f,0x6f,0x74,0x2e,0x64,0x69,0x61,0x6c,0x6f,0x67,0x54,
  0x69,0x74,0x6c,0x65,0xd,0xa,0x20,0x20,0x20,0x20,0x20,0x20,0x20,0x20,0x20,0x20,
  0x20,0x20,0x6d,0x6f,0x64,0x61,0x6c,0x69,0x74,0x79,0x3a,0x20,0x51,0x74,0x2e,0x57,
  0x69,0x6e,0x64,0x6f,0x77,0x4d,0x6f,0x64,0x61,0x6c,0xd,0xa,0x20,0x20,0x20,0x20,
  0x20,0x20,0x20,0x20,0x20,0x20,0x20,0x20,0x74,0x72,0x61,0x6e,0x73,0x69,0x65,0x6e,
  0x74,0x50,0x61,0x72,0x65,0x6e,0x74,0x3a,0x20,0x72,0x6f,0x6f,0x74,0x2e,0x57,0x69,
  0x6e,0x64,0x6f,0x77,0x2e,0x77,0x69,0x6e,0x64,0x6f,0x77,0xd,0xa,0xd,0xa,0x20,
  0x20,0x20,0x20,0x20,0x20,0x20,0x20,0x20,0x20,0x20,0x20,0x77,0x69,0x64,0x74,0x68,
  0x3a,0x20,0x34,0x30,0x30,0xd,0xa,0x20,0x20,0x20,0x20,0x20,0x20,0x20,0x20,0x20,
  0x20,0x20,0x20,0x68,0x65,0x69,0x67,0x68,0x74,0x3a,0x20,0x63,0x6f,0x6c,0x75,0x6d,
  0x6e,0x2e,0x68,0x65,0x69,0x67,0x68,0x74,0xd,0xa,0xd,0xa,0x20,0x20,0x20,0x20,
  0x20,0x20,0x20,0x20,0x20,0x20,0x20,0x20,0x6d,0x69,0x6e,0x69,0x6d,0x75,0x6d,0x57,
  0x69,0x64,0x74,0x68,0x3a,0x20,0x34,0x30,0x30,0xd,0xa,0x20,0x20,0x20,0x20,0x20,
  0x20,0x20,0x20,0x20,0x20,0x20,0x20,0x6d,0x69,0x6e,0x69,0x6d,0x75,0x6d,0x48,0x65,
  0x69,0x67,0x68,0x74,0x3a,0x20,0x31,0x30,0x30,0xd,0xa,0x20,0x20,0x20,0x20,0x20,
  0x20,0x20,0x20,0x20,0x20,0x20,0x20,0x66,0x6c,0x61,0x67,0x73,0x3a,0x20,0x51,0x74,
  0x2e,0x44,0x69,0x61,0x6c,0x6f,0x67,0x20,0x7c,0x20,0x51,0x74,0x2e,0x57,0x69,0x6e,
  0x64,0x6f,0x77,0x53,0x74,0x61,0x79,0x73,0x4f,0x6e,0x54,0x6f,0x70,0x48,0x69,0x6e,
  0x74,0x20,0x7c,0x20,0x51,0x74,0x2e,0x57,0x69,0x6e,0x64,0x6f,0x77,0x54,0x69,0x74,
  0x6c,0x65,0x48,0x69,0x6e,0x74,0xd,0xa,0xd,0xa,0x20,0x20,0x20,0x20,0x20,0x20,
  0x20,0x20,0x20,0x20,0x20,0x20,0x52,0x65,0x63,0x74,0x61,0x6e,0x67,0x6c,0x65,0x20,
  0x7b,0xd,0xa,0x20,0x20,0x20,0x20,0x20,0x20,0x20,0x20,0x20,0x20,0x20,0x20,0x20,
  0x20,0x20,0x20,0x69,0x64,0x3a,0x20,0x62,0x61,0x63,0x6b,0x67,0x72,0x6f,0x75,0x6e,
  0x64,0xd,0xa,0x20,0x20,0x20,0x20,0x20,0x20,0x20,0x20,0x20,0x20,0x20,0x20,0x20,
  0x20,0x20,0x20,0x61,0x6e,0x63,0x68,0x6f,0x72,0x73,0x2e,0x66,0x69,0x6c,0x6c,0x3a,
  0x20,0x70,0x61,0x72,0x65,0x6e,0x74,0xd,0xa,0xd,0xa,0x20,0x20,0x20,0x20,0x20,
  0x20,0x20,0x20,0x20,0x20,0x20,0x20,0x20,0x20,0x20,0x20,0x53,0x63,0x72,0x6f,0x6c,
  0x6c,0x56,0x69,0x65,0x77,0x20,0x7b,0xd,0xa,0x20,0x20,0x20,0x20,0x20,0x20,0x20,
  0x20,0x20,0x20,0x20,0x20,0x20,0x20,0x20,0x20,0x20,0x20,0x20,0x20,0x61,0x6e,0x63,
  0x68,0x6f,0x72,0x73,0x2e,0x66,0x69,0x6c,0x6c,0x3a,0x20,0x70,0x61,0x72,0x65,0x6e,
  0x74,0xd,0xa,0xd,0xa,0xd,0xa,0x20,0x20,0x20,0x20,0x20,0x20,0x20,0x20,0x20,
  0x20,0x20,0x20,0x20,0x20,0x20,0x20,0x20,0x20,0x20,0x20,0x43,0x6f,0x6c,0x75,0x6d,
  0x6e,0x20,0x7b,0xd,0xa,0x20,0x20,0x20,0x20,0x20,0x20,0x20,0x20,0x20,0x20,0x20,
  0x20,0x20,0x20,0x20,0x20,0x20,0x20,0x20,0x20,0x20,0x20,0x20,0x20,0x69,0x64,0x3a,
  0x20,0x63,0x6f,0x6c,0x75,0x6d,0x6e,0xd,0xa,0x20,0x20,0x20,0x20,0x20,0x20,0x20,
  0x20,0x20,0x20,0x20,0x20,0x20,0x20,0x20,0x20,0x20,0x20,0x20,0x20,0x20,0x20,0x20,
  0x20,0x52,0x65,0x70,0x65,0x61,0x74,0x65,0x72,0x20,0x7b,0xd,0xa,0x20,0x20,0x20,
  0x20,0x20,0x20,0x20,0x20,0x20,0x20,0x20,0x20,0x20,0x20,0x20,0x20,0x20,0x20,0x20,
  0x20,0x20,0x20,0x20,0x20,0x20,0x20,0x20,0x20,0x6d,0x6f,0x64,0x65,0x6c,0x3a,0x20,
  0x74,0x61,0x72,0x67,0x65,0x74,0x73,0xd,0xa,0x20,0x20,0x20,0x20,0x20,0x20,0x20,
  0x20,0x20,0x20,0x20,0x20,0x20,0x20,0x20,0x20,0x20,0x20,0x20,0x20,0x20,0x20,0x20,
  0x20,0x20,0x20,0x20,0x20,0x52,0x65,0x63,0x74,0x61,0x6e,0x67,0x6c,0x65,0x20,0x7b,
  0xd,0xa,0x20,0x20,0x20,0x20,0x20,0x20,0x20,0x20,0x20,0x20,0x20,0x20,0x20,0x20,
  0x20,0x20,0x20,0x20,0x20,0x20,0x20,0x20,0x20,0x20,0x20,0x20,0x20,0x20,0x20,0x20,
  0x20,0x20,0x76,0x69,0x73,0x69,0x62,0x6c,0x65,0x3a,0x20,0x72,0x6f,0x6f,0x74,0x2e,
  0x74,0x61,0x72,0x67,0x65,0x74,0x73,0x5b,0x69,0x6e,0x64,0x65,0x78,0x5d,0x2e,0x71,
  0x75,0x65,0x73,0x74,0x69,0x6f,0x6e,0x20,0x21,0x3d,0x3d,0x20,0x22,0x22,0xd,0xa,
  0x20,0x20,0x20,0x20,0x20,0x20,0x20,0x20,0x20,0x20,0x20,0x20,0x20,0x20,0x20,0x20,
  0x20,0x20,0x20,0x20,0x20,0x20,0x20,0x20,0x20,0x20,0x20,0x20,0x20,0x20,0x20,0x20,
  0x77,0x69,0x64,0x74,0x68,0x3a,0x20,0x62,0x61,0x63,0x6b,0x67,0x72,0x6f,0x75,0x6e,
  0x64,0x2e,0x77,0x69,0x64,0x74,0x68,0xd,0xa,0x20,0x20,0x20,0x20,0x20,0x20,0x20,
  0x20,0x20,0x20,0x20,0x20,0x20,0x20,0x20,0x20,0x20,0x20,0x20,0x20,0x20,0x20,0x20,
  0x20,0x20,0x20,0x20,0x20,0x20,0x20,0x20,0x20,0x68,0x65,0x69,0x67,0x68,0x74,0x3a,
  0x20,0x32,0x30,0xd,0xa,0x20,0x20,0x20,0x20,0x20,0x20,0x20,0x20,0x20,0x20,0x20,
  0x20,0x20,0x20,0x20,0x20,0x20,0x20,0x20,0x20,0x20,0x20,0x20,0x20,0x20,0x20,0x20,
  0x20,0x20,0x20,0x20,0x20,0x6f,0x70,0x61,0x63,0x69,0x74,0x79,0x3a,0x20,0x6d,0x6f,
  0x75,0x73,0x65,0x41,0x72,0x65,0x61,0x2e,0x63,0x6f,0x6e,0x74,0x61,0x69,0x6e,0x73,
  0x4d,0x6f,0x75,0x73,0x65,0x20,0x3f,0x20,0x31,0x20,0x3a,0x20,0x30,0x2e,0x38,0xd,
  0xa,0x20,0x20,0x20,0x20,0x20,0x20,0x20,0x20,0x20,0x20,0x20,0x20,0x20,0x20,0x20,
  0x20,0x20,0x20,0x20,0x20,0x20,0x20,0x20,0x20,0x20,0x20,0x20,0x20,0x20,0x20,0x20,
  0x20,0x63,0x6f,0x6c,0x6f,0x72,0x3a,0x20,0x69,0x6e,0x64,0x65,0x78,0x20,0x2f,0x20,
  0x32,0x20,0x3f,0x20,0x22,0x23,0x65,0x62,0x65,0x63,0x66,0x30,0x22,0x20,0x3a,0x20,
  0x22,0x77,0x68,0x69,0x74,0x65,0x22,0xd,0xa,0x20,0x20,0x20,0x20,0x20,0x20,0x20,
  0x20,0x20,0x20,0x20,0x20,0x20,0x20,0x20,0x20,0x20,0x20,0x20,0x20,0x20,0x20,0x20,
  0x20,0x20,0x20,0x20,0x20,0x20,0x20,0x20,0x20,0x4d,0x6f,0x75,0x73,0x65,0x41,0x72,
  0x65,0x61,0x20,0x7b,0xd,0xa,0x20,0x20,0x20,0x20,0x20,0x20,0x20,0x20,0x20,0x20,
  0x20,0x20,0x20,0x20,0x20,0x20,0x20,0x20,0x20,0x20,0x20,0x20,0x20,0x20,0x20,0x20,
  0x20,0x20,0x20,0x20,0x20,0x20,0x20,0x20,0x20,0x20,0x69,0x64,0x3a,0x20,0x6d,0x6f,
  0x75,0x73,0x65,0x41,0x72,0x65,0x61,0xd,0xa,0x20,0x20,0x20,0x20,0x20,0x20,0x20,
  0x20,0x20,0x20,0x20,0x20,0x20,0x20,0x20,0x20,0x20,0x20,0x20,0x20,0x20,0x20,0x20,
  0x20,0x20,0x20,0x20,0x20,0x20,0x20,0x20,0x20,0x20,0x20,0x20,0x20,0x68,0x6f,0x76,
  0x65,0x72,0x45,0x6e,0x61,0x62,0x6c,0x65,0x64,0x3a,0x20,0x74,0x72,0x75,0x65,0xd,
  0xa,0x20,0x20,0x20,0x20,0x20,0x20,0x20,0x20,0x20,0x20,0x20,0x20,0x20,0x20,0x20,
  0x20,0x20,0x20,0x20,0x20,0x20,0x20,0x20,0x20,0x20,0x20,0x20,0x20,0x20,0x20,0x20,
  0x20,0x20,0x20,0x20,0x20,0x6f,0x6e,0x43,0x6c,0x69,0x63,0x6b,0x65,0x64,0x3a,0x20,
  0x7b,0xd,0xa,0x20,0x20,0x20,0x20,0x20,0x20,0x20,0x20,0x20,0x20,0x20,0x20,0x20,
  0x20,0x20,0x20,0x20,0x20,0x20,0x20,0x20,0x20,0x20,0x20,0x20,0x20,0x20,0x20,0x20,
  0x20,0x20,0x20,0x20,0x20,0x20,0x20,0x20,0x20,0x20,0x20,0x72,0x6f,0x6f,0x74,0x2e,
  0x74,0x61,0x72,0x67,0x65,0x74,0x73,0x5b,0x69,0x6e,0x64,0x65,0x78,0x5d,0x2e,0x5f,
  0x5f,0x64,0x65,0x63,0x69,0x73,0x69,0x6f,0x6e,0x54,0x72,0x69,0x67,0x67,0x65,0x72,
  0x28,0x29,0xd,0xa,0x20,0x20,0x20,0x20,0x20,0x20,0x20,0x20,0x20,0x20,0x20,0x20,
  0x20,0x20,0x20,0x20,0x20,0x20,0x20,0x20,0x20,0x20,0x20,0x20,0x20,0x20,0x20,0x20,
  0x20,0x20,0x20,0x20,0x20,0x20,0x20,0x20,0x20,0x20,0x20,0x20,0x6c,0x6f,0x61,0x64,
  0x65,0x72,0x2e,0x69,0x74,0x65,0x6d,0x2e,0x63,0x6c,0x6f,0x73,0x65,0x28,0x29,0xd,
  0xa,0x20,0x20,0x20,0x20,0x20,0x20,0x20,0x20,0x20,0x20,0x20,0x20,0x20,0x20,0x20,
  0x20,0x20,0x20,0x20,0x20,0x20,0x20,0x20,0x20,0x20,0x20,0x20,0x20,0x20,0x20,0x20,
  0x20,0x20,0x20,0x20,0x20,0x20,0x20,0x20,0x20,0x6c,0x6f,0x61,0x64,0x65,0x72,0x2e,
  0x61,0x63,0x74,0x69,0x76,0x65,0x20,0x3d,0x20,0x66,0x61,0x6c,0x73,0x65,0xd,0xa,
  0x20,0x20,0x20,0x20,0x20,0x20,0x20,0x20,0x20,0x20,0x20,0x20,0x20,0x20,0x20,0x20,
  0x20,0x20,0x20,0x20,0x20,0x20,0x20,0x20,0x20,0x20,0x20,0x20,0x20,0x20,0x20,0x20,
  0x20,0x20,0x20,0x20,0x7d,0xd,0xa,0x20,0x20,0x20,0x20,0x20,0x20,0x20,0x20,0x20,
  0x20,0x20,0x20,0x20,0x20,0x20,0x20,0x20,0x20,0x20,0x20,0x20,0x20,0x20,0x20,0x20,
  0x20,0x20,0x20,0x20,0x20,0x20,0x20,0x20,0x20,0x20,0x20,0x61,0x6e,0x63,0x68,0x6f,
  0x72,0x73,0x2e,0x66,0x69,0x6c,0x6c,0x3a,0x20,0x70,0x61,0x72,0x65,0x6e,0x74,0xd,
  0xa,0x20,0x20,0x20,0x20,0x20,0x20,0x20,0x20,0x20,0x20,0x20,0x20,0x20,0x20,0x20,
  0x20,0x20,0x20,0x20,0x20,0x20,0x20,0x20,0x20,0x20,0x20,0x20,0x20,0x20,0x20,0x20,
  0x20,0x7d,0xd,0xa,0xd,0xa,0x20,0x20,0x20,0x20,0x20,0x20,0x20,0x20,0x20,0x20,
  0x20,0x20,0x20,0x20,0x20,0x20,0x20,0x20,0x20,0x20,0x20,0x20,0x20,0x20,0x20,0x20,
  0x20,0x20,0x20,0x20,0x20,0x20,0x54,0x65,0x78,0x74,0x20,0x7b,0xd,0xa,0x20,0x20,
  0x20,0x20,0x20,0x20,0x20,0x20,0x20,0x20,0x20,0x20,0x20,0x20,0x20,0x20,0x20,0x20,
  0x20,0x20,0x20,0x20,0x20,0x20,0x20,0x20,0x20,0x20,0x20,0x20,0x20,0x20,0x20,0x20,
  0x20,0x20,0x68,0x65,0x69,0x67,0x68,0x74,0x3a,0x20,0x32,0x30,0xd,0xa,0x20,0x20,
  0x20,0x20,0x20,0x20,0x20,0x20,0x20,0x20,0x20,0x20,0x20,0x20,0x20,0x20,0x20,0x20,
  0x20,0x20,0x20,0x20,0x20,0x20,0x20,0x20,0x20,0x20,0x20,0x20,0x20,0x20,0x20,0x20,
  0x20,0x20,0x74,0x65,0x78,0x74,0x3a,0x20,0x72,0x6f,0x6f,0x74,0x2e,0x74,0x61,0x72,
  0x67,0x65,0x74,0x73,0x5b,0x69,0x6e,0x64,0x65,0x78,0x5d,0x2e,0x71,0x75,0x65,0x73,
  0x74,0x69,0x6f,0x6e,0xd,0xa,0x20,0x20,0x20,0x20,0x20,0x20,0x20,0x20,0x20,0x20,
  0x20,0x20,0x20,0x20,0x20,0x20,0x20,0x20,0x20,0x20,0x20,0x20,0x20,0x20,0x20,0x20,
  0x20,0x20,0x20,0x20,0x20,0x20,0x20,0x20,0x20,0x20,0x76,0x65,0x72,0x74,0x69,0x63,
  0x61,0x6c,0x41,0x6c,0x69,0x67,0x6e,0x6d,0x65,0x6e,0x74,0x3a,0x20,0x54,0x65,0x78,
  0x74,0x2e,0x41,0x6c,0x69,0x67,0x6e,0x56,0x43,0x65,0x6e,0x74,0x65,0x72,0xd,0xa,
  0x20,0x20,0x20,0x20,0x20,0x20,0x20,0x20,0x20,0x20,0x20,0x20,0x20,0x20,0x20,0x20,
  0x20,0x20,0x20,0x20,0x20,0x20,0x20,0x20,0x20,0x20,0x20,0x20,0x20,0x20,0x20,0x20,
  0x7d,0xd,0xa,0x20,0x20,0x20,0x20,0x20,0x20,0x20,0x20,0x20,0x20,0x20,0x20,0x20,
  0x20,0x20,0x20,0x20,0x20,0x20,0x20,0x20,0x20,0x20,0x20,0x20,0x20,0x20,0x20,0x7d,
  0xd,0xa,0x20,0x20,0x20,0x20,0x20,0x20,0x20,0x20,0x20,0x20,0x20,0x20,0x20,0x20,
  0x20,0x20,0x20,0x20,0x20,0x20,0x20,0x20,0x20,0x20,0x7d,0xd,0xa,0x20,0x20,0x20,
  0x20,0x20,0x20,0x20,0x20,0x20,0x20,0x20,0x20,0x20,0x20,0x20,0x20,0x20,0x20,0x20,
  0x20,0x7d,0xd,0xa,0x20,0x20,0x20,0x20,0x20,0x20,0x20,0x20,0x20,0x20,0x20,0x20,
  0x20,0x20,0x20,0x20,0x7d,0xd,0xa,0x20,0x20,0x20,0x20,0x20,0x20,0x20,0x20,0x20,
  0x20,0x20,0x20,0x7d,0xd,0xa,0x20,0x20,0x20,0x20,0x20,0x20,0x20,0x20,0x7d,0xd,
  0xa,0xd,0xa,0x20,0x20,0x20,0x20,0x7d,0xd,0xa,0x7d,0xd,0xa,
    // FlowView.qml
  0x0,0x0,0x7,0xff,
  0x28,
  0xb5,0x2f,0xfd,0x60,0x25,0x21,0xad,0x3f,0x0,0xda,0x42,0xa0,0xb,0x27,0xf0,0x94,
  0x9b,0x3,0x54,0xc8,0xa2,0xc9,0xa5,0x6c,0xd7,0x21,0x48,0xdb,0x96,0xee,0xcd,0x29,
  0x50,0x87,0xd3,0x80,0xe8,0x81,0x2a,0x2,0xcc,0x42,0xc8,0x1d,0x92,0x50,0xc2,0xe2,
  0xc4,0x79,0x2d,0x57,0x1,0xaf,0x0,0xae,0x0,0xb3,0x0,0xda,0x79,0xda,0xbd,0x7c,
  0x1d,0xd2,0xb7,0xed,0x91,0x7a,0xfb,0x82,0x8f,0x53,0xcf,0x76,0x3e,0xd6,0x76,0xf9,
  0x2,0x86,0x57,0xce,0xab,0x23,0x98,0x1,0x29,0xb4,0x1e,0xc8,0xd5,0xfb,0x29,0xa5,
  0xca,0x52,0x5e,0xa7,0xfe,0xd4,0x7b,0x5d,0xdb,0x4b,0x88,0x61,0x6b,0xf9,0xfa,0x1a,
  0xad,0x7f,0x92,0x6a,0x87,0xd6,0xa5,0xe7,0xd2,0x5b,0xc8,0xc1,0xe9,0x51,0x55,0xca,
  0xb8,0x71,0xad,0xb8,0xcb,0x6d,0xac,0x54,0x40,0xc5,0x45,0x44,0x86,0x93,0x61,0xc1,
  0xd9,0x4c,0x54,0x80,0x58,0x4c,0x44,0x70,0x1c,0x40,0x34,0x30,0x2,0x58,0xec,0xa7,
  0xf,0xb2,0x3e,0x69,0xa3,0x3e,0x3c,0xa4,0xad,0x85,0x11,0xc1,0x37,0x67,0xf5,0xb8,
  0x57,0xb7,0xd1,0xe3,0x4e,0x1a,0x17,0xe9,0x6d,0x7c,0xda,0xd6,0x5d,0xe0,0xb2,0x16,
  0x61,0xd7,0x75,0x5d,0x2e,0x99,0x58,0x75,0x4f,0xcf,0x74,0xcb,0x7e,0xc,0xea,0x8a,
  0x7f,0x5e,0x56,0x54,0x63,0x5c,0x27,0x8d,0x63,0x10,0x30,0x8,0xb7,0x6c,0x2a,0xef,
  0x49,0x5a,0xfe,0x54,0x70,0xf3,0x9,0x65,0xe0,0x12,0x1b,0x5f,0xb2,0x6,0xc4,0x3f,
  0xcd,0x5a,0xe9,0x84,0xc1,0x20,0x3c,0x33,0x35,0xb4,0x57,0x43,0xc8,0xcf,0x40,0xfb,
  0xff,0x13,0xa,0xc9,0x29,0xed,0x9,0xcc,0x1,0x43,0x68,0x8c,0x37,0xc3,0x8a,0xda,
  0x9,0x25,0xe0,0xc1,0x82,0xe3,0xa8,0x9e,0x18,0x86,0x25,0x18,0xb8,0x4a,0xba,0x5c,
  0x24,0x86,0xcc,0x7a,0x92,0x52,0xce,0xed,0xf5,0xc8,0x6b,0x89,0x28,0xb3,0x15,0x9f,
  0x1e,0xf6,0x5,0x9d,0x83,0x97,0xae,0x47,0xf9,0x1a,0x53,0xdd,0xc5,0x59,0x4,0xa5,
  0xc,0x69,0x59,0x59,0xae,0x25,0xb0,0xb7,0x9c,0x3a,0xc5,0xea,0x31,0x19,0x84,0x50,
  0x86,0x38,0xe7,0x81,0xe2,0xd3,0xa9,0x58,0x3b,0xdd,0x2d,0x15,0x3c,0x77,0x56,0xce,
  0xf0,0x9,0x91,0xd5,0x13,0x41,0x56,0xe8,0x59,0x87,0xb4,0xd3,0xd0,0xd6,0x75,0xac,
  0x8b,0xbb,0x64,0x7d,0x1a,0xf1,0xd,0x8b,0x8,0xcb,0xa0,0xf3,0x4f,0x8a,0x61,0xf4,
  0x96,0x75,0x6a,0xb6,0x22,0x3,0xd5,0xf8,0xf8,0xe0,0xf6,0x42,0x67,0x8,0x71,0x6,
  0xbd,0xbc,0x5,0x3f,0x7f,0xaa,0x57,0x7,0xc,0x97,0xcb,0x33,0xcf,0x4e,0x88,0x85,
  0xb4,0xec,0xf8,0xcc,0x3e,0xe6,0xba,0xdc,0x6b,0x3e,0xa2,0xd0,0xfb,0x58,0x8f,0x25,
  0x20,0xb8,0xc2,0x53,0x86,0xdc,0x4e,0x1b,0xe7,0xbe,0xf0,0xbd,0xc2,0x37,0x1a,0xd1,
  0xa7,0x0,0x69,0xab,0x3,0x70,0xce,0x7a,0xfa,0x81,0xf1,0xb0,0x1c,0x18,0x54,0x62,
  0xc7,0x74,0xc,0x9d,0x1e,0xcd,0x2d,0x95,0x6b,0x20,0xad,0x2a,0x58,0x9d,0xd3,0xc3,
  0x56,0x2b,0x5b,0x30,0xd7,0x68,0x34,0x9f,0x5a,0x7a,0xea,0xd8,0x4,0x2,0xc2,0x2a,
  0x8f,0xd6,0x52,0x9,0x69,0xe9,0x0,0xa5,0xf6,0xac,0xc8,0xe2,0x7e,0xe6,0xd2,0xe5,
  0x88,0xab,0xd1,0x65,0xf4,0xcc,0x87,0x61,0xc7,0x95,0x8,0x69,0xd0,0x75,0x1c,0x84,
  0x9d,0xa,0x5e,0x40,0x9,0xa1,0x1e,0x7,0x63,0xdc,0x87,0x82,0x7e,0xd9,0xf1,0x4d,
  0x58,0x8f,0xd3,0x4d,0xa3,0x88,0x73,0xca,0x7a,0x5a,0xf2,0x4c,0x4b,0xd6,0x7e,0xb,
  0x71,0x36,0xc8,0x6d,0x47,0xdc,0xa6,0xf,0x31,0x3a,0xc3,0x42,0xc7,0x75,0xda,0x18,
  0x46,0x20,0x20,0x4f,0x99,0xad,0xd6,0xce,0xca,0x48,0xa1,0x13,0xca,0x84,0x32,0xa1,
  0x94,0xc0,0xee,0x7,0x37,0x14,0x64,0xe9,0xad,0x72,0x5e,0x3b,0xce,0x62,0x6f,0xf4,
  0xce,0xa9,0x1b,0xbe,0xbc,0x76,0xa8,0x2b,0x57,0x54,0xca,0xb,0xd8,0x50,0xca,0x8a,
  0x35,0xa7,0x25,0x2e,0xfb,0x24,0x73,0x83,0xe6,0x9c,0x1c,0xf,0x62,0x2a,0xd2,0x5b,
  0xe8,0x6d,0x87,0x35,0x6,0xd3,0x7,0x9f,0x4e,0x7d,0xe8,0x71,0xdb,0x46,0xdb,0xb4,
  0x8a,0xcf,0x47,0x13,0xac,0xb,0x60,0x5f,0x40,0xe0,0xfd,0x6e,0xca,0xbc,0x91,0x94,
  0x91,0x64,0x5f,0x50,0x59,0xad,0x9d,0xd1,0x1a,0x59,0xab,0xc4,0xa9,0xa1,0x9d,0x1d,
  0x19,0xb4,0x14,0x50,0x90,0x2b,0x13,0x21,0x4d,0xa7,0xd6,0x9a,0x77,0x5f,0xcd,0xee,
  0x5c,0x1e,0x3e,0xf6,0xbe,0x8d,0x34,0x1a,0x80,0x47,0xcc,0x72,0x70,0x83,0xb7,0x7,
  0x99,0xa5,0x32,0x45,0xcb,0x52,0xd9,0xb4,0x92,0x48,0x2f,0xa7,0x4d,0xc3,0x83,0xea,
  0xac,0x96,0x11,0xa3,0xb2,0xe4,0x52,0x59,0x5d,0x67,0xe3,0xbe,0x85,0xe8,0xbb,0x1c,
  0x49,0xca,0xe3,0x99,0x7,0x82,0x40,0xa8,0x12,0x4d,0xc7,0x98,0x21,0x1a,0x11,0x91,
  0x24,0x49,0xd2,0x1,0x42,0x18,0x8,0xc2,0x81,0x52,0x35,0xd9,0x8a,0x7b,0x62,0x80,
  0x40,0xc5,0x31,0x3c,0x6,0x61,0x8,0x82,0x44,0x13,0x44,0x64,0x82,0x9,0x44,0x44,
  0x44,0x4a,0x41,0x52,0x98,0xc,0x63,0xa7,0xa0,0x1e,0x2e,0x3e,0xb5,0x14,0xc1,0x86,
  0x6,0xc0,0x1,0x2b,0x8f,0x9d,0xf5,0x9e,0xba,0xf,0x97,0xc9,0x20,0x61,0x79,0x9b,
  0x79,0xa5,0x4d,0xe3,0x88,0x42,0x83,0x1c,0x58,0x56,0x4b,0x71,0xa2,0x68,0xba,0x82,
  0x75,0xd6,0xf,0x39,0x4a,0x6f,0x42,0xab,0x9d,0x58,0x4b,0xe,0x8f,0x44,0x55,0xfa,
  0x11,0x93,0xdc,0xde,0x75,0x14,0x5a,0xcf,0xe6,0x6b,0xcf,0x6b,0x7a,0xae,0x5b,0x5,
  0xf7,0xef,0x69,0x3f,0xb8,0xd9,0xb9,0x22,0x19,0xed,0xc5,0x13,0xed,0x44,0x9a,0x7a,
  0x4e,0x3,0xec,0x4,0x63,0x26,0xcd,0xa5,0x57,0xad,0x75,0x8e,0x58,0x67,0x1a,0xd1,
  0x59,0x5a,0xf8,0x51,0xc,0xf9,0xb7,0x40,0xb0,0x9e,0xcc,0x8e,0xcf,0x61,0x8e,0xa2,
  0x51,0xf5,0x3b,0xfc,0xb6,0xb0,0x40,0xae,0x2c,0x48,0x20,0xa9,0x3,0x2a,0x8e,0xca,
  0x88,0xe0,0x84,0x70,0x70,0xa1,0xa8,0x95,0xbd,0x53,0xde,0xeb,0x4a,0x90,0x71,0xb,
  0x16,0x47,0x7,0x9b,0xd3,0x68,0xf4,0x2a,0xe1,0xf4,0x62,0xed,0x73,0x88,0x7e,0xa8,
  0xa9,0xd2,0xaf,0x70,0x84,0xa5,0x35,0x6b,0x65,0x33,0xb2,0xc5,0x62,0xb1,0x4d,0x3b,
  0xb5,0x96,0x9a,0x5e,0x2b,0x94,0x82,0xe4,0x70,0x12,0x27,0x29,0xef,0xed,0x17,0x8d,
  0xb3,0xfe,0xc6,0x8f,0x4d,0x1,0x30,0x1c,0x83,0x91,0xcf,0xbe,0xfd,0x1c,0x6c,0xe6,
  0x6f,0xa3,0x1f,0x97,0x8c,0x1a,0x39,0x30,0x16,0xd0,0xd9,0xe1,0x60,0x44,0xdb,0x99,
  0x80,0x2f,0x1,0x14,0x40,0xec,0x9b,0x5,0x8d,0x9b,0xa,0x33,0xf9,0xaf,0xd6,0x38,
  0xdf,0x6a,0x1b,0xff,0xa2,0x73,0xb,0x3b,0x12,0xb5,0x2a,0x49,0xdf,0x32,0x3f,0x1f,
  0x56,0xbd,0x39,0x6c,0x82,0xce,0xd4,0x5e,0xcc,0x33,0x6d,0xcc,0x20,0x15,0x1b,0xc8,
  0x10,0x9e,0x95,0xc3,0xa8,0x3d,0x12,0xa9,0x34,0x2e,0x7f,0x3b,0xc0,0xb6,0xe4,0xde,
  0x7a,0x93,0x28,0x19,0xee,0x9c,0x5e,0xe4,0x6f,0xbe,0x80,0x96,0x82,0x1b,0xfd,0x5d,
  0x6,0x1c,0xa,0x28,0xb0,0x23,0x28,0xaa,0x46,0xc8,0x57,0x60,0x77,0xd2,0xc6,0xb,
  0x94,0xbd,0xfc,0xc1,0x58,0x16,0x48,0x8b,0x56,0xf9,0x55,0xc0,0x9d,0xff,0x8f,0x7f,
  0x62,0xb2,0xb5,0x28,0x44,0xa8,0xde,0xa2,0xc,0x37,0x61,0xba,0x5,0xa7,0x80,0xfa,
  0xd9,0x5a,0x12,0x77,0x63,0xa8,0xf5,0xd2,0xee,0x31,0xb2,0xaa,0xd2,0x2,0x69,0x3b,
  0xfb,0xfc,0x80,0x45,0x5b,0xcc,0x2c,0x5c,0x18,0xe5,0xb7,0xbd,0xf4,0x7b,0x18,0xbc,
  0x4d,0x6b,0x2d,0xd4,0xb9,0xa1,0xf1,0xad,0x2b,0x26,0xb7,0x47,0xbf,0x83,0xc5,0x48,
  0x5a,0xc5,0xde,0x99,0x63,0x21,0x79,0xed,0xb5,0xe,0x31,0x1b,0xc1,0xc2,0xb3,0x9f,
  0x1,0xec,0xf0,0x9d,0x4,0xb5,0xc7,0x1f,0xe6,0xf7,0x83,0x26,0xbc,0xdb,0x8a,0xf3,
  0x4e,0x4a,0xb8,0x31,0x64,0x3e,0x1,0xff,0x7,0x19,0x5b,0xf3,0xd8,0x82,0x70,0x31,
  0x7a,0xe7,0x44,0xa5,0x86,0xea,0x36,0x21,0x6a,0x3,0xe8,0x22,0x6f,0xc4,0xcd,0x11,
  0xae,0x30,0xfd,0xfc,0x85,0x14,0x3b,0xee,0x51,0x48,0x36,0xd3,0xa7,0x1d,0xde,0xc8,
  0xda,0xc,0x31,0x25,0x82,0x43,0xdd,0x60,0xe1,0x6,0x5a,0xb6,0x4e,0xb,0xf0,0xe6,
  0x1d,0xda,0xcf,0x8d,0xd3,0x1a,0x48,0xd6,0x3,0x1a,0xb7,0xcc,0xf5,0x1e,0x54,0x8b,
  0xb3,0xae,0x5c,0x8a,0x76,0xf3,0xd0,0x49,0x88,0x0,0xf4,0x5d,0x22,0xfa,0xf0,0x1,
  0x6e,0x9f,0xb0,0xe2,0x91,0x1a,0xbc,0xb,0xe0,0x6a,0xe6,0x26,0x6d,0x7b,0xad,0x2a,
  0xa8,0xa1,0xba,0xd1,0x62,0x3b,0xc7,0x16,0x75,0x86,0xd5,0x8d,0xc2,0xb7,0x8a,0x14,
  0xbf,0x8c,0x87,0xd8,0x2d,0x1c,0x63,0xf7,0xc4,0x1,0x37,0xe,0x1,0x81,0x6c,0xad,
  0xc6,0x67,0x1,0x88,0xc7,0xdd,0x7e,0x40,0x96,0x33,0x1f,0x52,0x6e,0xc1,0x84,0x97,
  0x7,0x96,0x84,0x84,0x17,0x1b,0x31,0x6,0x5e,0x76,0x34,0x73,0xa,0x3b,0x5e,0x51,
  0x16,0x55,0xed,0xee,0xbc,0xc1,0xe6,0x60,0x9c,0x25,0x1d,0x51,0x1,0x99,0x1d,0xd9,
  0xb7,0xe1,0x6d,0x7a,0x1b,0x83,0x5d,0xe,0xf3,0x3,0x7c,0x31,0x56,0x9c,0xa3,0xd1,
  0xfb,0x29,0x41,0x4c,0x4d,0x67,0x4b,0x4,0xf4,0xd,0xaa,0x4f,0xab,0xc1,0x63,0x97,
  0xdf,0xcf,0x30,0x95,0xa5,0x7b,0x6,0x42,0x9a,0xa6,0xe3,0x8c,0x25,0x9e,0xf1,0x5,
  0xa1,0x56,0x3d,0xee,0xee,0x7e,0x42,0x86,0x8d,0x5a,0x26,0x79,0xa0,0x67,0xaa,0xc0,
  0xd1,0x1b,0xb3,0x8f,0xe3,0xa2,0x30,0xb3,0x75,0xfc,0xd3,0xba,0x99,0x4d,0xee,0x4a,
  0xed,0xc,0xba,0xaf,0x88,0x3b,0x95,0x61,0xa,0xa0,0x27,0xa8,0x1,0x22,0x8,0xbd,
  0xc0,0x40,0x87,0x65,0xd3,0xc9,0xba,0x54,0x5f,0xf7,0x3f,0xf9,0xd8,0xe0,0x43,0x2b,
  0x10,0x63,0x16,0x43,0x55,0xb0,0x2e,0xe3,0x32,0x29,0x99,0xb7,0x51,0x5e,0x2b,0xea,
  0xf2,0xe8,0x46,0xa,0xc8,0x9b,0xd3,0x3d,0x61,0x79,0x7b,0x3e,0x78,0xd1,0xd1,0x2b,
  0x4,0x4a,0xfb,0x8a,0x38,0xf5,0xae,0xfe,0xe5,0x45,0x5d,0x2c,0x57,0x1a,0x45,0xa,
  0x33,0xc,0xbf,0xc3,0x82,0x9f,0x2b,0x5f,0x8b,0x34,0xa8,0x67,0xbd,0x1c,0xdd,0x22,
  0x39,0x9e,0xd8,0x58,0xb4,0xa,0x3c,0x50,0x52,0x2c,0x3,0x63,0x2b,0xdb,0xb9,0x52,
  0x99,0xaa,0xdb,0x88,0x76,0xd0,0xc3,0x9f,0x55,0xcc,0x52,0x7f,0xb6,0x32,0xf4,0xba,
  0x66,0xb0,0x35,0x37,0x6f,0x6b,0x78,0x67,0xf,0x40,0x42,0xbc,0x52,0xae,0xf2,0x36,
  0xdb,0x3,0x9,0x2a,0x93,0xda,0xd5,0x96,0x6b,0x67,0xc5,0x30,0x41,0xff,0x2e,0xa9,
  0x7,0x68,0x4e,0xb8,0x90,0x80,0xf2,0x8a,0xf8,0xaf,0x21,0xb9,0x2b,0xa8,0x20,0x75,
  0x92,0xb,0x2c,0xe,0xa7,0xf4,0x67,0x0,0xb7,0xe5,0x91,0xc9,0x54,0xca,0x73,0x12,
  0x12,0xa8,0x33,0xb0,0xa3,0x70,0x5a,0x96,0xee,0x6f,0x3b,0x54,0x2a,0x61,0x5b,0x4e,
  0xfe,0x1c,0x35,0x38,0x8f,0x64,0x15,0x2d,0x1d,0x24,0xa2,0xcb,0xbb,0x13,0x2d,0x65,
  0xbb,0xe4,0xe2,0x40,0x62,0x81,0x56,0xcc,0x58,0x11,0xe4,0x15,0x8c,0xb9,0x9a,0x56,
  0x16,0x78,0xb9,0xc1,0xff,0xad,0x88,0x98,0x4,0xd0,0x2c,0x5a,0x9d,0x4,0x89,0xa9,
  0xa0,0xa9,0xd6,0x8a,0xf7,0x87,0xfe,0x9c,0x35,0x9,0x4f,0x57,0xf,0x81,0x5a,0x3b,
  0x55,0x50,0x50,0x78,0x5e,0x56,0x4d,0x2,0x8a,0xb9,0xa2,0x21,0x4,0x55,0xc6,0x76,
  0x90,0x25,0x45,0x51,0xd0,0xf4,0xdf,0x26,0xca,0xaf,0x48,0x4c,0x91,0xd7,0xca,0xf5,
  0x86,0x1,0xbf,0x46,0x4,0x88,0x84,0x8d,0x2b,0x58,0x3,0xdd,0x19,0x1e,0xe7,0x4f,
  0x3c,0x55,0xd4,0x15,0x35,0xe4,0xa8,0xb7,0xb5,0xd0,0xce,0x16,0x53,0x19,0xd5,0x5c,
  0x48,0xff,0x27,0xae,0x13,0xcd,0x8e,0x25,0x71,0x98,0xec,0xe3,0xbb,0xcf,0x6d,0x3c,
  0x4e,0x19,0x15,0xb3,0xb2,0x15,0x46,0x2a,0x8d,0xf3,0x28,0x44,0x1,0xd2,0x6,0xe4,
  0x8f,0x40,0x73,0xa0,0x72,0x4e,0xd3,0x98,0x10,0x7,0x17,0x17,0x4b,0x57,0x38,0x77,
  0xb3,0xb6,0xb1,0xb4,0xb7,0xa3,0x9c,0xdb,0x4b,0xb6,0x5,0xe3,0xe3,0xbd,0x52,0x95,
  0x71,0x24,0xb3,0xa2,0xfa,0x11,0x26,0x67,0x8,0x93,0xdd,0x52,0xd9,0xd,0xd,0xf2,
  0x6b,0xcb,0x63,0x21,0xdf,0x35,0xde,0x67,0x8f,0x57,0x2e,0xc2,0x6b,0xbb,0x4c,0xd7,
  0x91,0x40,0x9e,0x20,0x90,0x5e,0x1e,0x2a,0xa5,0x90,0x96,0xcc,0x56,0xbd,0xd2,0xbb,
  0x33,0xfd,0xc9,0xf9,0x93,0x3d,0x7b,0x5c,0x24,0x34,0xa1,0xb1,0xdc,0x5b,0xf4,0x5e,
  0x20,0x85,0x4d,0x36,0x76,0x47,0x93,0xcf,0x14,0xa5,0xb8,0x5e,0x25,0x49,0x84,0x90,
  0x1f,0x9c,0x2f,0xd6,0x8f,0x56,0x7,0x42,0xfe,0xa2,0x27,0x60,0x7f,0xb8,0xa1,0x3c,
  0x12,0xc,0xd5,0x8d,0x22,0xdf,0x8e,0x3c,0x51,0xdf,0xf4,0x53,0xae,0x42,0xf3,0xe1,
  0x71,0x77,0x2d,0xf7,0x3c,0x69,0x47,0xf9,0x30,0xff,0x43,0x2d,0x80,0x1a,
    // FlowItem.qml
  0x0,0x0,0xb,0x7,
  0x2f,
  0x2a,0x2a,0x2a,0x2a,0x2a,0x2a,0x2a,0x2a,0x2a,0x2a,0x2a,0x2a,0x2a,0x2a,0x2a,0x2a,
  0x2a,0x2a,0x2a,0x2a,0x2a,0x2a,0x2a,0x2a,0x2a,0x2a,0x2a,0x2a,0x2a,0x2a,0x2a,0x2a,
  0x2a,0x2a,0x2a,0x2a,0x2a,0x2a,0x2a,0x2a,0x2a,0x2a,0x2a,0x2a,0x2a,0x2a,0x2a,0x2a,
  0x2a,0x2a,0x2a,0x2a,0x2a,0x2a,0x2a,0x2a,0x2a,0x2a,0x2a,0x2a,0x2a,0x2a,0x2a,0x2a,
  0x2a,0x2a,0x2a,0x2a,0x2a,0x2a,0x2a,0x2a,0x2a,0x2a,0x2a,0x2a,0xd,0xa,0x2a,0x2a,
  0xd,0xa,0x2a,0x2a,0x20,0x43,0x6f,0x70,0x79,0x72,0x69,0x67,0x68,0x74,0x20,0x28,
  0x43,0x29,0x20,0x32,0x30,0x32,0x30,0x20,0x54,0x68,0x65,0x20,0x51,0x74,0x20,0x43,
  0x6f,0x6d,0x70,0x61,0x6e,0x79,0x20,0x4c,0x74,0x64,0x2e,0xd,0xa,0x2a,0x2a,0x20,
  0x43,0x6f,0x6e,0x74,0x61,0x63,0x74,0x3a,0x20,0x68,0x74,0x74,0x70,0x73,0x3a,0x2f,
  0x2f,0x77,0x77,0x77,0x2e,0x71,0x74,0x2e,0x69,0x6f,0x2f,0x6c,0x69,0x63,0x65,0x6e,
  0x73,0x69,0x6e,0x67,0x2f,0xd,0xa,0x2a,0x2a,0xd,0xa,0x2a,0x2a,0x20,0x54,0x68,
  0x69,0x73,0x20,0x66,0x69,0x6c,0x65,0x20,0x69,0x73,0x20,0x70,0x61,0x72,0x74,0x20,
  0x6f,0x66,0x20,0x51,0x74,0x20,0x51,0x75,0x69,0x63,0x6b,0x20,0x44,0x65,0x73,0x69,
  0x67,0x6e,0x65,0x72,0x20,0x43,0x6f,0x6d,0x70,0x6f,0x6e,0x65,0x6e,0x74,0x73,0x2e,
  0xd,0xa,0x2a,0x2a,0xd,0xa,0x2a,0x2a,0x20,0x24,0x51,0x54,0x5f,0x42,0x45,0x47,
  0x49,0x4e,0x5f,0x4c,0x49,0x43,0x45,0x4e,0x53,0x45,0x3a,0x47,0x50,0x4c,0x24,0xd,
  0xa,0x2a,0x2a,0x20,0x43,0x6f,0x6d,0x6d,0x65,0x72,0x63,0x69,0x61,0x6c,0x20,0x4c,
  0x69,0x63,0x65,0x6e,0x73,0x65,0x20,0x55,0x73,0x61,0x67,0x65,0xd,0xa,0x2a,0x2a,
  0x20,0x4c,0x69,0x63,0x65,0x6e,0x73,0x65,0x65,0x73,0x20,0x68,0x6f,0x6c,0x64,0x69,
  0x6e,0x67,0x20,0x76,0x61,0x6c,0x69,0x64,0x20,0x63,0x6f,0x6d,0x6d,0x65,0x72,0x63,
  0x69,0x61,0x6c,0x20,0x51,0x74,0x20,0x6c,0x69,0x63,0x65,0x6e,0x73,0x65,0x73,0x20,
  0x6d,0x61,0x79,0x20,0x75,0x73,0x65,0x20,0x74,0x68,0x69,0x73,0x20,0x66,0x69,0x6c,
  0x65,0x20,0x69,0x6e,0xd,0xa,0x2a,0x2a,0x20,0x61,0x63,0x63,0x6f,0x72,0x64,0x61,
  0x6e,0x63,0x65,0x20,0x77,0x69,0x74,0x68,0x20,0x74,0x68,0x65,0x20,0x63,0x6f,0x6d,
  0x6d,0x65,0x72,0x63,0x69,0x61,0x6c,0x20,0x6c,0x69,0x63,0x65,0x6e,0x73,0x65,0x20,
  0x61,0x67,0x72,0x65,0x65,0x6d,0x65,0x6e,0x74,0x20,0x70,0x72,0x6f,0x76,0x69,0x64,
  0x65,0x64,0x20,0x77,0x69,0x74,0x68,0x20,0x74,0x68,0x65,0xd,0xa,0x2a,0x2a,0x20,
  0x53,0x6f,0x66,0x74,0x77,0x61,0x72,0x65,0x20,0x6f,0x72,0x2c,0x20,0x61,0x6c,0x74,
  0x65,0x72,0x6e,0x61,0x74,0x69,0x76,0x65,0x6c,0x79,0x2c,0x20,0x69,0x6e,0x20,0x61,
  0x63,0x63,0x6f,0x72,0x64,0x61,0x6e,0x63,0x65,0x20,0x77,0x69,0x74,0x68,0x20,0x74,
  0x68,0x65,0x20,0x74,0x65,0x72,0x6d,0x73,0x20,0x63,0x6f,0x6e,0x74,0x61,0x69,0x6e,
  0x65,0x64,0x20,0x69,0x6e,0xd,0xa,0x2a,0x2a,0x20,0x61,0x20,0x77,0x72,0x69,0x74,
  0x74,0x65,0x6e,0x20,0x61,0x67,0x72,0x65,0x65,0x6d,0x65,0x6e,0x74,0x20,0x62,0x65,
  0x74,0x77,0x65,0x65,0x6e,0x20,0x79,0x6f,0x75,0x20,0x61,0x6e,0x64,0x20,0x54,0x68,
  0x65,0x20,0x51,0x74,0x20,0x43,0x6f,0x6d,0x70,0x61,0x6e,0x79,0x2e,0x20,0x46,0x6f,
  0x72,0x20,0x6c,0x69,0x63,0x65,0x6e,0x73,0x69,0x6e,0x67,0x20,0x74,0x65,0x72,0x6d,
  0x73,0xd,0xa,0x2a,0x2a,0x20,0x61,0x6e,0x64,0x20,0x63,0x6f,0x6e,0x64,0x69,0x74,
  0x69,0x6f,0x6e,0x73,0x20,0x73,0x65,0x65,0x20,0x68,0x74,0x74,0x70,0x73,0x3a,0x2f,
  0x2f,0x77,0x77,0x77,0x2e,0x71,0x74,0x2e,0x69,0x6f,0x2f,0x74,0x65,0x72,0x6d,0x73,
  0x2d,0x63,0x6f,0x6e,0x64,0x69,0x74,0x69,0x6f,0x6e,0x73,0x2e,0x20,0x46,0x6f,0x72,
  0x20,0x66,0x75,0x72,0x74,0x68,0x65,0x72,0xd,0xa,0x2a,0x2a,0x20,0x69,0x6e,0x66,
  0x6f,0x72,0x6d,0x61,0x74,0x69,0x6f,0x6e,0x20,0x75,0x73,0x65,0x20,0x74,0x68,0x65,
  0x20,0x63,0x6f,0x6e,0x74,0x61,0x63,0x74,0x20,0x66,0x6f,0x72,0x6d,0x20,0x61,0x74,
  0x20,0x68,0x74,0x74,0x70,0x73,0x3a,0x2f,0x2f,0x77,0x77,0x77,0x2e,0x71,0x74,0x2e,
  0x69,0x6f,0x2f,0x63,0x6f,0x6e,0x74,0x61,0x63,0x74,0x2d,0x75,0x73,0x2e,0xd,0xa,
  0x2a,0x2a,0xd,0xa,0x2a,0x2a,0x20,0x47,0x4e,0x55,0x20,0x47,0x65,0x6e,0x65,0x72,
  0x61,0x6c,0x20,0x50,0x75,0x62,0x6c,0x69,0x63,0x20,0x4c,0x69,0x63,0x65,0x6e,0x73,
  0x65,0x20,0x55,0x73,0x61,0x67,0x65,0xd,0xa,0x2a,0x2a,0x20,0x41,0x6c,0x74,0x65,
  0x72,0x6e,0x61,0x74,0x69,0x76,0x65,0x6c,0x79,0x2c,0x20,0x74,0x68,0x69,0x73,0x20,
  0x66,0x69,0x6c,0x65,0x20,0x6d,0x61,0x79,0x20,0x62,0x65,0x20,0x75,0x73,0x65,0x64,
  0x20,0x75,0x6e,0x64,0x65,0x72,0x20,0x74,0x68,0x65,0x20,0x74,0x65,0x72,0x6d,0x73,
  0x20,0x6f,0x66,0x20,0x74,0x68,0x65,0x20,0x47,0x4e,0x55,0xd,0xa,0x2a,0x2a,0x20,
  0x47,0x65,0x6e,0x65,0x72,0x61,0x6c,0x20,0x50,0x75,0x62,0x6c,0x69,0x63,0x20,0x4c,
  0x69,0x63,0x65,0x6e,0x73,0x65,0x20,0x76,0x65,0x72,0x73,0x69,0x6f,0x6e,0x20,0x33,
  0x20,0x6f,0x72,0x20,0x28,0x61,0x74,0x20,0x79,0x6f,0x75,0x72,0x20,0x6f,0x70,0x74,
  0x69,0x6f,0x6e,0x29,0x20,0x61,0x6e,0x79,0x20,0x6c,0x61,0x74,0x65,0x72,0x20,0x76,
  0x65,0x72,0x73,0x69,0x6f,0x6e,0xd,0xa,0x2a,0x2a,0x20,0x61,0x70,0x70,0x72,0x6f,
  0x76,0x65,0x64,0x20,0x62,0x79,0x20,0x74,0x68,0x65,0x20,0x4b,0x44,0x45,0x20,0x46,
  0x72,0x65,0x65,0x20,0x51,0x74,0x20,0x46,0x6f,0x75,0x6e,0x64,0x61,0x74,0x69,0x6f,
  0x6e,0x2e,0x20,0x54,0x68,0x65,0x20,0x6c,0x69,0x63,0x65,0x6e,0x73,0x65,0x73,0x20,
  0x61,0x72,0x65,0x20,0x61,0x73,0x20,0x70,0x75,0x62,0x6c,0x69,0x73,0x68,0x65,0x64,
  0x20,0x62,0x79,0xd,0xa,0x2a,0x2a,0x20,0x74,0x68,0x65,0x20,0x46,0x72,0x65,0x65,
  0x20,0x53,0x6f,0x66,0x74,0x77,0x61,0x72,0x65,0x20,0x46,0x6f,0x75,0x6e,0x64,0x61,
  0x74,0x69,0x6f,0x6e,0x20,0x61,0x6e,0x64,0x20,0x61,0x70,0x70,0x65,0x61,0x72,0x69,
  0x6e,0x67,0x20,0x69,0x6e,0x20,0x74,0x68,0x65,0x20,0x66,0x69,0x6c,0x65,0x20,0x4c,
  0x49,0x43,0x45,0x4e,0x53,0x45,0x2e,0x47,0x50,0x4c,0x33,0xd,0xa,0x2a,0x2a,0x20,
  0x69,0x6e,0x63,0x6c,0x75,0x64,0x65,0x64,0x20,0x69,0x6e,0x20,0x74,0x68,0x65,0x20,
  0x70,0x61,0x63,0x6b,0x61,0x67,0x69,0x6e,0x67,0x20,0x6f,0x66,0x20,0x74,0x68,0x69,
  0x73,0x20,0x66,0x69,0x6c,0x65,0x2e,0x20,0x50,0x6c,0x65,0x61,0x73,0x65,0x20,0x72,
  0x65,0x76,0x69,0x65,0x77,0x20,0x74,0x68,0x65,0x20,0x66,0x6f,0x6c,0x6c,0x6f,0x77,
  0x69,0x6e,0x67,0xd,0xa,0x2a,0x2a,0x20,0x69,0x6e,0x66,0x6f,0x72,0x6d,0x61,0x74,
  0x69,0x6f,0x6e,0x20,0x74,0x6f,0x20,0x65,0x6e,0x73,0x75,0x72,0x65,0x20,0x74,0x68,
  0x65,0x20,0x47,0x4e,0x55,0x20,0x47,0x65,0x6e,0x65,0x72,0x61,0x6c,0x20,0x50,0x75,
  0x62,0x6c,0x69,0x63,0x20,0x4c,0x69,0x63,0x65,0x6e,0x73,0x65,0x20,0x72,0x65,0x71,
  0x75,0x69,0x72,0x65,0x6d,0x65,0x6e,0x74,0x73,0x20,0x77,0x69,0x6c,0x6c,0xd,0xa,
  0x2a,0x2a,0x20,0x62,0x65,0x20,0x6d,0x65,0x74,0x3a,0x20,0x68,0x74,0x74,0x70,0x73,
  0x3a,0x2f,0x2f,0x77,0x77,0x77,0x2e,0x67,0x6e,0x75,0x2e,0x6f,0x72,0x67,0x2f,0x6c,
  0x69,0x63,0x65,0x6e,0x73,0x65,0x73,0x2f,0x67,0x70,0x6c,0x2d,0x33,0x2e,0x30,0x2e,
  0x68,0x74,0x6d,0x6c,0x2e,0xd,0xa,0x2a,0x2a,0xd,0xa,0x2a,0x2a,0x20,0x24,0x51,
  0x54,0x5f,0x45,0x4e,0x44,0x5f,0x4c,0x49,0x43,0x45,0x4e,0x53,0x45,0x24,0xd,0xa,
  0x2a,0x2a,0xd,0xa,0x2a,0x2a,0x2a,0x2a,0x2a,0x2a,0x2a,0x2a,0x2a,0x2a,0x2a,0x2a,
  0x2a,0x2a,0x2a,0x2a,0x2a,0x2a,0x2a,0x2a,0x2a,0x2a,0x2a,0x2a,0x2a,0x2a,0x2a,0x2a,
  0x2a,0x2a,0x2a,0x2a,0x2a,0x2a,0x2a,0x2a,0x2a,0x2a,0x2a,0x2a,0x2a,0x2a,0x2a,0x2a,
  0x2a,0x2a,0x2a,0x2a,0x2a,0x2a,0x2a,0x2a,0x2a,0x2a,0x2a,0x2a,0x2a,0x2a,0x2a,0x2a,
  0x2a,0x2a,0x2a,0x2a,0x2a,0x2a,0x2a,0x2a,0x2a,0x2a,0x2a,0x2a,0x2a,0x2a,0x2a,0x2a,
  0x2f,0xd,0xa,0xd,0xa,0xd,0xa,0x69,0x6d,0x70,0x6f,0x72,0x74,0x20,0x51,0x74,
  0x51,0x75,0x69,0x63,0x6b,0x20,0x32,0x2e,0x31,0x32,0xd,0xa,0x69,0x6d,0x70,0x6f,
  0x72,0x74,0x20,0x46,0x6c,0x6f,0x77,0x56,0x69,0x65,0x77,0x20,0x31,0x2e,0x30,0xd,
  0xa,0xd,0xa,0x49,0x74,0x65,0x6d,0x20,0x7b,0xd,0xa,0x20,0x20,0x20,0x20,0x69,
  0x64,0x3a,0x20,0x66,0x6c,0x6f,0x77,0x49,0x74,0x65,0x6d,0xd,0xa,0xd,0xa,0x20,
  0x20,0x20,0x20,0x77,0x69,0x64,0x74,0x68,0x3a,0x20,0x34,0x30,0x30,0xd,0xa,0x20,
  0x20,0x20,0x20,0x68,0x65,0x69,0x67,0x68,0x74,0x3a,0x20,0x34,0x30,0x30,0xd,0xa,
  0xd,0xa,0x20,0x20,0x20,0x20,0x70,0x72,0x6f,0x70,0x65,0x72,0x74,0x79,0x20,0x76,
  0x61,0x72,0x20,0x66,0x6c,0x6f,0x77,0x56,0x69,0x65,0x77,0x3a,0x20,0x49,0x74,0x65,
  0x6d,0x20,0x7b,0x7d,0xd,0xa,0xd,0xa,0x20,0x20,0x20,0x20,0x70,0x72,0x6f,0x70,
  0x65,0x72,0x74,0x79,0x20,0x73,0x74,0x72,0x69,0x6e,0x67,0x20,0x5f,0x5f,0x64,0x65,
  0x73,0x69,0x67,0x6e,0x65,0x72,0x5f,0x75,0x72,0x6c,0x5f,0x5f,0xd,0xa,0xd,0xa,
  0x20,0x20,0x20,0x20,0x70,0x72,0x6f,0x70,0x65,0x72,0x74,0x79,0x20,0x61,0x6c,0x69,
  0x61,0x73,0x20,0x6c,0x6f,0x61,0x64,0x65,0x72,0x53,0x6f,0x75,0x72,0x63,0x65,0x3a,
  0x20,0x6c,0x6f,0x61,0x64,0x65,0x72,0x2e,0x73,0x6f,0x75,0x72,0x63,0x65,0xd,0xa,
  0xd,0xa,0x20,0x20,0x20,0x20,0x70,0x72,0x6f,0x70,0x65,0x72,0x74,0x79,0x20,0x76,
  0x61,0x72,0x20,0x73,0x74,0x61,0x74,0x65,0x43,0x68,0x61,0x6e,0x67,0x65,0x54,0x61,
  0x72,0x67,0x65,0x74,0xd,0xa,0xd,0xa,0x20,0x20,0x20,0x20,0x70,0x72,0x6f,0x70,
  0x65,0x72,0x74,0x79,0x20,0x73,0x74,0x72,0x69,0x6e,0x67,0x20,0x64,0x65,0x66,0x61,
  0x75,0x6c,0x74,0x53,0x74,0x61,0x74,0x65,0xd,0xa,0xd,0xa,0x20,0x20,0x20,0x20,
  0x63,0x6c,0x69,0x70,0x3a,0x20,0x74,0x72,0x75,0x65,0xd,0xa,0xd,0xa,0x20,0x20,
  0x20,0x20,0x66,0x75,0x6e,0x63,0x74,0x69,0x6f,0x6e,0x20,0x73,0x65,0x74,0x53,0x74,
  0x61,0x74,0x65,0x28,0x73,0x74,0x61,0x74,0x65,0x29,0x20,0x7b,0xd,0xa,0xd,0xa,
  0x20,0x20,0x20,0x20,0x7d,0xd,0xa,0xd,0xa,0x20,0x20,0x20,0x20,0x6f,0x6e,0x53,
  0x74,0x61,0x74,0x65,0x43,0x68,0x61,0x6e,0x67,0x65,0x54,0x61,0x72,0x67,0x65,0x74,
  0x43,0x68,0x61,0x6e,0x67,0x65,0x64,0x3a,0x20,0x7b,0xd,0xa,0x20,0x20,0x20,0x20,
  0x20,0x20,0x20,0x20,0x6c,0x6f,0x61,0x64,0x65,0x72,0x2e,0x73,0x6f,0x75,0x72,0x63,
  0x65,0x20,0x3d,0x20,0x73,0x74,0x61,0x74,0x65,0x43,0x68,0x61,0x6e,0x67,0x65,0x54,
  0x61,0x72,0x67,0x65,0x74,0x5b,0x27,0x5f,0x5f,0x64,0x65,0x73,0x69,0x67,0x6e,0x65,
  0x72,0x5f,0x75,0x72,0x6c,0x5f,0x5f,0x27,0x5d,0xd,0xa,0x20,0x20,0x20,0x20,0x20,
  0x20,0x20,0x20,0x6c,0x6f,0x61,0x64,0x65,0x72,0x2e,0x69,0x74,0x65,0x6d,0x2e,0x73,
  0x74,0x61,0x74,0x65,0x20,0x3d,0x20,0x66,0x6c,0x6f,0x77,0x49,0x74,0x65,0x6d,0x2e,
  0x74,0x61,0x72,0x67,0x65,0x74,0x53,0x74,0x61,0x74,0x65,0xd,0xa,0x20,0x20,0x20,
  0x20,0x20,0x20,0x20,0x20,0x66,0x6c,0x6f,0x77,0x49,0x74,0x65,0x6d,0x2e,0x77,0x69,
  0x64,0x74,0x68,0x20,0x3d,0x20,0x66,0x6c,0x6f,0x77,0x49,0x74,0x65,0x6d,0x2e,0x73,
  0x74,0x61,0x74,0x65,0x43,0x68,0x61,0x6e,0x67,0x65,0x54,0x61,0x72,0x67,0x65,0x74,
  0x2e,0x77,0x69,0x64,0x74,0x68,0xd,0xa,0x20,0x20,0x20,0x20,0x20,0x20,0x20,0x20,
  0x66,0x6c,0x6f,0x77,0x49,0x74,0x65,0x6d,0x2e,0x68,0x65,0x69,0x67,0x68,0x74,0x20,
  0x3d,0x20,0x66,0x6c,0x6f,0x77,0x49,0x74,0x65,0x6d,0x2e,0x73,0x74,0x61,0x74,0x65,
  0x43,0x68,0x61,0x6e,0x67,0x65,0x54,0x61,0x72,0x67,0x65,0x74,0x2e,0x68,0x65,0x69,
  0x67,0x68,0x74,0xd,0xa,0x20,0x20,0x20,0x20,0x7d,0xd,0xa,0xd,0xa,0xd,0xa,
  0x20,0x20,0x20,0x20,0x70,0x72,0x6f,0x70,0x65,0x72,0x74,0x79,0x20,0x73,0x74,0x72,
  0x69,0x6e,0x67,0x20,0x74,0x61,0x72,0x67,0x65,0x74,0x53,0x74,0x61,0x74,0x65,0xd,
  0xa,0xd,0xa,0x20,0x20,0x20,0x20,0x6f,0x6e,0x54,0x61,0x72,0x67,0x65,0x74,0x53,
  0x74,0x61,0x74,0x65,0x43,0x68,0x61,0x6e,0x67,0x65,0x64,0x3a,0x20,0x7b,0xd,0xa,
  0x20,0x20,0x20,0x20,0x20,0x20,0x20,0x20,0x6c,0x6f,0x61,0x64,0x65,0x72,0x2e,0x61,
  0x63,0x74,0x69,0x76,0x65,0x20,0x3d,0x20,0x66,0x61,0x6c,0x73,0x65,0xd,0xa,0x20,
  0x20,0x20,0x20,0x20,0x20,0x20,0x20,0x6c,0x6f,0x61,0x64,0x65,0x72,0x2e,0x61,0x63,
  0x74,0x69,0x76,0x65,0x20,0x3d,0x20,0x74,0x72,0x75,0x65,0xd,0xa,0x20,0x20,0x20,
  0x20,0x20,0x20,0x20,0x20,0x6c,0x6f,0x61,0x64,0x65,0x72,0x2e,0x69,0x74,0x65,0x6d,
  0x2e,0x73,0x74,0x61,0x74,0x65,0x20,0x3d,0x20,0x66,0x6c,0x6f,0x77,0x49,0x74,0x65,
  0x6d,0x2e,0x74,0x61,0x72,0x67,0x65,0x74,0x53,0x74,0x61,0x74,0x65,0xd,0xa,0x20,
  0x20,0x20,0x20,0x7d,0xd,0xa,0xd,0xa,0x20,0x20,0x20,0x20,0x54,0x65,0x78,0x74,
  0x20,0x7b,0xd,0xa,0x20,0x20,0x20,0x20,0x20,0x20,0x20,0x20,0x74,0x65,0x78,0x74,
  0x3a,0x20,0x66,0x6c,0x6f,0x77,0x49,0x74,0x65,0x6d,0x2e,0x74,0x61,0x72,0x67,0x65,
  0x74,0x53,0x74,0x61,0x74,0x65,0xd,0xa,0x20,0x20,0x20,0x20,0x7d,0xd,0xa,0xd,
  0xa,0x20,0x20,0x20,0x20,0x70,0x72,0x6f,0x70,0x65,0x72,0x74,0x79,0x20,0x62,0x6f,
  0x6f,0x6c,0x20,0x61,0x63,0x74,0x69,0x76,0x65,0x3a,0x20,0x66,0x61,0x6c,0x73,0x65,
  0xd,0xa,0xd,0xa,0xd,0xa,0x20,0x20,0x20,0x20,0x66,0x75,0x6e,0x63,0x74,0x69,
  0x6f,0x6e,0x20,0x69,0x6e,0x69,0x74,0x28,0x29,0x20,0x7b,0xd,0xa,0x20,0x20,0x20,
  0x20,0x20,0x20,0x20,0x20,0x66,0x6c,0x6f,0x77,0x49,0x74,0x65,0x6d,0x2e,0x64,0x65,
  0x66,0x61,0x75,0x6c,0x74,0x53,0x74,0x61,0x74,0x65,0x20,0x3d,0x20,0x66,0x6c,0x6f,
  0x77,0x49,0x74,0x65,0x6d,0x2e,0x73,0x74,0x61,0x74,0x65,0xd,0xa,0x20,0x20,0x20,
  0x20,0x20,0x20,0x20,0x20,0x69,0x66,0x20,0x28,0x46,0x6c,0x6f,0x77,0x53,0x74,0x61,
  0x74,0x65,0x2e,0x6c,0x6f,0x61,0x64,0x69,0x6e,0x67,0x29,0xd,0xa,0x20,0x20,0x20,
  0x20,0x20,0x20,0x20,0x20,0x20,0x20,0x20,0x20,0x72,0x65,0x74,0x75,0x72,0x6e,0xd,
  0xa,0xd,0xa,0x20,0x20,0x20,0x20,0x20,0x20,0x20,0x20,0x69,0x66,0x20,0x28,0x6c,
  0x6f,0x61,0x64,0x65,0x72,0x2e,0x73,0x6f,0x75,0x72,0x63,0x65,0x20,0x3d,0x3d,0x20,
  0x22,0x22,0x29,0xd,0xa,0x20,0x20,0x20,0x20,0x20,0x20,0x20,0x20,0x20,0x20,0x20,
  0x20,0x72,0x65,0x74,0x75,0x72,0x6e,0xd,0xa,0xd,0xa,0x20,0x20,0x20,0x20,0x20,
  0x20,0x20,0x20,0x46,0x6c,0x6f,0x77,0x53,0x74,0x61,0x74,0x65,0x2e,0x6c,0x6f,0x61,
  0x64,0x69,0x6e,0x67,0x20,0x3d,0x20,0x74,0x72,0x75,0x65,0xd,0xa,0x20,0x20,0x20,
  0x20,0x20,0x20,0x20,0x20,0x66,0x6c,0x6f,0x77,0x49,0x74,0x65,0x6d,0x2e,0x61,0x63,
  0x74,0x69,0x76,0x65,0x20,0x3d,0x20,0x74,0x72,0x75,0x65,0xd,0xa,0x20,0x20,0x20,
  0x20,0x7d,0xd,0xa,0xd,0xa,0x20,0x20,0x20,0x20,0x4c,0x6f,0x61,0x64,0x65,0x72,
  0x20,0x7b,0xd,0xa,0x20,0x20,0x20,0x20,0x20,0x20,0x20,0x20,0x69,0x64,0x3a,0x20,
  0x6c,0x6f,0x61,0x64,0x65,0x72,0xd,0xa,0x20,0x20,0x20,0x20,0x20,0x20,0x20,0x20,
  0x61,0x63,0x74,0x69,0x76,0x65,0x3a,0x20,0x66,0x6c,0x6f,0x77,0x49,0x74,0x65,0x6d,
  0x2e,0x61,0x63,0x74,0x69,0x76,0x65,0xd,0xa,0x20,0x20,0x20,0x20,0x20,0x20,0x20,
  0x20,0x6f,0x6e,0x4c,0x6f,0x61,0x64,0x65,0x64,0x3a,0x20,0x7b,0xd,0xa,0x20,0x20,
  0x20,0x20,0x20,0x20,0x20,0x20,0x20,0x20,0x20,0x20,0x66,0x6c,0x6f,0x77,0x49,0x74,
  0x65,0x6d,0x2e,0x77,0x69,0x64,0x74,0x68,0x20,0x3d,0x20,0x6c,0x6f,0x61,0x64,0x65,
  0x72,0x2e,0x69,0x74,0x65,0x6d,0x2e,0x63,0x68,0x69,0x6c,0x64,0x72,0x65,0x6e,0x52,
  0x65,0x63,0x74,0x2e,0x77,0x69,0x64,0x74,0x68,0xd,0xa,0x20,0x20,0x20,0x20,0x20,
  0x20,0x20,0x20,0x20,0x20,0x20,0x20,0x66,0x6c,0x6f,0x77,0x49,0x74,0x65,0x6d,0x2e,
  0x68,0x65,0x69,0x67,0x68,0x74,0x20,0x3d,0x20,0x6c,0x6f,0x61,0x64,0x65,0x72,0x2e,
  0x69,0x74,0x65,0x6d,0x2e,0x63,0x68,0x69,0x6c,0x64,0x72,0x65,0x6e,0x52,0x65,0x63,
  0x74,0x2e,0x68,0x65,0x69,0x67,0x68,0x74,0xd,0xa,0x20,0x20,0x20,0x20,0x20,0x20,
  0x20,0x20,0x20,0x20,0x20,0x20,0x46,0x6c,0x6f,0x77,0x53,0x74,0x61,0x74,0x65,0x2e,
  0x6c,0x6f,0x61,0x64,0x69,0x6e,0x67,0x20,0x3d,0x20,0x66,0x61,0x6c,0x73,0x65,0xd,
  0xa,0x20,0x20,0x20,0x20,0x20,0x20,0x20,0x20,0x7d,0xd,0xa,0x20,0x20,0x20,0x20,
  0x7d,0xd,0xa,0x7d,0xd,0xa,
  
};

static const unsigned char qt_resource_name[] = {
  // qt-project.org
  0x0,0xe,
  0x5,0x28,0x6c,0x87,
  0x0,0x71,
  0x0,0x74,0x0,0x2d,0x0,0x70,0x0,0x72,0x0,0x6f,0x0,0x6a,0x0,0x65,0x0,0x63,0x0,0x74,0x0,0x2e,0x0,0x6f,0x0,0x72,0x0,0x67,
    // imports
  0x0,0x7,
  0x0,0x47,0x69,0x53,
  0x0,0x69,
  0x0,0x6d,0x0,0x70,0x0,0x6f,0x0,0x72,0x0,0x74,0x0,0x73,
    // FlowView
  0x0,0x8,
  0x3,0x6c,0xc6,0x67,
  0x0,0x46,
  0x0,0x6c,0x0,0x6f,0x0,0x77,0x0,0x56,0x0,0x69,0x0,0x65,0x0,0x77,
    // FlowActionArea.qml
  0x0,0x12,
  0xe,0xa9,0x40,0xfc,
  0x0,0x46,
  0x0,0x6c,0x0,0x6f,0x0,0x77,0x0,0x41,0x0,0x63,0x0,0x74,0x0,0x69,0x0,0x6f,0x0,0x6e,0x0,0x41,0x0,0x72,0x0,0x65,0x0,0x61,0x0,0x2e,0x0,0x71,0x0,0x6d,
  0x0,0x6c,
    // FlowPushRightEffect.qml
  0x0,0x17,
  0xd,0x18,0xfc,0x7c,
  0x0,0x46,
  0x0,0x6c,0x0,0x6f,0x0,0x77,0x0,0x50,0x0,0x75,0x0,0x73,0x0,0x68,0x0,0x52,0x0,0x69,0x0,0x67,0x0,0x68,0x0,0x74,0x0,0x45,0x0,0x66,0x0,0x66,0x0,0x65,
  0x0,0x63,0x0,0x74,0x0,0x2e,0x0,0x71,0x0,0x6d,0x0,0x6c,
    // SwipeInteraction.qml
  0x0,0x14,
  0x5,0xec,0x1,0x7c,
  0x0,0x53,
  0x0,0x77,0x0,0x69,0x0,0x70,0x0,0x65,0x0,0x49,0x0,0x6e,0x0,0x74,0x0,0x65,0x0,0x72,0x0,0x61,0x0,0x63,0x0,0x74,0x0,0x69,0x0,0x6f,0x0,0x6e,0x0,0x2e,
  0x0,0x71,0x0,0x6d,0x0,0x6c,
    // FlowEffect.qml
  0x0,0xe,
  0xd,0x70,0x3e,0xfc,
  0x0,0x46,
  0x0,0x6c,0x0,0x6f,0x0,0x77,0x0,0x45,0x0,0x66,0x0,0x66,0x0,0x65,0x0,0x63,0x0,0x74,0x0,0x2e,0x0,0x71,0x0,0x6d,0x0,0x6c,
    // FlowSlideUpEffect.qml
  0x0,0x15,
  0x5,0x4,0xfa,0xbc,
  0x0,0x46,
  0x0,0x6c,0x0,0x6f,0x0,0x77,0x0,0x53,0x0,0x6c,0x0,0x69,0x0,0x64,0x0,0x65,0x0,0x55,0x0,0x70,0x0,0x45,0x0,0x66,0x0,0x66,0x0,0x65,0x0,0x63,0x0,0x74,
  0x0,0x2e,0x0,0x71,0x0,0x6d,0x0,0x6c,
    // FlowWildcard.qml
  0x0,0x10,
  0x1,0x34,0x50,0xbc,
  0x0,0x46,
  0x0,0x6c,0x0,0x6f,0x0,0x77,0x0,0x57,0x0,0x69,0x0,0x6c,0x0,0x64,0x0,0x63,0x0,0x61,0x0,0x72,0x0,0x64,0x0,0x2e,0x0,0x71,0x0,0x6d,0x0,0x6c,
    // +DesignMode
  0x0,0xb,
  0xf,0xbc,0x9c,0x85,
  0x0,0x2b,
  0x0,0x44,0x0,0x65,0x0,0x73,0x0,0x69,0x0,0x67,0x0,0x6e,0x0,0x4d,0x0,0x6f,0x0,0x64,0x0,0x65,
    // FlowTransitionList.qml
  0x0,0x16,
  0x3,0x38,0x1f,0xbc,
  0x0,0x46,
  0x0,0x6c,0x0,0x6f,0x0,0x77,0x0,0x54,0x0,0x72,0x0,0x61,0x0,0x6e,0x0,0x73,0x0,0x69,0x0,0x74,0x0,0x69,0x0,0x6f,0x0,0x6e,0x0,0x4c,0x0,0x69,0x0,0x73,
  0x0,0x74,0x0,0x2e,0x0,0x71,0x0,0x6d,0x0,0x6c,
    // FlowPushUpEffect.qml
  0x0,0x14,
  0xd,0x9f,0xfd,0x5c,
  0x0,0x46,
  0x0,0x6c,0x0,0x6f,0x0,0x77,0x0,0x50,0x0,0x75,0x0,0x73,0x0,0x68,0x0,0x55,0x0,0x70,0x0,0x45,0x0,0x66,0x0,0x66,0x0,0x65,0x0,0x63,0x0,0x74,0x0,0x2e,
  0x0,0x71,0x0,0x6d,0x0,0x6c,
    // FlowSlideLeftEffect.qml
  0x0,0x17,
  0x6,0xc1,0x33,0x5c,
  0x0,0x46,
  0x0,0x6c,0x0,0x6f,0x0,0x77,0x0,0x53,0x0,0x6c,0x0,0x69,0x0,0x64,0x0,0x65,0x0,0x4c,0x0,0x65,0x0,0x66,0x0,0x74,0x0,0x45,0x0,0x66,0x0,0x66,0x0,0x65,
  0x0,0x63,0x0,0x74,0x0,0x2e,0x0,0x71,0x0,0x6d,0x0,0x6c,
    // FlowView.qml
  0x0,0xc,
  0x6,0x70,0x91,0xbc,
  0x0,0x46,
  0x0,0x6c,0x0,0x6f,0x0,0x77,0x0,0x56,0x0,0x69,0x0,0x65,0x0,0x77,0x0,0x2e,0x0,0x71,0x0,0x6d,0x0,0x6c,
    // FlowSlideDownEffect.qml
  0x0,0x17,
  0xc,0x35,0x41,0x3c,
  0x0,0x46,
  0x0,0x6c,0x0,0x6f,0x0,0x77,0x0,0x53,0x0,0x6c,0x0,0x69,0x0,0x64,0x0,0x65,0x0,0x44,0x0,0x6f,0x0,0x77,0x0,0x6e,0x0,0x45,0x0,0x66,0x0,0x66,0x0,0x65,
  0x0,0x63,0x0,0x74,0x0,0x2e,0x0,0x71,0x0,0x6d,0x0,0x6c,
    // FlowFadeEffect.qml
  0x0,0x12,
  0x7,0xb9,0x82,0x9c,
  0x0,0x46,
  0x0,0x6c,0x0,0x6f,0x0,0x77,0x0,0x46,0x0,0x61,0x0,0x64,0x0,0x65,0x0,0x45,0x0,0x66,0x0,0x66,0x0,0x65,0x0,0x63,0x0,0x74,0x0,0x2e,0x0,0x71,0x0,0x6d,
  0x0,0x6c,
    // FlowPushLeftEffect.qml
  0x0,0x16,
  0xd,0xc2,0xc2,0x7c,
  0x0,0x46,
  0x0,0x6c,0x0,0x6f,0x0,0x77,0x0,0x50,0x0,0x75,0x0,0x73,0x0,0x68,0x0,0x4c,0x0,0x65,0x0,0x66,0x0,0x74,0x0,0x45,0x0,0x66,0x0,0x66,0x0,0x65,0x0,0x63,
  0x0,0x74,0x0,0x2e,0x0,0x71,0x0,0x6d,0x0,0x6c,
    // FlowItem.qml
  0x0,0xc,
  0x3,0x1a,0x90,0x3c,
  0x0,0x46,
  0x0,0x6c,0x0,0x6f,0x0,0x77,0x0,0x49,0x0,0x74,0x0,0x65,0x0,0x6d,0x0,0x2e,0x0,0x71,0x0,0x6d,0x0,0x6c,
    // DefaultFlowEffect.qml
  0x0,0x15,
  0xf,0x42,0x9b,0x1c,
  0x0,0x44,
  0x0,0x65,0x0,0x66,0x0,0x61,0x0,0x75,0x0,0x6c,0x0,0x74,0x0,0x46,0x0,0x6c,0x0,0x6f,0x0,0x77,0x0,0x45,0x0,0x66,0x0,0x66,0x0,0x65,0x0,0x63,0x0,0x74,
  0x0,0x2e,0x0,0x71,0x0,0x6d,0x0,0x6c,
    // FlowState.qml
  0x0,0xd,
  0x2,0xcd,0xc4,0x5c,
  0x0,0x46,
  0x0,0x6c,0x0,0x6f,0x0,0x77,0x0,0x53,0x0,0x74,0x0,0x61,0x0,0x74,0x0,0x65,0x0,0x2e,0x0,0x71,0x0,0x6d,0x0,0x6c,
    // FlowMoveEffect.qml
  0x0,0x12,
  0x5,0x79,0xa0,0x9c,
  0x0,0x46,
  0x0,0x6c,0x0,0x6f,0x0,0x77,0x0,0x4d,0x0,0x6f,0x0,0x76,0x0,0x65,0x0,0x45,0x0,0x66,0x0,0x66,0x0,0x65,0x0,0x63,0x0,0x74,0x0,0x2e,0x0,0x71,0x0,0x6d,
  0x0,0x6c,
    // qmldir
  0x0,0x6,
  0x7,0x84,0x2b,0x2,
  0x0,0x71,
  0x0,0x6d,0x0,0x6c,0x0,0x64,0x0,0x69,0x0,0x72,
    // FlowPushEffect.qml
  0x0,0x12,
  0x1,0xd3,0xa0,0x7c,
  0x0,0x46,
  0x0,0x6c,0x0,0x6f,0x0,0x77,0x0,0x50,0x0,0x75,0x0,0x73,0x0,0x68,0x0,0x45,0x0,0x66,0x0,0x66,0x0,0x65,0x0,0x63,0x0,0x74,0x0,0x2e,0x0,0x71,0x0,0x6d,
  0x0,0x6c,
    // FlowTransition.qml
  0x0,0x12,
  0xf,0xa7,0xa7,0xbc,
  0x0,0x46,
  0x0,0x6c,0x0,0x6f,0x0,0x77,0x0,0x54,0x0,0x72,0x0,0x61,0x0,0x6e,0x0,0x73,0x0,0x69,0x0,0x74,0x0,0x69,0x0,0x6f,0x0,0x6e,0x0,0x2e,0x0,0x71,0x0,0x6d,
  0x0,0x6c,
    // FlowSlideRightEffect.qml
  0x0,0x18,
  0xd,0x27,0xeb,0x1c,
  0x0,0x46,
  0x0,0x6c,0x0,0x6f,0x0,0x77,0x0,0x53,0x0,0x6c,0x0,0x69,0x0,0x64,0x0,0x65,0x0,0x52,0x0,0x69,0x0,0x67,0x0,0x68,0x0,0x74,0x0,0x45,0x0,0x66,0x0,0x66,
  0x0,0x65,0x0,0x63,0x0,0x74,0x0,0x2e,0x0,0x71,0x0,0x6d,0x0,0x6c,
    // FlowDecision.qml
  0x0,0x10,
  0xb,0x25,0xdc,0xbc,
  0x0,0x46,
  0x0,0x6c,0x0,0x6f,0x0,0x77,0x0,0x44,0x0,0x65,0x0,0x63,0x0,0x69,0x0,0x73,0x0,0x69,0x0,0x6f,0x0,0x6e,0x0,0x2e,0x0,0x71,0x0,0x6d,0x0,0x6c,
  
};

static const unsigned char qt_resource_struct[] = {
  // :
  0x0,0x0,0x0,0x0,0x0,0x2,0x0,0x0,0x0,0x1,0x0,0x0,0x0,0x1,
0x0,0x0,0x0,0x0,0x0,0x0,0x0,0x0,
  // :/qt-project.org
  0x0,0x0,0x0,0x0,0x0,0x2,0x0,0x0,0x0,0x1,0x0,0x0,0x0,0x2,
0x0,0x0,0x0,0x0,0x0,0x0,0x0,0x0,
  // :/qt-project.org/imports
  0x0,0x0,0x0,0x22,0x0,0x2,0x0,0x0,0x0,0x1,0x0,0x0,0x0,0x3,
0x0,0x0,0x0,0x0,0x0,0x0,0x0,0x0,
  // :/qt-project.org/imports/FlowView
  0x0,0x0,0x0,0x36,0x0,0x2,0x0,0x0,0x0,0x17,0x0,0x0,0x0,0x4,
0x0,0x0,0x0,0x0,0x0,0x0,0x0,0x0,
  // :/qt-project.org/imports/FlowView/FlowWildcard.qml
  0x0,0x0,0x1,0x2a,0x0,0x0,0x0,0x0,0x0,0x1,0x0,0x0,0x35,0xef,
0x0,0x0,0x1,0x96,0xe0,0x41,0x3d,0xb2,
  // :/qt-project.org/imports/FlowView/FlowPushEffect.qml
  0x0,0x0,0x3,0x58,0x0,0x4,0x0,0x0,0x0,0x1,0x0,0x0,0x96,0x12,
0x0,0x0,0x1,0x96,0xe0,0x41,0x3d,0xa7,
  // :/qt-project.org/imports/FlowView/FlowState.qml
  0x0,0x0,0x2,0xfc,0x0,0x0,0x0,0x0,0x0,0x1,0x0,0x0,0x83,0x49,
0x0,0x0,0x1,0x96,0xe0,0x41,0x3d,0xb0,
  // :/qt-project.org/imports/FlowView/FlowItem.qml
  0x0,0x0,0x2,0xae,0x0,0x0,0x0,0x0,0x0,0x1,0x0,0x0,0x6f,0x6f,
0x0,0x0,0x1,0x96,0xe0,0x41,0x3d,0xa7,
  // :/qt-project.org/imports/FlowView/FlowTransitionList.qml
  0x0,0x0,0x1,0x6c,0x0,0x4,0x0,0x0,0x0,0x1,0x0,0x0,0x40,0xc,
0x0,0x0,0x1,0x96,0xe0,0x41,0x3d,0xb2,
  // :/qt-project.org/imports/FlowView/FlowSlideUpEffect.qml
  0x0,0x0,0x0,0xfa,0x0,0x0,0x0,0x0,0x0,0x1,0x0,0x0,0x2d,0xf3,
0x0,0x0,0x1,0x96,0xe0,0x41,0x3d,0xb0,
  // :/qt-project.org/imports/FlowView/FlowMoveEffect.qml
  0x0,0x0,0x3,0x1c,0x0,0x0,0x0,0x0,0x0,0x1,0x0,0x0,0x89,0xd,
0x0,0x0,0x1,0x96,0xe0,0x41,0x3d,0xa7,
  // :/qt-project.org/imports/FlowView/SwipeInteraction.qml
  0x0,0x0,0x0,0xaa,0x0,0x0,0x0,0x0,0x0,0x1,0x0,0x0,0xa,0xbb,
0x0,0x0,0x1,0x96,0xe0,0x41,0x3d,0xb2,
  // :/qt-project.org/imports/FlowView/FlowView.qml
  0x0,0x0,0x2,0x0,0x0,0x4,0x0,0x0,0x0,0x1,0x0,0x0,0x4f,0xff,
0x0,0x0,0x1,0x96,0xe0,0x41,0x3d,0xb2,
  // :/qt-project.org/imports/FlowView/FlowSlideLeftEffect.qml
  0x0,0x0,0x1,0xcc,0x0,0x0,0x0,0x0,0x0,0x1,0x0,0x0,0x48,0x3,
0x0,0x0,0x1,0x96,0xe0,0x41,0x3d,0xad,
  // :/qt-project.org/imports/FlowView/qmldir
  0x0,0x0,0x3,0x46,0x0,0x4,0x0,0x0,0x0,0x1,0x0,0x0,0x94,0xbf,
0x0,0x0,0x1,0x96,0xe0,0x41,0x3d,0xbc,
  // :/qt-project.org/imports/FlowView/FlowFadeEffect.qml
  0x0,0x0,0x2,0x52,0x0,0x0,0x0,0x0,0x0,0x1,0x0,0x0,0x62,0x85,
0x0,0x0,0x1,0x96,0xe0,0x41,0x3d,0xa7,
  // :/qt-project.org/imports/FlowView/FlowDecision.qml
  0x0,0x0,0x3,0xe2,0x0,0x0,0x0,0x0,0x0,0x1,0x0,0x0,0xb4,0xa1,
0x0,0x0,0x1,0x96,0xe0,0x41,0x3d,0xa7,
  // :/qt-project.org/imports/FlowView/FlowSlideDownEffect.qml
  0x0,0x0,0x2,0x1e,0x0,0x0,0x0,0x0,0x0,0x1,0x0,0x0,0x58,0x73,
0x0,0x0,0x1,0x96,0xe0,0x41,0x3d,0xad,
  // :/qt-project.org/imports/FlowView/FlowPushRightEffect.qml
  0x0,0x0,0x0,0x76,0x0,0x4,0x0,0x0,0x0,0x1,0x0,0x0,0x7,0xc,
0x0,0x0,0x1,0x96,0xe0,0x41,0x3d,0xa7,
  // :/qt-project.org/imports/FlowView/FlowSlideRightEffect.qml
  0x0,0x0,0x3,0xac,0x0,0x0,0x0,0x0,0x0,0x1,0x0,0x0,0xac,0xa7,
0x0,0x0,0x1,0x96,0xe0,0x41,0x3d,0xaf,
  // :/qt-project.org/imports/FlowView/FlowEffect.qml
  0x0,0x0,0x0,0xd8,0x0,0x0,0x0,0x0,0x0,0x1,0x0,0x0,0x1b,0xbf,
0x0,0x0,0x1,0x96,0xe0,0x41,0x3d,0xa7,
  // :/qt-project.org/imports/FlowView/FlowPushUpEffect.qml
  0x0,0x0,0x1,0x9e,0x0,0x4,0x0,0x0,0x0,0x1,0x0,0x0,0x44,0x10,
0x0,0x0,0x1,0x96,0xe0,0x41,0x3d,0xad,
  // :/qt-project.org/imports/FlowView/FlowPushLeftEffect.qml
  0x0,0x0,0x2,0x7c,0x0,0x4,0x0,0x0,0x0,0x1,0x0,0x0,0x6b,0xc5,
0x0,0x0,0x1,0x96,0xe0,0x41,0x3d,0xa7,
  // :/qt-project.org/imports/FlowView/FlowActionArea.qml
  0x0,0x0,0x0,0x4c,0x0,0x4,0x0,0x0,0x0,0x1,0x0,0x0,0x0,0x0,
0x0,0x0,0x1,0x96,0xe0,0x41,0x3d,0xa7,
  // :/qt-project.org/imports/FlowView/DefaultFlowEffect.qml
  0x0,0x0,0x2,0xcc,0x0,0x0,0x0,0x0,0x0,0x1,0x0,0x0,0x7d,0x53,
0x0,0x0,0x1,0x96,0xe0,0x41,0x3d,0xa2,
  // :/qt-project.org/imports/FlowView/FlowTransition.qml
  0x0,0x0,0x3,0x82,0x0,0x0,0x0,0x0,0x0,0x1,0x0,0x0,0x9a,0x81,
0x0,0x0,0x1,0x96,0xe0,0x41,0x3d,0xb0,
  // :/qt-project.org/imports/FlowView/+DesignMode
  0x0,0x0,0x1,0x50,0x0,0x2,0x0,0x0,0x0,0x2,0x0,0x0,0x0,0x1b,
0x0,0x0,0x0,0x0,0x0,0x0,0x0,0x0,
  // :/qt-project.org/imports/FlowView/+DesignMode/FlowItem.qml
  0x0,0x0,0x2,0xae,0x0,0x0,0x0,0x0,0x0,0x1,0x0,0x0,0xcd,0x36,
0x0,0x0,0x1,0x96,0xe0,0x41,0x3d,0xa2,
  // :/qt-project.org/imports/FlowView/+DesignMode/FlowView.qml
  0x0,0x0,0x2,0x0,0x0,0x4,0x0,0x0,0x0,0x1,0x0,0x0,0xc5,0x33,
0x0,0x0,0x1,0x96,0xe0,0x41,0x3d,0xa2,

};

#ifdef QT_NAMESPACE
#  define QT_RCC_PREPEND_NAMESPACE(name) ::QT_NAMESPACE::name
#  define QT_RCC_MANGLE_NAMESPACE0(x) x
#  define QT_RCC_MANGLE_NAMESPACE1(a, b) a##_##b
#  define QT_RCC_MANGLE_NAMESPACE2(a, b) QT_RCC_MANGLE_NAMESPACE1(a,b)
#  define QT_RCC_MANGLE_NAMESPACE(name) QT_RCC_MANGLE_NAMESPACE2( \
        QT_RCC_MANGLE_NAMESPACE0(name), QT_RCC_MANGLE_NAMESPACE0(QT_NAMESPACE))
#else
#   define QT_RCC_PREPEND_NAMESPACE(name) name
#   define QT_RCC_MANGLE_NAMESPACE(name) name
#endif

#if defined(QT_INLINE_NAMESPACE)
inline namespace QT_NAMESPACE {
#elif defined(QT_NAMESPACE)
namespace QT_NAMESPACE {
#endif

bool qRegisterResourceData(int, const unsigned char *, const unsigned char *, const unsigned char *);
bool qUnregisterResourceData(int, const unsigned char *, const unsigned char *, const unsigned char *);

#if defined(__ELF__) || defined(__APPLE__)
static inline unsigned char qResourceFeatureZstd()
{
    extern const unsigned char qt_resourceFeatureZstd;
    return qt_resourceFeatureZstd;
}
#else
unsigned char qResourceFeatureZstd();
#endif

#ifdef QT_NAMESPACE
}
#endif

int QT_RCC_MANGLE_NAMESPACE(qInitResources_FlowView_raw_qml_0)();
int QT_RCC_MANGLE_NAMESPACE(qInitResources_FlowView_raw_qml_0)()
{
    int version = 3;
    QT_RCC_PREPEND_NAMESPACE(qRegisterResourceData)
        (version, qt_resource_struct, qt_resource_name, qt_resource_data);
    return 1;
}

int QT_RCC_MANGLE_NAMESPACE(qCleanupResources_FlowView_raw_qml_0)();
int QT_RCC_MANGLE_NAMESPACE(qCleanupResources_FlowView_raw_qml_0)()
{
    int version = 3;
    version += QT_RCC_PREPEND_NAMESPACE(qResourceFeatureZstd());
    QT_RCC_PREPEND_NAMESPACE(qUnregisterResourceData)
       (version, qt_resource_struct, qt_resource_name, qt_resource_data);
    return 1;
}

#ifdef __clang__
#   pragma clang diagnostic push
#   pragma clang diagnostic ignored "-Wexit-time-destructors"
#endif

namespace {
   struct initializer {
       initializer() { QT_RCC_MANGLE_NAMESPACE(qInitResources_FlowView_raw_qml_0)(); }
       ~initializer() { QT_RCC_MANGLE_NAMESPACE(qCleanupResources_FlowView_raw_qml_0)(); }
   } dummy;
}

#ifdef __clang__
#   pragma clang diagnostic pop
#endif
